Unnamed: 0,class,user,userLink,tweet,date,cleaned_tweet,aspect,sentiment
0,insects,Russell French,https://twitter.com/frenchrw,Know your sorghum aphids!  Different thresholds insecticides depending on what aphid present.,2015-07-30T22:25:37.000Z,know sorghum aphid   different threshold insecticide depend aphid present,pest,neutral
1,insects,Farmer Tom,https://twitter.com/Farmer_Tom_UK,We LOVE #spiders  Do you? We only use insecticides if the alternative is crop loss but we’d much rather work with these lovely  who catch aphids OB midge & keep everything in balance in our fields. Thanks ! #farmlife #wheat #bread #farm #nature #wildlife #arachnid,2019-04-29T09:34:43.000Z,love spider   use insecticide alternative crop loss much rather work lovely   catch aphid ob midge   keep everything balance field thank   farmlife wheat bread farm nature wildlife arachnid,"usage,effectiveness,pest","positive,positive,positive"
2,insects,Katelyn Landeis,https://twitter.com/NDSUAgKatelyn,Soybean aphid resistance to pyrethroid insecticides is a reality in eastern ND as well as MN IA and SD. A new Multi-State Extension Pub- Management of Insecticide-resistant Soybean Aphids contains key points in managing resistance: https://ag.ndsu.edu/publications/crops/management-of-insecticide-resistant-soybean-aphids/e1878.pdf…,2018-03-19T21:31:07.000Z,soybean aphid resistance pyrethroid insecticide reality eastern nd well mn ia sd new multistate extension pub management insecticideresistant soybean aphid contain key point manage resistance,pest,positive
3,insects,MidCoast IPM,https://twitter.com/Midcoastipm,Untreated vs. Treated. Sivanto and Transform insecticides are controlling sugarcane aphids in South Texas. Scout and treat as necessary to prevent harvest problems from honeydew.,2018-07-10T17:06:50.000Z,untreated vs treat sivanto transform insecticide control sugarcane aphid south texas scout treat necessary prevent harvest problem honeydew,pest,neutral
4,insects,Dr Ian Bedford,https://twitter.com/DrIanBedford,Aphids will soon be seen on garden plants and so will the bugs that feed on them. Unfortunately most chemical insecticides used on aphids will also kill the beneficial garden bugsA fine fast flow spray of water will remove aphids without harming the beneficial bugs,2021-02-14T08:42:33.000Z,aphid soon see garden plant bug feed unfortunately chemical insecticide use aphid also kill beneficial garden bugsa fine fast flow spray water remove aphid without harm beneficial bug,"pest,toxicity,usage","neutral,negative,positive"
5,insects,David Jones,https://twitter.com/Kenya_Agron,Sorghum has certainly impressed in a very dry season and no insecticides required for aphids or Fall Armyworm.,2023-09-05T13:26:11.000Z,sorghum certainly impress dry season insecticide require aphid fall armyworm,pest,positive
6,insects,District Agriculture Officer Narayanpet,https://twitter.com/MJSudhakar8,Syrphid maggot is the voracious feeder of Aphids in Cotton. Spraying of Insecticides will destroy the natural enemies. Stem application is the best alternative to spraying. This year Agriculture Department Narayanpet district has created awareness through demonstrations.,2019-07-25T16:31:22.000Z,syrphid maggot voracious feeder aphid cotton spray insecticide destroy natural enemy stem application good alternative spray year agriculture department narayanpet district create awareness demonstration,"pest,usage","negative,positive"
7,insects,David Jones,https://twitter.com/Kenya_Agron,Spotted the other day when collecting #FallArmyworm - a Syrphid Fly Larvae which is a farmers friend. These eat aphids reducing the need for insecticides. So worth identifying them correctly!,2021-01-26T18:19:26.000Z,spot day collecting fallarmyworm   syrphid fly larvae farmer friend eat aphid reduce need insecticide worth identify correctly,pest,positive
9,insects,Lesley Lancaster,https://twitter.com/Lancaster_LT,@BethLilyMoore discussing #aphids #insecticides and #climatechange. @UoABioSci @fiona_bugsnbees #sbsresearchday,2017-12-18T15:00:14.000Z,bethlilymoore discuss aphid insecticide climatechange uoabiosci fiona_bugsnbee sbsresearchday,pest,neutral
10,insects,Marieke Patton,https://twitter.com/MariekePatton,One of THE best soybean staging charts around! Credit goes to Horst Bohner and @cropdoc2 A great tool when you are staging your soybeans for fungicides and/or insecticides#WhiteMould #Aphids #ItsGrowTime #Ontag,2021-06-30T12:19:09.000Z,one good soybean stage chart around credit go horst bohner cropdoc2 great tool stage soybean fungicide andor insecticideswhitemould aphids itsgrowtime ontag,overall,positive
12,insects,Ed Sikora,https://twitter.com/alabamaED,Symptoms of Cucumber mosaic virus (CMV) on pepper. Plants are stunted with distorted growth & off-color leaves. CMV is spread by aphids. Weed control & reflective mulches may reduce disease but Insecticides are not effective in disease control#Virus #Plantdisease,2023-06-07T04:25:10.000Z,symptom cucumber mosaic virus cmv pepper plant stunt distorted growth   offcolor leave cmv spread aphids weed control   reflective mulch may reduce disease insecticide effective disease controlvirus plantdisease,control methods,negative
13,insects,TheRoadknight,https://twitter.com/RoadknightThe,WAR UPDATEDay 20 and we seem to be winning after five different insecticides and a few home remedies.I sense some insurgent aphids are plotting further incursions.First rose picked for the season: Black Caviar.,2022-10-11T00:46:13.000Z,war updateday 20 seem win five different insecticide home remediesi sense insurgent aphid plot incursionsfirst rise pick season black caviar,control methods,positive
14,insects,Emma Hamer,https://twitter.com/emmahamer2,One ladybird can eat 5000 aphids during its lifetime which can eradicate the need for insecticides Just listening to a #cropitlikeitshot  @BASISRegLtd podcast featuring @AHDB_Arabletech and  Ben Harrington of @EdaphosAgronomy. Well worth a listen #IPM,2020-12-29T16:43:46.000Z,one ladybird eat 5000 aphid lifetime eradicate need insecticide listen cropitlikeitshot   basisregltd podcast feature ahdb_arabletech   ben harrington edaphosagronomy well worth listen ipm,pest,positive
15,insects,David Lord,https://twitter.com/essexwindyfarm,Shocker. BYDV took 50% wheat yield on this small block after potatoes sown 12th Oct.Hallmark sprayed early Nov aphids migrated in AFTER this! Area on right shows a repeat treatment 6th December to run the sprayer out…No insecticides vs changing climate = a challenge,2023-07-31T10:01:59.000Z,shocker bydv take 50 wheat yield small block potato sow 12th octhallmark spray early nov aphid migrate area right show repeat treatment 6th december run sprayer outno insecticides vs change climate   challenge,"usage,pest","negative,negative"
16,insects,Brendan Guinan,https://twitter.com/BrendanGuinan,Covers going onto the crops this morning they protect againts cabbage root fly aphids so it takes away the need to spray insecticides,2017-04-22T09:30:29.000Z,cover go onto crop morning protect againt cabbage root fly aphid take away need spray insecticide,control methods,positive
17,insects,Thomas Peters,https://twitter.com/BeetWeedControl,Policy decisions involving agriculture must be well discussed before implementation. Aphids vector Beet Western Yellows. Ban on neonic insecticides that control aphids are attributed to yield losses in France and other European countries.,2020-08-26T13:46:34.000Z,policy decision involve agriculture must well discuss implementation aphid vector beet western yellow ban neonic insecticide control aphid attribute yield loss france european country,pest,negative
18,insects,Farmers Of The UK,https://twitter.com/FarmersOfTheUK,We’re hopefully giving a better environment for beneficial insects such as spiders and ladybirds to control aphids in our crops.  We stopped spraying insecticides 6 years ago and rely on these natural predators.,2021-11-23T13:42:42.000Z,hopefully give well environment beneficial insect spider ladybird control aphid crop   stop spray insecticide 6 year ago rely natural predator,control methods,positive
19,insects,Jake Gehrls,https://twitter.com/GehrlsJake,I have never seen so many northern corn rootworm beetles. Also the amount of aphids in west central Minnesota is getting high. Keep an eye out and make sure your insecticides are controlling the aphids. 2017 wasn’t fun when we had to respray everything a week later.,2022-08-25T21:54:51.000Z,I never see many northern corn rootworm beetle also amount aphid west central minnesota get high keep eye make sure insecticide control aphid 2017 fun respray everything week later,pest,negative
20,insects,Mike Neaverson,https://twitter.com/MikeNeaverson,@michaelgove I’m spraying the second broad spectrum insecticide Hallmark on some of my wheat to control aphids that spread the potentially devastating Yellow Dwarf Virus. Most of my wheat is treated with #neonic seed dressing and needs no other insecticides all year. Progress?,2017-11-09T09:53:21.000Z,michaelgove I spray second broad spectrum insecticide hallmark wheat control aphid spread potentially devastating yellow dwarf virus wheat treat neonic seed dress need insecticide year progress,"usage,pest","neutral,negative"
21,insects,DPIRD Broadacre - WA Grains & Livestock,https://twitter.com/DPIRDbroadacre,Spraying green peach aphids only advised if crop can’t outgrow damage as aphids resistant to common insecticides http://ow.ly/OpRmy,2015-06-22T04:10:19.000Z,spray green peach aphids advise crop outgrow damage aphid resistant common insecticide,"usage,toxicity,pest","neutral,negative,negative"
22,insects,BASF Agricultural Solutions,https://twitter.com/BASFAgro,Have you heard? Versys & Sefina powered by #Inscalis targeting aphids psyllids & whiteflies are the first of several new #insecticides for BASF. These fit well with other insecticides as a rotational partner reducing resistance issues. @growingproduce,2019-02-21T15:19:57.000Z,hear versys   sefina power inscalis target aphids psyllids   whitefly first several new insecticide basf fit well insecticide rotational partner reduce resistance issue growingproduce,pest,positive
23,insects,Horton Seed Services,https://twitter.com/hortonseed,Aphids now at threshold. If beneficial insect pops are low time to spray. #aphids #insecticides,2016-04-28T18:57:22.000Z,aphid threshold beneficial insect pop low time spray aphid insecticide,"pest,usage","negative,neutral"
24,insects,Dan Foster,https://twitter.com/Dan_Foster_,@AMcRaeStevanus from @BASFCanada talking to the @PRIDESEEDS dealers about new insecticides. Specifically soybean aphids and new Options for control.,2018-09-18T14:45:31.000Z,amcraestevanus basfcanada talk prideseed dealer new insecticide specifically soybean aphid new option control,control methods,neutral
25,insects,darwin danielle,https://twitter.com/darwindanielle,Garden Q&A: Ways to control aphids without resorting to insecticides: Whats the best way to control aphids in m... http://bit.ly/Nv75AT,2012-07-07T06:58:11.000Z,garden qa way control aphid without resort insecticide good way control aphid,pest,neutral
26,insects,Chris Angelo,https://twitter.com/ChangeloAngelo,Winter is the ideal time to feed medicate and aerate while your landscape sleeps. Your plants will be ready for healthy new growth in the spring! Ensure vibrant growth and colors with deep-root fertilizers for your plants and eliminate aphids by applying insecticides.,2023-01-12T19:01:19.000Z,winter ideal time feed medicate aerate landscape sleep plant ready healthy new growth spring ensure vibrant growth color deeproot fertilizer plant eliminate aphid apply insecticide,"safety,pest","positive,positive"
27,insects,Journal of Applied Ecology,https://twitter.com/JAppliedEcology,Sown flower strips are effective in suppressing potato aphids & may help reduce insecticides http://ow.ly/ZKbVL,2016-03-22T17:40:34.000Z,sown flower strip effective suppress potato aphids   may help reduce insecticide,effectiveness,positive
28,insects,Julian Marshall,https://twitter.com/MarshallJulian,Env impact dropping for corn cotton (GMOs: less pesticides) increasing for soybean (more insecticides for aphids). http://iopscience.iop.org/article/10.1088/1748-9326/10/9/094016…,2015-10-05T20:51:18.000Z,env impact drop corn cotton gmos less pesticide increase soybean insecticide aphid,pest,neutral
29,insects,BASF Agricultural Solutions Australia,https://twitter.com/BASF_Agro_Au,Have you tried #Versys Insecticidess 5-star control on Aphids and suppression on Silverleaf Whiteflies? Versys offers: - New Chemistry- Low Impact- Less Virus Risk-Affects All Stages of Aphids- Short WHPsFind out more here:https://crop-solutions.basf.com.au/products/versys,2019-01-31T03:26:46.000Z,try versys insecticidess 5star control aphid suppression silverleaf whitefly versys offer   new chemistry low impact less virus riskaffect stage aphid short whpsfind,control methods,positive
30,insects,Nichino India,https://twitter.com/NichinoIndia,Tychi - The Geniune All-rounder.A perfect solution for sucking pest in chilli Tychi has double power of insecticides and fungicides. It effectively controls aphids thrips and diseases like powdery mildew and anthracnose.#NichinoIndia #Tychi #Insecticides #Pesticides #Aphids,2023-02-01T11:56:09.000Z,tychi   geniune allroundera perfect solution suck pest chilli tychi double power insecticide fungicide effectively control aphids thrip disease like powdery mildew anthracnosenichinoindia tychi insecticide pesticide aphids,pest,positive
31,insects,AFEntomology,https://twitter.com/AFEntomology,Sensitivity of cereal aphids to pyrethroid insecticides not influenced by common facultative endosymbionts: @danielleybourne @ZooBiodiv https://resjournals.onlinelibrary.wiley.com/doi/10.1111/afe.12539… @AvHStiftung #pest #management,2022-10-12T12:00:01.000Z,sensitivity cereal aphid pyrethroid insecticide influence common facultative endosymbiont danielleybourne zoobiodiv   avhstiftung pest management,pest,neutral
32,insects,Entomological Society of America,https://twitter.com/EntsocAmerica,Sulfoxaflor Found to Be Less Harmful to Beneficial Predators of Soybean Aphids than Broad-Spectrum Insecticides: https://entomologytoday.org/2016/08/17/sulfoxaflor-found-to-be-less-harmful-to-beneficial-predators-of-soybean-aphids/…,2016-08-17T13:21:23.000Z,sulfoxaflor find less harmful beneficial predator soybean aphid broadspectrum insecticide,"toxicity,pest","positive,negative"
33,insects,FMC Ag US,https://twitter.com/FMCAgUS,The only way to prevent #potato virus Y and zebra chip disease? Frequently scout fields for psyllids and aphids and employ insecticides before populations get established. Want to see more of #TheMinute? Watch the series now by tapping on our #linkinbio!,2019-05-29T14:30:00.000Z,way prevent potato virus zebra chip disease frequently scout field psyllid aphid employ insecticide population get establish want see theminute watch series tap linkinbio,control methods,neutral
34,insects,Owen Taylor,https://twitter.com/midwestgrain,Minnesota: Soybean Aphids - 2 New Insecticides Available https://rlm.ag/1moUPE,2019-07-19T20:57:15.000Z,minnesota soybean aphids   2 new insecticide available,overall,neutral
35,insects,Charlotte Westwood,https://twitter.com/CharlottePGWS,Turnip mosaic virus in leafy turnip summer crop. Spread from plant to plant by aphids. Hard to control... by time plants are affected aphids often have moved on so insecticides not always useful & cause grazing withholding period issues,2018-01-25T20:50:26.000Z,turnip mosaic virus leafy turnip summer crop spread plant plant aphid hard control time plant affect aphid often move insecticide always useful   cause graze withholding period issue,pest,negative
36,insects,Syngenta Ornamentals Kenya,https://twitter.com/SyngentaOCKE,Just 7 days. Thats how long an #aphid takes to go from birth to adulthood and to reproducing. Population growth is  explosive .Syngenta #insecticides to treat #aphids here https://syngentaornamentals.co.ke/aphids,2020-06-11T03:46:17.000Z,7 day long aphid take go birth adulthood reproduce population growth   explosive syngenta insecticide treat aphid,pest,neutral
37,insects,Henan Vision Agricultural Science & Technology Co,https://twitter.com/HenanVision,Why Aphids Are Difficult to Treat? You Have To Know Following Ways to Kill Aphids.#Biologicalpesticides#insecticides#Aphids,2021-03-04T09:17:34.000Z,aphid difficult treat know follow way kill aphidsbiologicalpesticidesinsecticidesaphid,pest,neutral
38,insects,Department of Plant Sciences,https://twitter.com/plantsci,New model out in @PLOSCompBiol by our @nikcunniffe  shows how #insecticides can promote the spread of certain plant viruses  By killing resident #aphids transient aphids face less competition  shaping plant disease dynamics  #planthealthRead paper http://bit.ly/3G7fmvl,2022-01-10T08:50:02.000Z,new model ploscompbiol nikcunniffe   show insecticide promote spread certain plant virus   kill resident aphids transient aphid face less competition   shape plant disease dynamic   planthealthread paper,pest,negative
39,insects,Alexander J. Stein,https://twitter.com/AJStein_de,Aphids cause huge losses to #soybean farmers worth billions of dollars. New resistance genes help develop more resistant varieties. Currently #insecticides are used to control #aphids. Using resistant varieties is an alternative to insecticides: https://agronomy.org/news/media-inquiries/releases/2018/0829/1025/… #breeding,2018-08-30T18:52:49.000Z,aphid cause huge loss soybean farmer worth billion dollar new resistance gene help develop resistant variety currently insecticide use control aphid use resistant variety alternative insecticide   breed,"pest,usage","negative,positive"
40,insects,Steven Newman,https://twitter.com/newman_se,Greenhouse labelled insecticides #aphids #fungusgnats http://slideshare.net/kpanter/greenhouse-labelled-insecticides… via @SlideShare,2015-01-07T15:33:57.000Z,greenhouse label insecticide aphids fungusgnat   via slideshare,overall,neutral
41,insects,Dibo Willis-Ambetsa,https://twitter.com/dibowillis,Ladybirds are threatened with extinction due to #climatechange & pesticides among other things.  But they are an essential part of the ecosystem and help farmers deal with aphids. Better than toxic insecticides!Its sad that their numbers are dwindling by the day.,2023-03-27T14:24:03.000Z,ladybird threaten extinction due climatechange   pesticide among thing   essential part ecosystem help farmer deal aphid well toxic insecticidesit sad number dwindle day,"pest,toxicity","negative,negative"
42,insects,Insect Molecular Biology,https://twitter.com/InsectMolecBio,Chemosensory proteins participate in insecticide susceptibility in Rhopalosiphum padi a serious pest on wheat crops #Hemiptera #aphids #cropprotection #insecticides #entomology https://onlinelibrary.wiley.com/doi/10.1111/imb.12683…,2020-12-17T07:25:02.000Z,chemosensory protein participate insecticide susceptibility rhopalosiphum padi serious pest wheat crop hemiptera aphids cropprotection insecticides entomology,pest,neutral
43,insects,Molecular Entomology/Toprak Lab,https://twitter.com/molenlab,Molen received a new industrial-based  2 year funding worth to 4.5 million liras on the development of dsRNA-based insecticides against aphids in collaboration with Dr. Steve Whyard of University of Manitoba Canada! http://molenlab.com/new-funding-to-molen-on-rnai/… @necdetunuvar @Hasan_H_ATAR @alisinag,2022-03-19T15:09:05.000Z,molen receive new industrialbase 2 year funding worth 45 million lira development dsrnabase insecticide aphid collaboration dr steve whyard university manitoba canada   necdetunuvar hasan_h_atar alisinag,pest,neutral
44,insects,Grazyna Jasienska,https://twitter.com/GJasienska,My gardens best friends hard at work helping with infestation of aphids. I dont use any insecticides so Im rooting for ladybugs.,2020-05-24T11:00:56.000Z,garden good friend hard work help infestation aphid I use insecticide I root ladybug,control methods,positive
45,insects,Georgie Bray,https://twitter.com/georgiewildbray,#NatureFriendlyFarmingWeek in action at #RSPBHopeFarmNo insecticides organic matter to feed the crops and soil biology @OakbankGame companion crop and trap crop to protect against CSFBFull of beneficial insects in action on aphids and tonnes of birds! @FarmWildlifeUK,2022-05-20T13:56:22.000Z,naturefriendlyfarmingweek action rspbhopefarmno insecticide organic matter feed crop soil biology oakbankgame companion crop trap crop protect csfbfull beneficial insect action aphid tonne bird farmwildlifeuk,"safety,pest","positive,negative"
46,insects,LSU AgCenter,https://twitter.com/LSUAgCenter,Monarch caterpillars feed only on milkweed plants (Asclepias).  Please do not treat the aphids on the plant with insecticides as this could become an issue for the caterpillars. @MargaretOrr,2022-05-07T13:35:03.000Z,monarch caterpillar feed milkwee plant asclepia   please treat aphid plant insecticide could become issue caterpillar margaretorr,pest,neutral
47,insects,Simon Leather,https://twitter.com/EntoProf,Field - can we control aphids without insecticides? The failed alarm pheromone treatment - worked in lab but not in the field - I hypothesised habituation as reason  #ento18,2018-08-30T13:42:54.000Z,field   control aphid without insecticide fail alarm pheromone treatment   work lab field   I hypothesise habituation reason   ento18,control methods,neutral
48,insects,Matthew Wilde,https://twitter.com/wildeagwriter,Cotton Ahids pick up CLRDV from weeds like pigweed and transfer it to cotton when feeding on it. But early research shows trying to control the aphids with insecticides dont stop the virus spread.,2020-01-09T15:33:18.000Z,cotton ahid pick clrdv weed like pigweed transfer cotton feed early research show try control aphid insecticide stop virus spread,pest,negative
49,insects,OrganicFarm Research,https://twitter.com/OFRF,Flowers and beneficial insects eliminate aphids without systemic insecticides. http://fb.me/1vHyQlzH5,2015-01-22T04:41:19.000Z,flower beneficial insect eliminate aphid without systemic insecticide,control methods,positive
50,insects,Peter Johnson,https://twitter.com/WheatPete,Aphids at threshold #wheat Kent Bridge. Good eyes Bryan Stennett. Armyworm at low levels. AW insecticides control aphids #ontag,2012-05-22T20:17:47.000Z,aphid threshold wheat kent bridge good eye bryan stennett armyworm low level aw insecticides control aphids ontag,pest,positive
51,insects,John Kempf,https://twitter.com/realJohnKempf,Preventing/treating aphids with nutritional foliars/seed treatment is as effective as insecticides and inexpensive. I am happy to get on a video conference and describe our successful approach if a group of farmers and agronomists are committed to giving it a shot.,2021-01-13T13:20:00.000Z,preventingtreate aphid nutritional foliarsseed treatment effective insecticide inexpensive I happy get video conference describe successful approach group farmer agronomist commit give shot,"pest,effectiveness","negative,positive"
52,insects,potatoes.news,https://twitter.com/potatosystem1,GardenPests: The Battle Against Aphids – Aphis spp#GardenPests #Aphids #AphisSpp #PlantDamage #BeneficialInsects #Insecticides #ControlMethods Aphids scientifically known as Aphis spp. are tiny garden pests that can cause significant damage to plants...https://vegetables.news/gardenpests-the-battle-against-aphids-aphis-spp/agrotechnology/…,2023-04-17T06:14:35.000Z,gardenpest battle aphid   aphis sppgardenpests aphids aphisspp plantdamage beneficialinsect insecticides controlmethods aphids scientifically know aphis spp tiny garden pest cause significant damage plant,"pest,toxicity","negative,negative"
53,insects,Genetic Literacy Project,https://twitter.com/GeneticLiteracy,Sugar beet crops in France have been ravaged by aphids. Farmers need neonicotinoid insecticides. https://geneticliteracyproject.org/?p=2331192 @FarmersWeekly,2020-08-11T20:20:00.000Z,sugar beet crop france ravage aphids farmer need neonicotinoid insecticide   farmersweekly,overall,negative
54,insects,quippd Science News,https://twitter.com/quippdScience,Fewer aphids in organic crop fields: Farmers who spray insecticides against aphids as a preventative measure onl... http://bit.ly/o3Fahe,2011-07-13T14:23:26.000Z,aphid organic crop field farmer spray insecticide aphid preventative measure onl,"pest,safety,usage","positive,positive,negative"
55,insects,EurekaMag,https://twitter.com/EurekaMag,Effect of Conventional and Neonicotinoid Insecticides Against Aphids on Canola Brassica napus L. at Multan and Dera Ghazi Khan http://dlvr.it/SJnKLC,2022-02-11T09:04:04.000Z,effect conventional neonicotinoid insecticide aphid canola brassica napus l multan dera ghazi khan,"effectiveness,pest","neutral,negative"
56,insects,BioSciences Postgraduate Society,https://twitter.com/biops_unimelb,Well be hearing from @ashritha_dorai about microbial communities within aphids and their interactions with insecticides at #BioSymp23 this Friday. Come along to learn about the function of microbial symbiosis and control strategies for pesticide resistant plants!,2023-05-30T01:43:38.000Z,well hear ashritha_dorai microbial community within aphid interaction insecticide biosymp23 friday come along learn function microbial symbiosis control strategy pesticide resistant plant,pest,neutral
57,insects,Diabetes Foundation of Mississippi,https://twitter.com/MSDiabetes,Another reason to try organic gardening techniques such as spraying soapy water on aphids- insecticides may... http://fb.me/66MMspEft,2017-01-24T11:24:03.000Z,another reason try organic gardening technique spray soapy water aphid insecticide may,"safety,usage,pest","positive,positive,negative"
58,insects,Earth Watch,https://twitter.com/Earth__Watch,@physorg_com: Fewer aphids in organic crop fields. Farmers who spray insecticides against aphids as a preventative ... http://bit.ly/oQTpSe,2011-07-13T13:57:02.000Z,physorg_com aphid organic crop field farmer spray insecticide aphid preventative  ,"pest,safety,usage","positive,positive,negative"
59,insects,Science News,https://twitter.com/topsciencenews,#Red_Orbit Fewer Aphids In Organic Crop Fields: Farmers who spray insecticides against aphids as a preventative ... http://bit.ly/qyCp2q,2011-07-13T20:20:21.000Z,red_orbit aphid organic crop field farmer spray insecticide aphid preventative  ,"pest,safety,usage","positive,positive,negative"
60,insects,NatlCottonCouncil,https://twitter.com/NCottonCouncil,Aphid Management in CottonResearch on cotton aphid management shows while no insecticide can eliminate aphids effective insecticides can reduce plant stress associated with aphid feeding.More from @farmpress http://ow.ly/bfCp30rv6s8,2021-02-02T01:30:04.000Z,aphid management cottonresearch cotton aphid management show insecticide eliminate aphid effective insecticide reduce plant stress associate aphid feedingmore farmpress,"pest,effectiveness","negative,neutral"
61,insects,Riari Agri Hub,https://twitter.com/RiariAgriHub,To control aphids do proper land hygiene by removing all volunteer crops or weeds which harbour aphids also use effective insecticides when you spot aphids when scouting your farm.,2023-08-15T05:38:42.000Z,control aphid proper land hygiene remove volunteer crop weed harbour aphid also use effective insecticide spot aphid scout farm,control methods,neutral
62,insects,ATTRA,https://twitter.com/ATTRASustainAg,Question of the WeekHow can I control aphids?Using insecticides will harm the good insects along with the bad so spraying all season is seldom beneficial or economical. Read more about it here: https://attra.ncat.org/how-can-i-control-aphids/…,2020-06-27T13:02:28.000Z,question weekhow I control aphidsuse insecticide harm good insect along bad spray season seldom beneficial economical read,usage,negative
63,insects,Plant Health Aust,https://twitter.com/planthealthaust,Trials run by @cesaraustralia on green peach aphids has found the #canola industry must seek alternatives to insecticides for control of green peach aphids and the damaging virus it spreads. Read more: http://bit.ly/3ZctKMB. #biosecurity #planthealth,2023-03-16T22:00:53.000Z,trial run cesaraustralia green peach aphids find canola industry must seek alternative insecticide control green peach aphids damaging virus spread read   biosecurity planthealth,pest,neutral
64,insects,Wes,https://twitter.com/kipkurgatwesley,Those are aphids.Controlled by use of insecticides -Cypermetrin-lambda-cyhalothrin.You can also consider showering the crops by use of sprinklers to wash them down.,2023-12-05T12:43:24.000Z,aphidscontrolle use insecticide cypermetrinlambdacyhalothrinyou also consider shower crop use sprinkler wash,usage,positive
65,insects,Agri Farming,https://twitter.com/AgrifarmingIn,7 Best Insecticides for Aphids on Plants: Sprays Natural Chemical Organic and Systemic Insecticides,2023-12-05T12:43:24.000Z,7 good insecticide aphid plant spray natural chemical organic systemic insecticide,"pest,usage,toxicity,safety","positive,positive,positive,positive"
67,insects,Lorraine Lanning,https://twitter.com/Common_SenseCO,The best pesticides are birds & amphibians saw it work in my own backyard. Tried everything to get rid of aphids nothing worked. Put a suet feeder in tree attracted all the insecticides no more aphids. But mono-ag destroys habitat for birds & amphibians.,2019-12-10T16:30:27.000Z,good pesticide bird   amphibian see work backyard try everything get rid aphid nothing work put suet feeder tree attract insecticide aphid monoag destroy habitat bird   amphibian,control methods,negative
68,insects,Kevin Jones,https://twitter.com/KevinEtonWick,Hot summer and not a single aphid on my runner beans.  1976 had plagues of ladybirds feeding on plagues of aphids. Agricultural insecticides have become very effect .,2018-08-22T15:16:14.000Z,hot summer single aphid runner bean   1976 plague ladybird feed plague aphids agricultural insecticide become effect,"pest,effectiveness","negative,positive"
69,insects,EurekAlert!,https://twitter.com/EurekAlert,Bluegreen aphids threaten global #Crops as they become resistant to insecticides Australian researchers warn. @SCIupdate,2024-01-17T20:50:00.000Z,bluegreen aphid threaten global crop become resistant insecticide australian researcher warn sciupdate,pest,negative
70,insects,Lysistrata M Taylor,https://twitter.com/dollyllamaX10,Ladybugs eat aphids. Insecticides kill the helpful bugs too.,2022-11-06T13:44:54.000Z,ladybug eat aphid insecticide kill helpful bug,control methods,negative
71,insects,Farms.com Ontario,https://twitter.com/OntAg,RT @wheatpete: Aphids at threshold #wheat Kent Bridge. Good eyes Bryan Stennett. Armyworm at low levels. AW insecticides control aphids...,2012-05-22T20:46:10.000Z,rt wheatpete aphid threshold wheat kent bridge good eye bryan stennett armyworm low level aw insecticides control aphids,pest,neutral
72,insects,Phil Chandler,https://twitter.com/BarefootBee,@RoyalHortSoc Why are you promoting bee-killing insecticides against aphids when they are food for ladybirds? @RoyEntSoc @BeeStrawbridge,2013-11-15T08:19:20.000Z,royalhortsoc promote beekille insecticide aphid food ladybird royentsoc beestrawbridge,pest,negative
73,insects,RossHarrington,https://twitter.com/RossWHarrington,Could they not use biological control such as lacewing and ladybird larvae?  Not sure how well they would work but they love eating aphids.These insecticides will be killing all of them too and the worldwide  insect population crash is horrifying.,2021-01-10T14:50:04.000Z,could use biological control lacewe ladybird larvae   sure well would work love eat aphidsthese insecticide kill worldwide   insect population crash horrify,control methods,negative
74,insects,Mike Neaverson,https://twitter.com/MikeNeaverson,Instead we are left with a number of foliar applied broad-spectrum insecticides to control the aphids mostly on emergency approvals. None of them are very effective.,2020-11-12T21:08:39.000Z,instead leave number foliar apply broadspectrum insecticide control aphid mostly emergency approval none effective,"pest,effectiveness","negative,negative"
76,insects,Katherine C. James,https://twitter.com/Kcecelia,@andevers Seriously?!? That is terrible. I had an organic gardner for my house in Palo Alto in 1997. He dealt with aphids w/o insecticides.,2011-07-23T16:05:31.000Z,andever seriously terrible I organic gardner house palo alto 1997 deal aphid insecticide,"safety,pest","positive,negative"
77,insects,Benica_Wa_Molimi,https://twitter.com/BenicaTheFarmer,Looks like Aphids to me. Spray Methomex/Aphox/Metamediphos or other registered Insecticides that control Aphids. Your leaves looks purple be on the lookout for Phosphorus or Magnesium deficiency. Please stick to Spraying program this indicates poor Spraying my Farmer,2021-06-28T11:33:26.000Z,look like aphid I spray methomexaphoxmetamediphos register insecticide control aphid leave look purple lookout phosphorus magnesium deficiency please stick spray program indicate poor spray farmer,"pest,usage","negative,positive,positive"
78,insects,Andrew Smith,https://twitter.com/LauraHillsLamb,The roos are for land management and crop management. Headshot.  Sheep cattle goats. All electro stunned or CBG. Mice. Most use zinc phosphate on grain. Mite aphids grubs. Insecticides. Rabbits hares. Shot. Snails/slugs. In the next district. Baits.,2024-02-13T09:23:48.000Z,roo land management crop management headshot   sheep cattle goat electro stun cbg mouse use zinc phosphate grain mite aphid grub insecticide rabbit hare shoot snailsslug next district bait,"usage,pest","neutral,neutral"
79,insects,Shamanator,https://twitter.com/Shamanator,Exactly right! I have no problem allowing praying mantises to crawl on my arm. I like how you can see THEM look right at you as if they are *at least* your equal. Also have used them in greenhouses/gardens against aphids (I hate spraying insecticides!!!!),2020-11-30T19:31:07.000Z,exactly right I problem allow pray mantis crawl arm I like see look right least equal also use greenhousesgarden aphid I hate spray insecticide,control methods,negative
81,insects,Cory Kress,https://twitter.com/dustfrmer,Or aphids or grasshoppers or flea Beatles or cut worms or…….fungicides I will agree with you half the time but insecticides no way,2024-02-17T02:55:13.000Z,aphid grasshopper flea beatle cut worm orfungicide I agree half time insecticide way,pest,negative
82,insects,Jake Freestone,https://twitter.com/No1FarmerJake,natural predators taking care of the aphids means no insecticides for these crops,2018-05-30T09:05:19.000Z,natural predator take care aphid mean insecticide crop,control methods,positive
83,insects,Scientific Farmer,https://twitter.com/scifaama,Control aphids byusing imidacloprid based insecticides Control of ants in your garden since these protect aphids from natural enemies. Carry out proper prunning.You can also flush aphids using soapy water#StandWithUkraine,2022-12-09T15:46:19.000Z,control aphids byusing imidacloprid base insecticide control ant garden since protect aphid natural enemy carry proper prunningyou also flush aphid use soapy waterstandwithukraine,"pest,usage","negative,positive"
84,insects,Cory Kress,https://twitter.com/dustfrmer,Or aphids or grasshoppers or flea Beatles or cut worms or…….fungicides I will agree with you half the time but insecticides no way,2024-02-17T02:55:13.000Z,aphid grasshopper flea beatle cut worm orfungicide I agree half time insecticide way,pest,negative
85,insects,Jody Green,https://twitter.com/JodyBugsMeUNL,Bagworms are emerging as tiny caterpillars in eastern NE. Keep an eye on your evergreens & be prepared to treat with low impact insecticides like bacillus thuringiensis kurstaki while #bagworms are young. They disperse with wind & build tiny bags for camouflage & protection,2020-06-03T15:33:37.000Z,bagworm emerge tiny caterpillar eastern ne keep eye evergreen   prepared treat low impact insecticide like bacillus thuringiensis kurstaki bagworm young disperse wind   build tiny bag camouflage   protection,pest,positive
86,insects,Mike Dzurenko,https://twitter.com/MikeDzurenko,@BayerLawn @BayerGolf new insecticide Tetrino for White Grub Turf Caterpillars Billbugs and other turf insecticides! Season long control. #Tetrino,2021-07-09T18:52:04.000Z,bayerlawn bayergolf new insecticide tetrino white grub turf caterpillar billbug turf insecticide season long control tetrino,pest,positive
87,insects,Mississauga Master Gardeners,https://twitter.com/MississaugaMgs,How to help monarch butterflies (without poisoning them)Milkweed plants that are treated with insecticides called neonicitinoids can kill caterpillars. The insecticides are systemic — meaning they affect every part of the plant.Be aware ask questions. http://j.mp/2BSeNGT,2016-06-14T14:09:48.000Z,help monarch butterfly without poison themmilkweed plant treat insecticide call neonicitinoid kill caterpillar insecticide systemic   mean affect every part plantbe aware ask question,"toxicity,pest","negative,negative"
88,insects,Michelle Garforth-Venter,https://twitter.com/EcoJourno,Herbs are natures insecticides- Basil keeps caterpillars & flies away from your tomatoes,2016-06-14T14:09:48.000Z,herb nature insecticides basil keep caterpillar   fly away tomato,control methods,positive
89,insects,IowaStateUNews,https://twitter.com/IowaStateUNews,Conservation efforts to protect #monarchbutterfly populations depend on planting milkweed on agricultural land but that can put caterpillars in close proximity to insecticides. A new study sheds light on how insecticides affect monarchs.https://news.iastate.edu/news/2020/04/09/monarchinsecticide…,2020-04-09T14:26:43.000Z,conservation effort protect monarchbutterfly population depend planting milkweed agricultural land put caterpillar close proximity insecticide new study shed light insecticide affect monarchs,pest,negative
90,insects,4Women & kids,https://twitter.com/And4women,Excited to see a butterfly! How rare they have become.No I don’t used insecticides or destroy caterpillars.,2021-02-06T22:48:25.000Z,excited see butterfly rare becomeno I use insecticide destroy caterpillar,"usage,pest","positive,positive"
91,insects,‍ ‍ ‍ ‍ ‍ ‍ ‍ ‍ ‍ ‍ ‍ ‍ ‍ ‍ ‍ * ‍ ‍ ‍ ‍ ‍ ‍,https://twitter.com/NICHIRlN,⁣　　⁣　　——  he  can  spray  a  thin  sheen  of  insecticides  to  𝒅𝒆𝒔𝒕𝒓𝒐𝒚  the  caterpillars  .⁣　　⁣,2022-03-13T22:17:22.000Z,       spray     thin   sheen     insecticide         caterpillar  ,"usage,pest","negative,negative"
92,insects,Robert L G Brereton,https://twitter.com/gardentheme,Master Gardener - Organic options can control caterpillars: Three organic insecticides effective for caterpillar.. http://tinyurl.com/n7296x,2009-09-17T17:02:24.000Z,master gardener   organic option control caterpillar three organic insecticide effective caterpillar,control methods,positive
93,insects,Elaine Mansfield,https://twitter.com/ElaineMansfiel7,Putting #Monarch #Butterflies on the #Endangered Species list helps us save them by limiting use of #insecticides and #herbicides like #Roundup that kill #milkweed the Monarch caterpillars only food source. Please grow milkweed and wildflowers in your garden.,2022-07-22T16:03:59.000Z,put monarch butterfly endangered species list help save limit use insecticide herbicide like roundup kill milkwee monarch caterpillar food source please grow milkwee wildflower garden,"usage,pest","negative,positive"
94,insects,CannabisMonster,https://twitter.com/CannabisMonstr,The best remedy against this type of caterpillars larvae or worms are insecticides with Bacillus thuringiensis such as Probeltes Belthirul which has a high concentration of these Bacillus of the kurstaki variety the best against caterpillars and larvae. #cannabisgrow,2020-09-16T10:01:22.000Z,good remedy type caterpillar larvae worm insecticide bacillus thuringiensis probelte belthirul high concentration bacillus kurstaki variety good caterpillar larvae cannabisgrow,pest,positive
95,insects,Nova Agri Sciences,https://twitter.com/NovaAgriScience,Safe claim Is a NOVA Agrisciences insecticides effectively controls all the caterpillars mostly of lepidoptera family by its contact and stomach action.Visit - http://novaagrisciences.com/products/safeclaim.php…#agriculture #AgriTalk #agricultural #farming #farmlife #Farmers #agricultura,2019-06-21T03:04:15.000Z,safe claim nova agriscience insecticide effectively control caterpillar mostly lepidoptera family contact stomach actionvisit    agritalk agricultural farming farmlife farmer agricultura,"safety,pest","positive,negative"
96,insects,Ron Haase,https://twitter.com/Ron_Elo_Haase,Some farmers in #MatoGrosso #Brazil are spraying insecticides in #soybeans.  Rhea are looking 4 caterpillars.,2015-12-23T15:41:59.000Z,farmer matogrosso brazil spray insecticide soybean   rhea look 4 caterpillar,"usage,pest","neutral,neutral"
97,insects,James Hall,https://twitter.com/hallaboutafrica,Kenyas pinworm infestation destroying tomato crops is being fought with insecticides but this proving toxic to humans. For 1st time in Africa wasps are being used to kill pinworm caterpillars by laying eggs inside them which hatch and devour their hosts https://theeastafrican.co.ke/tea/science-health/scientists-use-swarms-of-wasps-to-fight-pinworm-3020138…,2020-11-18T15:29:11.000Z,kenyas pinworm infestation destroy tomato crop fight insecticide prove toxic human 1st time africa wasp use kill pinworm caterpillar lay egg inside hatch devour host,"toxicity,usage,pest","negative,negative,negative"
99,insects,Zambia Agribusiness Society,https://twitter.com/zasfarming,Growing Cabbage in Zambia: Part 3You can control cabbage moth caterpillars and butterflies with organic insecticides. Black leg fungus can cause the stem of the cabbage to turn black at the level of the soil. https://zaszambia.wordpress.com/2021/02/19/growing-cabbage-in-zambia-part-3/…,2021-02-19T04:00:58.000Z,grow cabbage zambia part 3you control cabbage moth caterpillar butterfly organic insecticide black leg fungus cause stem cabbage turn black level soil,control methods,positive
100,insects,Sharpes Agronomist,https://twitter.com/SharpeAgronomy,Another season of Tent caterpillars. Wonder how many non GMO/organic loving people are bombing their yard with insecticides?!!,2017-06-02T14:01:46.000Z,another season tent caterpillar wonder many non gmoorganic love people bomb yard insecticide,pest,negative
101,insects,Lock Haven University Biological Sciences,https://twitter.com/LHU_Biology,Haley presented her summer research investigating the effects of pyrethroid insecticides on monarch caterpillars. Abby presented her ongoing research with fungus related to the white nose syndrome in bats. Wonderful job! We are very proud of you!,2020-03-04T18:07:51.000Z,haley present summer research investigate effect pyrethroid insecticide monarch caterpillar abby present ongoing research fungus relate white nose syndrome bat wonderful job proud,"effectiveness,pest","neutral,neutral"
102,insects,GMO Free USA,https://twitter.com/GMOFreeUSA,USDA researchers showed that clothianidin can have effects on monarch caterpillars at doses as low as 1 ppb. It was banned in the EU along with 3 other neonic class insecticides but the U.S. EPA chose to allow expanded use.https://independentsciencenews.org/news/new-research-links-neonicotinoid-pesticides-to-monarch-butterfly-declines/…,2020-03-11T19:05:29.000Z,usda researcher show clothianidin effect monarch caterpillar dose low 1 ppb ban eu along 3 neonic class insecticide us epa choose allow expand use,"effectiveness,pest,usage","negative,negative,negative"
103,insects,"Reynolds Pest Management, Inc.",https://twitter.com/ReynoldsPest,Brazil cotton growers lost millions of dollars because of caterpillars and the fact that the insecticides were... http://fb.me/39vm2Zb2a,2014-07-31T17:45:45.000Z,brazil cotton grower lose million dollar caterpillar fact insecticide,pest,negative
104,insects,Jennifer,https://twitter.com/JenniferMalora,This weeks new cycle is anxiety inducing but this is what I’m doing to ease mine a bit. These are monarch caterpillars. Their numbers are down at an alarming 53%. You can help by planting milkweed & not using insecticides. #savethemonarchbutterfly,2020-07-07T22:30:57.000Z,week new cycle anxiety induce I ease mine bit monarch caterpillar number alarming 53 help planting milkweed   use insecticide savethemonarchbutterfly,control methods,positive
105,insects,Venni Gardens,https://twitter.com/VenniGardens,Do you have a list I can share with my @CEMohawkCollege class for best trees shrubs perennials helpful to local birds? Big on telling students that spring means grubs caterpillars larvae for fledglings foid so no spraying insecticides please!,2019-04-28T15:23:09.000Z,list I share cemohawkcollege class good tree shrub perennial helpful local bird big tell student spring mean grub caterpillar larvae fledgling foid spray insecticide please,control methods,positive
106,insects,Seema Dubey,https://twitter.com/seemadubey,Not 2mention Environment safety fm insecticides! @EconomicTimes: #Beetles #caterpillars #wasps food of the future #UN http://ow.ly/l0gbc,2013-05-15T09:13:42.000Z,2mention environment safety fm insecticide economictime beetles caterpillar wasp food future un,"safety,pest","positive,neutral"
107,insects,Native Woodland Trust,https://twitter.com/NativeWoodTrust,Growing trees in our nurseries without using insecticides was always going to lead to this- in this case Elms being ravaged by caterpillars. We just pick them off and put them in a wild corner,2021-09-19T14:53:43.000Z,grow tree nursery without use insecticide always go lead case elm ravage caterpillar pick put wild corner,"usage,pest","negative,positive"
108,insects,Lepidoptera Ecology Papers,https://twitter.com/Lep_Eco_papers,Molecular Oscillator Affects Susceptibility of Caterpillars to Insecticides: Studies on the Egyptian Cotton Leaf Worm-Spodoptera littoralis (Lepidoptera: Noctuidae) http://dlvr.it/SR9nCK,2022-05-27T17:22:04.000Z,molecular oscillator affect susceptibility caterpillar insecticide study egyptian cotton leaf wormspodoptera littoralis lepidoptera noctuidae,pest,neutral
109,insects,Henk Tennekes,https://twitter.com/tennekes_tox,The eastern monarch butterfly population plunges below the extinction threshold. Monarch caterpillars only eat milkweed which has  been devastated by glyphosate and monarch caterpillars are also threathened by neonicotinoid insecticides. https://farmlandbirds.net/en/node/6311,2020-03-24T11:49:46.000Z,eastern monarch butterfly population plunge extinction threshold monarch caterpillar eat milkweed   devastate glyphosate monarch caterpillar also threathene neonicotinoid insecticide,pest,negative
110,insects,Wabash Feed,https://twitter.com/WabashFeed,Are you finding holes in the leaves of your fall vegetables? The most common culprits are caterpillars. Organic insecticides that control caterpillars include Bacillus thuringiensism (BT) a bacterium that only kills... https://facebook.com/wabashfeed/posts/10156807840259308…,2018-11-08T00:25:16.000Z,find hole leave fall vegetable common culprit caterpillar organic insecticide control caterpillar include bacillus thuringiensism bt bacterium kill,control methods,positive
111,insects,Crop Doctor/Agronomy Consultant,https://twitter.com/CropDoc_Onias,6/8 In terms of insecticides - you need Carbaryl 85 - to control Caterpillars & you need Malathion 25 to control Leaf hoppers you need about 1kg of each. Prices are $14/Kg & $4/500grams respectively @agribusiness110 @Fifi_dvc @mmawere @SandraNabasirye @terrymap1 @PhiriDivah,2021-02-08T14:24:07.000Z,68 term insecticide   need carbaryl 85   control caterpillar   need malathion 25 control leaf hopper need 1 kg price 14 kg   4500grams respectively agribusiness110 fifi_dvc mmawere sandranabasirye terrymap1 phiridivah,pest,neutral
112,insects,Tony Read,https://twitter.com/neckshot,Just stood in veg patch watching ladybirds and hoverflies eating blackflies and caterpillars. Who needs insecticides?,2009-09-12T16:28:29.000Z,stand veg patch watch ladybird hoverflie eat blackfly caterpillar need insecticide,control methods,positive
113,insects,Alabama IPM/Sustainable AG Updates,https://twitter.com/AlabamaIPM,Portal miticide is now registered in AL for peanut production. Control caterpillars with carefully selected insecticides to prevent mite flare up! http://aces.edu/ipmCommunicator is useful way to stay informed.,2020-07-01T14:26:08.000Z,portal miticide register al peanut production control caterpillar carefully select insecticide prevent mite flare   useful way stay informed,pest,neutral
114,insects,David Holt,https://twitter.com/HoltDaved,GARDENING TIPSHow to get rid of song birds such as robins blackbirds also hedgehogs from your Gardens Kill slugs bugs caterpillars snails that they need to feed on also you can use poisons like insecticides weed killers and slug pellets will also get rid of the Song Birds,2022-04-22T09:33:54.000Z,gardening tipshow get rid song bird robin blackbird also hedgehog garden kill slug bug caterpillar snail need feed also use poison like insecticide weed killer slug pellet also get rid song bird,control methods,positive
115,insects,Xenex Associates,https://twitter.com/Char_Xenex,Brazilian state of emergency declared as insecticides demand skyrockets to combat caterpillars on farms http://tiny.cc/cd9i7w,2013-12-03T20:23:14.000Z,brazilian state emergency declare insecticide demand skyrocket combat caterpillar farm,pest,neutral
116,insects,Avie Fukai,https://twitter.com/AvieDev,I’m sorry I sprayed insecticides on two caterpillars today Now it’s your turn.,2022-06-24T10:24:26.000Z,I sorry I spray insecticide two caterpillar today turn,"usage,pest","negative,negative"
117,insects,RI in Hetalia -by MP,https://twitter.com/SiaaIndonesiaa,Nothing.. Just a few insecticides to kill furry caterpillars in my place. =w= RT @eesti_bot: @SiaaIndonesiaa Do you need anything?,2011-04-14T14:51:42.000Z,nothing insecticide kill furry caterpillar place w rt eesti_bot siaaindonesiaa need anything,pest,neutral
118,insects,Chesapeake Bay Program,https://twitter.com/chesbayprogram,Save the very hungry caterpillars: Common insecticides killing monarch butterfly larvae says study http://on.nrdc.org/1PUGKOt via @onEarthMag,2015-04-17T12:55:38.000Z,save hungry caterpillar common insecticide kill monarch butterfly larvae say study   via onearthmag,pest,negative
119,insects,Tubatsi Moloi,https://twitter.com/tubatsia,Just spent the last 45 minutes picking box moth caterpillars from my buxus hedge! Not how Id planned to use my time. Any proven insecticides?,2020-08-17T13:12:47.000Z,spend last 45 minute pick box moth caterpillar buxus hedge I plan use time prove insecticide,"pest,usage","negative,neutral"
120,insects,Paul the Alien,https://twitter.com/PaulTheAlien,Humans you kill all the caterpillars with insecticides and then complain there are no butterflies in your gardens.,,human kill caterpillar insecticide complain butterfly garden,control methods,negative
121,insects,Syngenta Zambia,https://twitter.com/SyngentaZambia,The African Bollworm pest attacks many crops including cotton maize tomato soybeans and cucurbits. These caterpillars have a light stripe on each side of their body.Bollworms can be controlled with insecticides such as #Ampligo.,2023-01-16T08:52:32.000Z,african bollworm pest attack many crop include cotton maize tomato soybean cucurbit caterpillar light stripe side bodybollworm control insecticide ampligo,pest,negative
122,insects,Texture,https://twitter.com/TexturePresents,Have the caterpillars attacking potatoes in Luweero evolved to resist insecticides? https://ugandaradionetwork.com/story/caterpillars-attack-potato-gardens-in-luweero?utm_source=dlvr.it&utm_medium=twitter… #Uganda @FAOKnowledge,2017-03-11T15:41:09.000Z,caterpillar attack potato luweero evolve resist insecticide   uganda faoknowledge,pest,negative
124,insects,Heritage Professional Products Group (PPG),https://twitter.com/heritageppg,Tree and shrub insects such as aphids and caterpillars are devastating not only to the plants physical appearance but also their health. Using specific insecticides can help to kill and prevent infestations and keep your trees and shrubs healthy. http://spr.ly/6012z0npg,2022-07-27T21:34:12.000Z,tree shrub insect aphid caterpillar devastating plant physical appearance also health use specific insecticide help kill prevent infestation keep tree shrub healthy,"pest,usage,safety","negative,positive,neutral"
125,insects,Klaus Riede,https://twitter.com/KlausRiede,..so imagine what happens to this bird if #caterpillars are killed by #insecticides https://twitter.com/WhatDoBirdsEat/status/927229856839954432…,2017-11-06T12:34:18.000Z,imagine happen bird caterpillar kill insecticide,pest,negative
126,insects,Alexander J. Stein,https://twitter.com/AJStein_de,Combined with other strategies #GMO crops can reduce #insecticides use allow natural pest control benefit #farmers via improved #yields net profits & #health and contribute to a cleaner environment: https://doi.org/10.1016/j.tibtech.2020.07.001… | #sustainable #maize #armyworm #caterpillars #China,2020-08-02T16:39:31.000Z,combine strategy gmo crop reduce insecticide use allow natural pest control benefit farmer via improve yield net profit   health contribute clean environment    sustainable maize armyworm caterpillar china,control methods,positive
127,insects,"I'm not inactive, I just cba",https://twitter.com/Aaneesah_T,I cried because my mum was using insecticides on her plants to kill the caterpillars. And I started lecturing her on the life cycle of a beautiful butterfly and how she was destroying natures course for her selfish gain. She still killed them all. https://t.co/nlIM7diuWV,2019-07-03T22:47:38.000Z,I cry mum use insecticide plant kill caterpillar I start lecture life cycle beautiful butterfly destroy nature course selfish gain still kill,"usage,pest","negative,negative"
128,insects,Chad Christianson,https://twitter.com/Chad1335421,Ok fellow soil health regen Ag producers/agronomists.  How to deal with the onslaught of Thistle Caterpillars in our area on soybeans?  Major issue for us right now.  I hate spraying insecticides but........options???,2019-07-21T14:05:34.000Z,ok fellow soil health regen ag producersagronomist   deal onslaught thistle caterpillar area soybean   major issue right   I hate spray insecticide butoption,"pest,usage","negative,negative"
129,insects,JacquiⓋ〓〓,https://twitter.com/Jacqui03870191,Yes you can help plant food for caterpillars and butterflies dont use insecticides in your garden  join in the big butterfly count to help count what is doing OK and not so good.#ButterflyCount,2022-08-01T20:19:24.000Z,yes help plant food caterpillar butterfly use insecticide garden   join big butterfly count help count ok goodbutterflycount,"pest,usage",positive
130,insects,Green Bean,https://twitter.com/iamgreenbean,Many plants at nurseries pre-treated with systemic insecticides that kill #pollinators & caterpillars like #monarchshttp://phys.org/news/2013-10-people-choice-americans-monarch-butterflies.html…,2013-10-31T18:15:03.000Z,many plant nursery pretreate systemic insecticide kill pollinator   caterpillar like monarchs,pest,negative
131,insects,Bec,https://twitter.com/BeckyO_98,Its ridiculous that we do not see as many insects caterpillars etc in suburbia due to the use of insecticides.  #safarilive,2019-01-25T05:49:09.000Z,ridiculous see many insect caterpillar etc suburbia due use insecticide   safarilive,"pest,usage","negative,negative"
132,insects,IAAS Indonesia,https://twitter.com/IAAS_Indonesia,Neem insecticides are effective against many caterpillars flies whitefly and scales and are somewhat effective against aphids #AgriTalk,2016-09-11T12:50:16.000Z,neem insecticide effective many caterpillar fly whitefly scale somewhat effective aphids agritalk,"effectiveness,pest","positive,negative"
134,insects,GMWatch,https://twitter.com/GMWatch,Monarchs have lost an estimated 165 million acres of breeding habitat in the United States to herbicide spraying and development in recent decades. The butterflies are also threatened by neonicotinoid insecticides fungicides & other chemicals that are toxic to young caterpillars,2023-03-23T11:35:58.000Z,monarch lose estimate 165 million acre breed habitat united states herbicide spray development recent decade butterfly also threaten neonicotinoid insecticide fungicide   chemical toxic young caterpillar,"usage,toxicity,pest","negative,negative,negative"
135,insects,Nathan Donley,https://twitter.com/Nathan_Donley,The irony here is killing me! Companies are literally putting insecticides on milkweed to prevent caterpillars from eating it just to sell it to people who specifically want caterpillars to eat it This is some special hell we live in,2022-08-05T16:17:07.000Z,irony kill I company literally put insecticide milkweed prevent caterpillar eat sell people specifically want caterpillar eat special hell live,control methods,negative
136,insects,Samuel Odawa,https://twitter.com/odawasam,4: Hornworms with their voracious appetites can defoliate entire tomato plants in no time!Keep an eye out for their presence handpick them or use organic insecticides targeting caterpillars.,2023-05-24T03:58:34.000Z,4 hornworm voracious appetite defoliate entire tomato plant timekeep eye presence handpick use organic insecticide target caterpillar,"usage,safety,pest","positive,positive,negative"
137,insects,JackieB,https://twitter.com/No_Kakistocracy,Monarchs face a variety of stresses many related to agricultural activity. Neonicotinoids insecticides are toxic to young caterpillars ... it’s still widely used ...in the U.S. [along with ] other agricultural chemicals [which] can be toxic to monarchs.,2020-04-20T22:12:40.000Z,monarch face variety stress many relate agricultural activity neonicotinoid insecticide toxic young caterpillar   still widely use us along   agricultural chemical toxic monarchs,"toxicity,pest,usage","negative,negative,negative"
138,insects,Gingerbeard,https://twitter.com/gallan2230,Perhaps if people stopped killing the caterpillars with insecticides.,2022-10-07T01:15:51.000Z,perhaps people stop kill caterpillar insecticide,pest,negative
139,insects,Chef Vie Nyoni,https://twitter.com/Vie_matongo,How did you find out about the insecticides for cotton eating caterpillars? You dont need to memorize the legs and wings of pests to know them thats a fact.,2021-04-13T08:40:58.000Z,find insecticide cotton eating caterpillar need memorize leg wing pest know fact,pest,neutral
140,insects,Frida La Blonde,https://twitter.com/AeeshaMcOseni,I always fantasize about making a robot that recognises picks and squashes caterpillars in farms.It would reduce the cost and environmental effects of insecticides as the robot will release no harmful toxins to the environment and can be used over a long period of time ™,2020-01-21T06:23:15.000Z,I always fantasize make robot recognise pick squash caterpillar farmsit would reduce cost environmental effect insecticide robot release harmful toxin environment use long period time,control methods,negative
141,insects,S:15 Crocs-Man,https://twitter.com/Mr_Fonsie,@Riicaa_Boo cawss ppl killin off the caterpillars with all them insecticides,2011-10-02T15:04:43.000Z,riicaa_boo cawss ppl killin caterpillar insecticide,pest,negative
142,insects,LSU AgCenter,https://twitter.com/LSUAgCenter,Monarch caterpillars feed only on milkweed plants (Asclepias).  Please do not treat the aphids on the plant with insecticides as this could become an issue for the caterpillars. @MargaretOrr,2022-05-07T13:35:03.000Z,monarch caterpillar feed milkwee plant asclepia   please treat aphid plant insecticide could become issue caterpillar margaretorr,control methods,negative
143,insects,jo turner,https://twitter.com/amongstwits,Policy makers need to know: Birds NEED caterpillars/insects to raise their young. Insects NEED NATIVE plants. End of. We have filled our world with introduced plants. Agriculture uses insecticides + herbicides in massive quantities. We CAN change.. and must for life to continue.,2023-06-22T10:54:59.000Z,policy maker need know bird need caterpillarsinsect raise young insect need native plant end fill world introduce plant agriculture use insecticide   herbicide massive quantity change must life continue,usage,negative
144,insects,Paul Burgess,https://twitter.com/paulburgess22,The general consensus is there’s very little impact compared to the vast numbers lost to bird predation of caterpillars bat predation of adults use of insecticides and loss of habitat.,2020-04-19T11:34:58.000Z,general consensus little impact compare vast number lose bird predation caterpillar bat predation adult use insecticide loss habitat,"pest,usage","negative,negative"
145,insects,Syngenta UK,https://twitter.com/SyngentaUK,Growers should continue to keep a close eye on crops bearing in mind that the brassica caterpillars are likely to be resistant to pyrethroid insecticides says @Warwickpestnews in her new updated research of @AHDB_Hort pest bulletins.http://ow.ly/ViFS50vPgG5,2019-08-31T10:15:08.000Z,grower continue keep close eye crop bear mind brassica caterpillar likely resistant pyrethroid insecticide say warwickpestnew new update research ahdb_hort pest bulletin,pest,negative
146,insects,Mynzagric254,https://twitter.com/mynzagric254,Treat your plants for caterpillars as soon as you see them or the damage they cause. Insecticides used to kill caterpillars work best when the caterpillars are young. Pick caterpillars off your crops by hand. Wear latex gloves or use tweezers if you dont want to touch them.,2020-01-20T04:58:09.000Z,treat plant caterpillar soon see damage cause insecticide use kill caterpillar work well caterpillar young pick caterpillar crop hand wear latex glove use tweezer want touch,control methods,positive
147,insects,Dr Sarah Taber,https://twitter.com/SarahTaber_bww,Caterpillars are harder to kill with insecticides than the average set.Why? Caterpillars have heavy-duty liver enzymes that are really good at detoxifying whatever you throw at them. Quick to evolve resistance to new chemicals etc.,2024-01-01T03:16:02.000Z,caterpillar hard kill insecticide average setwhy caterpillar heavyduty liver enzyme really good detoxify whatever throw quick evolve resistance new chemical etc,"pest,toxicity","negative,negative"
148,insects,iMorpheus,https://twitter.com/iMorpheus,[#iMorphRecommendationEngine]: “…European environmentalist agenda that eschews modern insecticides and would have African farmers pluck the caterpillars - army worms - one by one.”,2021-07-28T12:23:44.000Z,imorphrecommendationengine european environmentalist agenda eschew modern insecticide would african farmer pluck caterpillar   army worm   one one,control methods,negative
149,insects,stormkettle,https://twitter.com/stormkettle,@BBCTheOneShow  Heres an idea. How about you dont promote insecticides to poison caterpillars. @Buzz_dont_tweet,2019-06-11T18:26:38.000Z,bbctheoneshow   idea promote insecticide poison caterpillar buzz_dont_tweet,"toxicity,pest","negative,negative"
150,insects,woolhatwoman,https://twitter.com/woolhatwoman,@kernowspringer @Greengrumbler Same here. Need an end to folks killing caterpillars end to insecticides in general cept for mosquitos.,2013-06-26T20:14:16.000Z,kernowspringer greengrumbler need end folk kill caterpillar end insecticide general cept mosquito,pest,negative
151,insects,@AccidentalRob@dice.camp,https://twitter.com/AccidentalRob,Holy shit dont encourage spraying for mosquitoes. There is no way for companies to spray these broad-spectrum insecticides in your yard without also killing other insects including bees butterflies caterpillars ladybugs dragonflies and other beneficial insects.,2023-07-20T23:05:59.000Z,holy shit encourage spray mosquito way company spray broadspectrum insecticide yard without also kill insect include bee butterfly caterpillar ladybugs dragonfly beneficial insect,"usage,pest","negative,negative"
152,insects,Mynzagric254,https://twitter.com/mynzagric254,Control methods include handpicking destroying eggs and spraying with insecticides. No insecticide is completely harmless but the two insecticides used to treat caterpillars spinosad and Bacillus thuringiensis var. kurstanki (Btk) have little impact on the environment.,2020-01-20T04:57:48.000Z,control method include handpicke destroy egg spray insecticide insecticide completely harmless two insecticide use treat caterpillar spinosad bacillus thuringiensis var kurstanki btk little impact environment,control methods,positive
153,insects,KC Tomato,https://twitter.com/kctomato,@trdfrgson @NikiJabbour @nctomatoman could also be Colorado Potato Beetles blister bugs or caterpillars. Trap crops DE or insecticides,2014-07-06T15:25:59.000Z,trdfrgson nikijabbour nctomatoman could also colorado potato beetle blister bug caterpillar trap crop de insecticide,control methods,neutral
154,insects,Janice Shipp,https://twitter.com/JaniceShipp,Let’s all encourage some butterfly love  this year - and help their caterpillars to survive by providing the plants they need and not using insecticides.,2024-02-14T13:54:14.000Z,let encourage butterfly love   year   help caterpillar survive provide plant need use insecticide,"pest,usage","negative,negative"
156,insects,Jules Charrington,https://twitter.com/Juleschao,I know why... we have hardly any wildflowers left. Intensive agriculture is raping the countryside. Forests are almost gone rivers are polluted gardens are decked the air is full of particulates and insecticides. People keep killing caterpillars...I could go on.,2018-09-25T04:57:28.000Z,I know hardly wildflower leave intensive agriculture rape countryside forest almost go river polluted garden deck air full particulate insecticide people keep kill caterpillarsi could go,overall,negative
157,insects,Jack Wallington,https://twitter.com/jackwallington,Insecticides habitat loss climate change - these all affect the food (caterpillars and other insects) and survival of birds like the cuckoo which is now on the red list - everything is connected,2022-05-12T18:54:57.000Z,insecticides habitat loss climate change   affect food caterpillar insect survival bird like cuckoo red list   everything connect,pest,negative
158,insects,"Frania Shelley-Grielen, MA, MS",https://twitter.com/animalsbehaving,Monarch caterpillars only eat milkweed but the plant has been devastated by increased herbicide spraying.. In addition to glyphosate monarchs are threatened by other herbicides+by neonicotinoid insecticides..toxic to young caterpillars+health of adult(s https://phys.org/news/2020-03-eastern-monarch-butterfly-population-plunges.html?utm_source=nwletter&utm_medium=email&utm_campaign=daily-nwletter…,2020-03-21T14:56:20.000Z,monarch caterpillar eat milkwee plant devastate increase herbicide spray addition glyphosate monarch threaten herbicidesby neonicotinoid insecticidestoxic young caterpillarshealth adult,control methods,negative
159,insects,The Yorkshire Times,https://twitter.com/TheYorksTimes,Sales Of Insecticides Surge As Deadly Caterpillars Spotted In UK  @OnBuyhttps://yorkshiretimes.co.uk/article/Sales-Of-Insecticides-Surge-As-Deadly-Caterpillars-Spotted-In-UK…,2022-05-11T13:10:01.000Z,sale insecticide surge deadly caterpillar spot uk   onbuy,pest,neutral
160,insects,Get Rid of Pests,https://twitter.com/RidOfPests,Managing caterpillars on cabbage: The use of selective insecticides can contribute to an increase in biologica... http://bit.ly/12UZHtQ,2013-06-22T18:25:49.000Z,manage caterpillar cabbage use selective insecticide contribute increase biologica,control methods,positive
161,insects,Неґречний Терен,https://twitter.com/SaveliyZalizniy,Wasps are extremely useful insectsthey hunting many pest species and control their populations.Killing wasps=more caterpillarsmore fliesmosquitoesbugsbeetles and other dangerous for agriculture insects=more insecticides and complex chemistry for their eradication.Worse it?,2024-02-14T07:33:21.000Z,wasp extremely useful insectsthey hunt many pest specie control populationskille waspsmore caterpillarsmore fliesmosquitoesbugsbeetle dangerous agriculture insectsmore insecticide complex chemistry eradicationworse,control methods,negative
162,insects,Vanda Felbab-Brown,https://twitter.com/VFelbabBrown,4/ Gruesome?Well wasp sp in the same family are keeping your tomatoes saved from tomato hornworms & other fruit & veg from devouring caterpillars w/o your having to use insecticides.So plants alyssum marigolds coneflowers zinias hyssop to attract them wasps to your yard,2022-08-22T23:48:07.000Z,4 gruesomewell wasp sp family keep tomato save tomato hornworm   fruit   veg devouring caterpillar use insecticidesso plant alyssum marigold coneflower zinias hyssop attract wasp yard,control methods,positive
163,insects,MAZU♡KAMIJO☆FOREVER☆,https://twitter.com/mazuhotohori,So I was cleaning the vegetables for cooking and found some tiny caterpillars. Glad the beautiful leaves were not drenched in insecticides and were safe for my consumption.,2019-04-20T02:25:35.000Z,I clean vegetable cooking find tiny caterpillar glad beautiful leave drench insecticide safe consumption,"pest,safety","negative,positive"
164,insects,National Wildlife Federation,https://twitter.com/NWF,“Spraying your yard for mosquitoes will harm other insects” says @NWF Naturalist @Dmizejewski. “The broad-spectrum insecticides used in commercial applications kill many bees butterflies moths caterpillars dragonflies and ladybugs.”,2021-05-11T19:16:13.000Z,spray yard mosquito harm insect say nwf naturalist dmizejewski broadspectrum insecticide use commercial application kill many bee butterfly moth caterpillar dragonfly ladybug,"usage,pest","negative,negative"
165,insects,Eric Connor,https://twitter.com/cericconnor,Inbox: I saw ‘plan attack’ and ‘diamondback moth’ and it had a murder hornet or squirrel with plague feel. A scientist wants your caterpillars to see what insecticides work best. Hit him up. For your cabbages collards etc. Most menacing thing: The bugs are becoming resistant,2020-07-30T16:44:02.000Z,inbox I see plan attack diamondback moth murder hornet squirrel plague feel scientist want caterpillar see insecticide work well hit cabbage collard etc menacing thing bug become resistant,"pest,effectiveness","negative,negative"
166,insects,English Country Life,https://twitter.com/engcountrylife,Let me give you a few examples. A single field of cabbages. If left open these cabbages will be utterly destroyed by caterpillars. So systemic insecticides are used. These kill not of only millions of the target insect (in one field) but millions of other insects.,2018-11-07T10:14:58.000Z,let I give example single field cabbage leave open cabbage utterly destroy caterpillar systemic insecticide use kill million target insect one field million insect,"pest,usage","negative,negative,negative"
167,insects,Farmer Renée,https://twitter.com/IamFarmerRenee,1/ as with most farmers the benefits of Bt cotton on our farms have been incredibly significant since the commercial introduction in the 90s. Primarily the large reduction (by 98%) of insecticides needed to control the two species of hungry Helicoverpa caterpillars.,2022-04-28T01:40:41.000Z,1 farmer benefit bt cotton farm incredibly significant since commercial introduction 90 primarily large reduction 98 insecticide need control two specie hungry helicoverpa caterpillar,control methods,positive
168,insects,Gill Lyon,https://twitter.com/lyon_gill,@TobyBuckland Morning Toby. I’m growing tomatoes in a growbag outside (Indigo Blueberries & Chocolate Cherry varieties) & have a problem with tomato moth caterpillars. I don’t believe in insecticides so is there anything else I can use to get rid of them?,2018-08-05T08:28:04.000Z,tobybuckland morning toby I grow tomato growbag outside indigo blueberry   chocolate cherry variety   problem tomato moth caterpillar I believe insecticide anything else I use get rid,"pest,usage","negative,negative"
169,insects,Tom Jewers,https://twitter.com/cutlerstom,I presume @guardian told the Africans their view that they mustnt use insecticides to kill said caterpillars?,2017-10-26T06:48:12.000Z,I presume guardian tell africans view must use insecticide kill say caterpillar,"usage,pest","negative,negative"
170,insects,Jekka23 ##antigrowthcoalition,https://twitter.com/Jekka231,Ive had quite a few but nowhere near as many as last year. I do make a concerted effort to grow as many food plants as possible for the caterpillars but neighbours both sides of me using insecticides/herbicides.,2022-07-05T18:46:00.000Z,I quite nowhere near many last year I make concerted effort grow many food plant possible caterpillar neighbour side I use insecticidesherbicide,"pest,usage",
171,insects,New York State Dept. of Environmental Conservation,https://twitter.com/NYSDEC,The caterpillars seen now will disappear soon as they pupate & become moths. Spraying insecticides isn’t effective at this late stage of caterpillar development. Sticky traps on trees can catch caterpillars while they’re still crawling though they won’t erase the population.,2021-06-11T15:25:50.000Z,caterpillar see disappear soon pupate   become moth spray insecticide effective late stage caterpillar development sticky trap tree catch caterpillar still crawl though erase population,"pest,usage,effectiveness","neutral,negative,negative"
172,insects,Waterloo Region Record,https://twitter.com/WR_Record,War declared on gypsy moth caterpillars in Waterloo Region.People are using burlap wrapping Vaseline on packing tape spraying insecticides picking them off by hand or even attaching a torch to a hockey stick. https://therecord.com/news/waterloo-region/2021/06/02/war-declared-on-gypsy-moth-caterpillars-in-waterloo-region.html…,2021-06-02T20:15:07.000Z,war declare gypsy moth caterpillar waterloo regionpeople use burlap wrapping vaseline packing tape spray insecticide pick hand even attach torch hockey stick,control methods,neutral
173,insects,Meaghan Anderson,https://twitter.com/mjanders1,Weve had unprecedented levels of these caterpillars in soybean this year plus smaller soybean plants (late planting). Insecticides do a good job of managing these caterpillars.,2019-07-22T16:18:22.000Z,unprecedented level caterpillar soybean year plus small soybean plant late planting insecticide good job manage caterpillar,pest,positive
174,insects,New York State Dept. of Environmental Conservation,https://twitter.com/NYSDEC,The caterpillars seen now will disappear soon as they pupate & become moths. Spraying insecticides isn’t effective at this late stage of caterpillar development. Sticky traps on trees can catch caterpillars while they’re still crawling though they won’t erase the population.,2021-06-11T15:25:50.000Z,caterpillar see disappear soon pupate   become moth spray insecticide effective late stage caterpillar development sticky trap tree catch caterpillar still crawl though erase population,"pest,usage,effectiveness","neutral,positive,negative"
175,insects,Waterloo Region Record,https://twitter.com/WR_Record,War declared on gypsy moth caterpillars in Waterloo Region.People are using burlap wrapping Vaseline on packing tape spraying insecticides picking them off by hand or even attaching a torch to a hockey stick. https://therecord.com/news/waterloo-region/2021/06/02/war-declared-on-gypsy-moth-caterpillars-in-waterloo-region.html…,2021-06-02T20:15:07.000Z,war declare gypsy moth caterpillar waterloo regionpeople use burlap wrapping vaseline packing tape spray insecticide pick hand even attach torch hockey stick,control methods,neutral
176,insects,Meaghan Anderson,https://twitter.com/mjanders1,Weve had unprecedented levels of these caterpillars in soybean this year plus smaller soybean plants (late planting). Insecticides do a good job of managing these caterpillars.,2019-07-22T16:18:22.000Z,unprecedented level caterpillar soybean year plus small soybean plant late planting insecticide good job manage caterpillar,pest,positive
177,insects,Ben Atkinson,https://twitter.com/FarmerBennyBoy,Someone needs to be held accountable for the Neo-Nic seed treatment ban. Boom applied insecticides are clearly not killing the CSFB but are sadly killing non target species. Beetles are good guys ....,2018-09-12T14:00:59.000Z,someone need hold accountable neonic seed treatment ban boom apply insecticide clearly kill csfb sadly kill non target specie beetle good guy,pest,negative
178,insects,𝐃𝐚𝐯𝐢𝐝 𝐁𝐮𝐭𝐥𝐞𝐫 ,https://twitter.com/DavidButler34,Early start today to spray the beans with a bee safe insecticide application at dawn for bruchid beetle control. Good to see the field teeming with busy  this evening. Used correctly and only when necessary insecticides have a vital role for crops. #Bees #Beans,2018-06-11T19:34:15.000Z,early start today spray bean bee safe insecticide application dawn bruchid beetle control good see field teem busy   evening use correctly necessary insecticide vital role crop bee bean,"usage,safety,pest","positive,positive,negative"
179,insects,Adam Driver,https://twitter.com/driverfarms1,I like how this osr is looking. Some flea beetle on later drilled stuff but we won’t be using insecticides so we aren’t worrying.,2019-08-28T14:44:54.000Z,I like osr look flea beetle later drill stuff use insecticide worrying,control methods,positive
180,insects,FB69,https://twitter.com/WildWestacre,Dor beetle and phonetic mites a symbiotic relationship one gets a lift to the fresh dung where it eats the eggs of yellow dung flys a potential competitor to the Dor for the freshest dung. One of the benefits of Nature recovery no insecticides and a divesrity of species back,2023-06-16T18:40:23.000Z,dor beetle phonetic mites symbiotic relationship one get lift fresh dung eat egg yellow dung fly potential competitor dor fresh dung one benefit nature recovery insecticide divesrity specie back,control methods,positive
181,insects,cat frampton,https://twitter.com/cat_frampton,Did you know if you have cows and it’s a summer evening and you don’t use insecticides all the time you get heaps of dung beetles flying about and they are Magic?!!!  I mean just listen to that take off!,2022-08-06T21:51:58.000Z,know cow summer evening use insecticide time get heap dung beetle fly magic   I mean listen take,control methods,positive
182,insects,Farm Babe,https://twitter.com/thefarmbabe,One of the main reasons bt GMO corn was invented is so that farmers no longer have to spray insecticides.This means theres more beneficial insects around than there used to be Including lady beetles who are now EVERYWHERE in my house since its spring.Damn you GMOs! lol,2019-04-22T02:15:25.000Z,one main reason bt gmo corn invent farmer long spray insecticidesthis mean beneficial insect around use include lady beetle everywhere house since springdamn gmos lol,"usage,pest","negative,neutral"
183,insects,Entomological Society of America,https://twitter.com/EntsocAmerica,“When it came to the pest’s ability to overcome insecticides the researchers were surprised to find the beetle’s genome looked much like those of its less-hardy cousins. They did not find resistance-related genes to explain the insect’s tenaciousness.”,2018-02-01T18:04:01.000Z,come pest ability overcome insecticide researcher surprised find beetle genome look much like lesshardy cousin find resistancerelate gene explain insect tenaciousness,pest,neutral
184,insects,Darragh Cleary,https://twitter.com/darscleary,Lumen spring osr drilled the 29th of April. It grew that quick this year no insecticides were used for flea or pollen beetle.,2018-06-19T21:17:32.000Z,luman spring osr drill 29th april grow quick year insecticide use flea pollen beetle,"usage,pest","negative,positive"
185,insects,stephenfellenberg,https://twitter.com/stephenfellenb1,The Blue flower wasp (Austroscolia sora) great to see in numbers at Wedderburn pollinators and predator of scarab beetles larvae. This is another excellent reason why we shouldnt be using insecticides.,2019-01-11T00:09:54.000Z,blue flower wasp austroscolia sora great see number wedderburn pollinator predator scarab beetle larvae another excellent reason use insecticide,control methods,positive
186,insects,Vegetable Entomology,https://twitter.com/msuvegent,#lady beetle larvae are great #aphid predators. They can also eat eggs / small larvae of butterflies and moths. They thrive in vegetable fields that rely less on broad spectrum synthetic insecticides to manage pests. ⁦@MSUEntomology⁩,2019-05-30T15:17:56.000Z,lady beetle larvae great aphid predator also eat egg   small larvae butterfly moth thrive vegetable field rely less broad spectrum synthetic insecticide manage pest msuentomology,pest,positive
187,insects,Golden Harvest Seeds,https://twitter.com/GldnHarvest,Blake Mumm demonstrates the value of Agrisure Duracade & soil insecticides against CRW. One beetle can produce 300-500 eggs. #GrowMore,2017-08-15T16:15:37.000Z,blake mumm demonstrate value agrisure duracade   soil insecticide crw one beetle produce 300500 egg growmore,pest,positive
188,insects,Ryan Benjamins,https://twitter.com/RyanBenjamins,Fungicide only seed treatment on these ips. Bean leaf beetle feeding on pods.  Back to foliar insecticides...,2017-08-08T19:59:28.000Z,fungicide seed treatment ips bean leaf beetle feed pod   back foliar insecticide,pest,neutral
189,insects,T Bone,https://twitter.com/Gamesdiner,No this is not a medieval woodcut of a goblin battling a giant beetle. Its an illustration from a 1900 catalog selling insecticides. (But its also the handout youll give PCs when you describe a goblin hero tapestry.)The point: Catalogs were cooler back then.#retro #ttrpg,2019-05-30T04:58:10.000Z,medieval woodcut goblin battle giant beetle illustration 1900 catalog selling insecticide also handout give pc describe goblin hero tapestrythe point catalog cool back thenretro ttrpg,pest,neutral
190,insects,Adam Williamson,https://twitter.com/amwfarming,Dung beetles  super active. Removal of insecticides 5 years ago has really helped!,2023-03-25T10:43:21.000Z,dung beetles   super active removal insecticide 5 year ago really help,control methods,positive
191,insects,Jo Cartmell #RewildTheEarth,https://twitter.com/WaterVole,Companion crops have allowed Kent grower Andy Barr to stop using insecticides on his oilseed rape despite being in a hot spot for cabbage stem flea beetle damage and without seeing a drop in yields. @MilesKing10 @the_ecologist @GeorgeMonbiot,2018-05-06T06:50:19.000Z,companion crop allow kent grower andy barr stop use insecticide oilseed rape despite hot spot cabbage stem flea beetle damage without see drop yield milesking10 the_ecologist georgemonbiot,"usage,pest,toxicity","positive,neutral,positive"
192,insects,Entomological Society of America,https://twitter.com/EntsocAmerica,Entomologists at @PurdueInsects have developed a reliable and cost-effective scouting technique for striped cucumber beetle in watermelon fields and they say the method could reduce unnecessary use of insecticides to manage the pest. /by @TernestJ https://entomologytoday.org/2020/01/24/integrated-pest-management-pays-midwestern-watermelon-growers-stiped-cucumber-beetle/…,2020-01-24T16:41:00.000Z,entomologist purdueinsect develop reliable costeffective scouting technique striped cucumber beetle watermelon field say method could reduce unnecessary use insecticide manage pest ternestj,control methods,positive
193,insects,Agriculture South Punjab,https://twitter.com/AgricultureSou1,#ThinkbeforepesticidesprayPoison-free cotton gives space to this little sparrow to feed its babies. Application of insecticides could have endangered not only their lives but also crucial predators like Chrysopa Trichograma Beetle Spider & Wasp. @ACSSouthPunjab @PrefOrganic,2021-08-07T03:06:29.000Z,thinkbeforepesticidespraypoisonfree cotton give space little sparrow feed baby application insecticide could endanger life also crucial predator like chrysopa trichograma beetle spider   wasp acssouthpunjab preforganic,"usage,pest","neutral,negative,positive"
194,insects,Dr Pleuni Pennings #BlackLivesMatter,https://twitter.com/pleunipennings,#icanhazpdf Landscape genomics of Colorado potato beetle provides evidence of polygenic adaptation to insecticides http://onlinelibrary.wiley.com/doi/10.1111/mec.14339/abstract…,2017-09-08T16:10:11.000Z,icanhazpdf landscape genomic colorado potato beetle provide evidence polygenic adaptation insecticide,pest,neutral
195,insects,Chuck Grassley,https://twitter.com/ChuckGrassley,Japanese beetles & other insects feed off of soybeans and hv to be controlled by insecticides to preserve the plant #soybeanwatch,2022-08-13T21:07:30.000Z,japanese beetle   insect feed soybean hv control insecticide preserve plant soybeanwatch,control methods,neutral
196,insects,Boyd Mori,https://twitter.com/BoydMori,Beautiful day! Sweeping some alternative host plants (aka crucifer weeds) for some flea beetles. Part of a project to understand more about flea beetle tolerance to insecticides and underlying genetics. #funinthesun #westcdnag @AlbertaCanola @westerngrains @RDARAlberta,2021-05-14T17:17:42.000Z,beautiful day sweep alternative host plant aka crucifer weed flea beetle part project understand flea beetle tolerance insecticide underlie genetic funinthesun westcdnag albertacanola westerngrains rdaralberta,pest,neutral
197,insects,Pitchcare,https://twitter.com/Pitchcare,Research indicates UK bats can consume up to 3000 insects per night. Bats are natural predators of crane flies & chafer beetles.With no insecticides can you be doing more to encourage natural predators to turf pests through responsible IPM? https://pitchcare.com/shop/bat-boxes/index.html…#ecology,2018-05-17T10:36:17.000Z,research indicate uk bat consume 3000 insect per night bat natural predator crane fly   chafer beetleswith insecticide encourage natural predator turf pest responsible ipm,control methods,positive
198,insects,Kyla O'Hearn,https://twitter.com/KylaOHearn,The beautiful but destructive Asian long-horned beetle has been a threat to poplar maple willow and elm trees since it’s detection to the US in 1992. Today eradication via tree removal and systemic insecticides is the most efficient way to #StopTheSpread,2019-12-10T19:15:39.000Z,beautiful destructive asian longhorned beetle threat poplar maple willow elm tree since detection us 1992 today eradication via tree removal systemic insecticide efficient way stopthespread,control methods,positive
199,insects,PotatoPro,https://twitter.com/PotatoPro,Research in Canada (AAFC Fredericton) shows there may be another way to deal with Colorado Potato Beetles than with insecticides#Potatoes #Colorado #Beetle #insecticides #resistancy #varieties @AAFC_Canada,2018-01-14T23:00:19.000Z,research canada aafc fredericton show may another way deal colorado potato beetle insecticidespotatoe colorado beetle insecticide resistancy variety aafc_canada,control methods,positive
200,insects,Yolanda Chen,https://twitter.com/Yolanda_H_Chen,#coloradopotatobeetle is an iconic #pest who has befuddled #entomologists for over 100 years. Here we try to explain why the beetle is so successful in its #rapid #evolution to #insecticides in #agriculturehttps://authors.elsevier.com/a/1gNus7tYJFjcV9… -for access,2023-01-09T18:29:08.000Z,coloradopotatobeetle iconic pest befuddle entomologist 100 year try explain beetle successful rapid evolution insecticide agriculture access,pest,neutral
201,insects,Jody Green,https://twitter.com/JodyBugsMeUNL,For those that don’t enjoy looking at white grub butts here are some C-shaped grubs from the garden with coins for scale. From Left to right: Japanese beetle masked chafer & green June beetle. Just bc you find a grub or two doesn’t mean you need to treat with insecticides,2019-06-01T02:35:25.000Z,enjoy look white grub butt cshape grub garden coin scale leave right japanese beetle mask chafer   green june beetle bc find grub two mean need treat insecticide,pest,neutral
202,insects,Sam Vincent,https://twitter.com/Vince_Rookery,Dung beetle heaven not long left by the calves still grazing in front. Controlled grazed without harmful insecticides or unnecessary chemical inputs. #NatureKnowsBest #InsectFriendlyFarming @BBCSpringwatch @ChrisGPackham @DrDowhittle @minibeastmayhem,2021-06-05T10:05:58.000Z,dung beetle heaven long leave calf still graze front control graze without harmful insecticide unnecessary chemical input natureknowsbest insectfriendlyfarming bbcspringwatch chrisgpackham drdowhittle minibeastmayhem,"pest,toxicity","neutral,negative,positive"
203,insects,Tim Parton,https://twitter.com/parker419,Spring beans in August  no insecticides/ fungicides or herbicides other than post drilling glyphosate not a bruchid beetle in sight  averaging 4.8t/ ha which I am happy with considering the lack of rain this season ( anyone think I was storing more water these days ),2022-08-13T17:01:02.000Z,spring bean august   insecticide fungicide herbicide post drilling glyphosate bruchid beetle sight   average 48 ha I happy consider lack rain season   anyone think I store water day,pest,positive
204,insects,NFU South East,https://twitter.com/NFUSouthEast,Did you know there are 1000 beetles in one square metre of beetle bank? These beneficial insects prey on crop pests and save farmers money on insecticides as they work 25m into the crop. Farmers on @NFUSouthEast @Gameandwildlife walk hearing this at Rotherfield Farms #Alton today,2018-09-27T14:17:54.000Z,know 1000 beetle one square metre beetle bank beneficial insect prey crop pest save farmer money insecticide work 25 crop farmer nfusoutheast gameandwildlife walk hear rotherfield farm alton today,"pest,effectiveness","positive,positive"
205,insects,Scott Graham,https://twitter.com/ScottGraham72,Not something you see everyday. Flea beetles hitting some cotton plants hard in plots at Tennessee Valley station. Damage was sporadic so hard to tell but don’t think at-plant insecticides are doing much good. #ALcrops,2022-05-27T18:20:24.000Z,something see everyday flea beetle hit cotton plant hard plot tennessee valley station damage sporadic hard tell think atplant insecticide much good alcrop,"pest,toxicity","negative,negative"
206,insects,Iona Wines,https://twitter.com/IonaWines,#canepruning on the #chardonnay complete note bands on stems to keep #snails and snout beetles off no insecticides,2016-08-25T15:58:17.000Z,caneprune chardonnay complete note band stem keep snail snout beetle insecticide,control methods,negative
207,insects,Ian wilkinson,https://twitter.com/The_wilk79,Agrii companion crop to our DK exsteel hiding away there looks tremendous in the flesh no flea beetle damage at all no insecticides on farm for 6 years .. lots of exciting developments on the ifarm.@AgriiUK @THERobBowes @ClaydonDrill,2020-11-06T18:06:39.000Z,agrii companion crop dk exsteel hide away look tremendous flesh flea beetle damage insecticide farm 6 year   lot exciting development ifarmagriiuk therobbowes claydondrill,"pest,toxicity","positive,positive"
208,insects,Sam Hugill,https://twitter.com/SamHugill2,Nice to see the OSR insecticides are working… Flea beetles  be no more (probably until next week) but this crops away  #OSR #headache @HLHNorthernTeam,2022-09-20T14:02:25.000Z,nice see osr insecticide work flea beetle   probably next week crop away   osr headache hlhnorthernteam,"effectiveness,pest","positive,positive"
209,insects,Te Mania Angus,https://twitter.com/temaniaangus,Environmental warriors! Ladybird Beetles doing what they do.Insect carnivores searching 4 insect herbivores checking every single leaf of multi species cover crops. Let nature do what she does no need for insecticides with these guys #ladybirds #covercrops #multispecies,2021-11-26T09:22:14.000Z,environmental warrior ladybird beetle doinsect carnivore search 4 insect herbivore check every single leaf multi specie cover crop let nature need insecticide guy ladybird covercrop multispecie,control methods,positive
210,insects,Hannah Foxall,https://twitter.com/foxall_hannah,Interesting blog on testing for pyretheroid resistance by Rothamsted. Well worth doing to reduce further resistance and possible expenditure on insecticides.Beetle Patry: CSFB pyrethroid resistance and parasitisation rate... https://beetlepatry.blogspot.com/2019/06/cabbage-stem-flea-beetle-pyrethroid_14.html?spref=tw…,2019-09-02T11:06:07.000Z,interesting blog testing pyretheroid resistance rothamste well worth reduce resistance possible expenditure insecticidesbeetle patry csfb pyrethroid resistance parasitisation rate,overall,positive
212,insects,Entomological Society of America,https://twitter.com/EntsocAmerica,A study evaluating one of the first insecticides developed to use RNA interference as a mode of action finds significant effects on mobility pupation and reproduction of the target insect the Colorado potato beetle.,2023-04-06T16:04:36.000Z,study evaluate one first insecticide develop use rna interference mode action find significant effect mobility pupation reproduction target insect colorado potato beetle,"usage,effectiveness,pest","neutral,positive,negative"
213,insects,Annie Klodd,https://twitter.com/MNFruitLady,I couldnt walk outside to spray Japanese beetles without one landing on my hand first. Here is a review of conventional and organic insecticides for killing them: …https://blog-fruit-vegetable-ipm.extension.umn.edu/2020/07/japanese-beetle-management-and-choosing.html…,2020-07-07T17:57:50.000Z,I could walk outside spray japanese beetle without one landing hand first review conventional organic insecticide kill,control methods,neutral
215,insects,Kerstin Bilgmann,https://twitter.com/KBilgmann,Outlook conference at Macquarie Uni @LizyLowe presents on the future of urban wildlife. Insecticides kill the wildlife in our backyards. Learn to live with nature and don’t destroy it! We need those beautiful spiders beetles moths... @MQSciEng @MQBiology,2018-07-27T00:02:50.000Z,outlook conference macquarie uni lizylowe present future urban wildlife insecticide kill wildlife backyard learn live nature destroy need beautiful spider beetle moth mqscieng mqbiology,pest,negative
216,insects,Aleksandra Stęplowska,https://twitter.com/stepelka,Presentation by Beata Wielkopolan on cereal leaf beetle microbiome involvement (and diversity) in the response to insecticides treatment at #metagenomy2023. The range of bacteria involvement significantly differs in insects treated with pesticides of various chemical classes,2023-06-20T13:32:35.000Z,presentation beata wielkopolan cereal leaf beetle microbiome involvement diversity response insecticide treatment metagenomy2023 range bacteria involvement significantly differ insect treat pesticide various chemical class,"pest,toxicity","neutral,neutral"
217,insects,Jody Green,https://twitter.com/JodyBugsMeUNL,Hairy fungus beetles bugging people inside homes. Hundreds of small beetles feed on fungi molds & mildew in new construction. Appear in Aug/Sept in #Nebraska strong fliers attracted to light. Do not bite & no structural damage just a nuisance. Grab a vacuum not insecticides,2018-09-14T20:13:26.000Z,hairy fungus beetle bug people inside home hundred small beetle feed fungi molds   mildew new construction appear augsept nebraska strong flier attract light bite   structural damage nuisance grab vacuum insecticide,"pest,toxicity","negative,neutral"
218,insects,Manuela Casasoli,https://twitter.com/manuelacasasoli,How a global super-pest the Colorado potato beetle L. decemlineata rapidly evolves resistance to #insecticides.#Science #evolution Genome Resequencing Reveals Rapid Repeated Evolution in the Colorado Potato #Beetle1-https://academic.oup.com/mbe/article/39/2/msac016/6511499…2-https://phys.org/news/2022-02-super-pest-colorado-potato-beetle.html…,2022-02-21T05:47:37.000Z,global superp colorado potato beetle l decemlineata rapidly evolve resistance insecticidesscience evolution genome resequencing reveal rapid repeat evolution colorado potato beetle1,control methods,negative
219,insects,Buglife,https://twitter.com/Buzz_dont_tweet,The Impact of #Insecticides on #Pollinators Conference #bees2014 #savethebees #hoverflies #beetles #moths,2014-01-24T09:13:57.000Z,impact insecticide pollinator conference bees2014 savethebee hoverflie beetle moth,pest,neutral
220,insects,Jody Green,https://twitter.com/JodyBugsMeUNL,Lots of small beetles clustering on walls inside new construction home?Foreign grain beetles-Under magnification look for projections behind eyes-Habitat damp areas w high humidity mildew -No insecticides-Vacuum to remove-Increase air circulation & decrease humidity,2021-07-26T15:03:31.000Z,lot small beetle cluster wall inside new construction homeforeign grain beetlesunder magnification look projection behind eyeshabitat damp area w high humidity mildew insecticidesvacuum removeincrease air circulation   decrease humidity,control methods,neutral
221,insects,Joel Mackay,https://twitter.com/JoelPMackay,Bees and Varroa are big bad news this week in Aus. If youd like to join our team (myself @EmsyRemsy Ron Hill and Chris McErlean) as an RA (3 y position) to design safer more selective insecticides targeting Varroa (and small hive beetle) apply here: https://usyd.wd3.myworkdayjobs.com/USYD_EXTERNAL_CAREER_SITE/job/Darlington-Campus/Research-Assistant_0093904-2/…,2022-07-01T04:35:40.000Z,bee varroa big bad news week aus like join team emsyremsy ron hill chris mcerlean ra 3 position design safe selective insecticide target varroa small hive beetle apply,"safety,pest","positive,negative"
222,insects,Ian Barrett,https://twitter.com/IanBarrettSW,England lost 35000 Greater Horseshoe bats (90%) in the 20th Century due to loss of traditional pastures woods and roosting sites from modern farmland & the impact of insecticides on the moths and beetles they eat. https://avonwildlifetrust.org.uk/news/2019/01/07/bat-colonies-jsp-awt-statement…,2019-01-09T09:23:17.000Z,england lose 35000 great horseshoe bat 90 20th century due loss traditional pasture wood roosting site modern farmland   impact insecticide moth beetle eat,pest,negative
223,insects,Dr Chandra Moffat  she/her,https://twitter.com/DrChandraLa,We need populations of Colorado potato beetle from Alberta that are both susceptible to and suspected to have reduced susceptibility to insecticides! Part of a 5 yr collab between Canadian Hort Council AAFC many growers assns provincial & industry organizations!,2020-07-27T23:28:32.000Z,need population colorado potato beetle alberta susceptible suspect reduce susceptibility insecticide part 5 yr collab canadian hort council aafc many grower assns provincial   industry organization,control methods,neutral
224,insects,Spiderkebab,https://twitter.com/spiderkebab,No mow let it grow moreto insecticides I say NO!Leave leaf litter & seedheadsinsects can have their cosy beds.Where can nature live & be free?In my garden at home with me!Evening primrose nectar for moths.Seedheads food & shelter.Logs & fungi for beetles & friends.,2021-09-10T10:05:41.000Z,mow let grow moreto insecticide I say noleave leaf litter   seedheadsinsect cosy bedswhere nature live   freein garden home meevene primrose nectar mothsseedhead food   shelterlog   fungus beetle   friend,control methods,positive
225,insects,𝐟𝐚𝐫𝐡𝐚𝐝 𝐤𝐚𝐢𝐬𝐞𝐫,https://twitter.com/farhadkaiser2,Slugs shown here on a soybean plant are unaffected by neonicotinoids but can transmit the insecticides to beetles that are important slug predators.  Nick Sloff/,2020-12-04T08:06:01.000Z,slug show soybean plant unaffected neonicotinoids transmit insecticide beetle important slug predator   nick sloff,pest,negative
226,insects,Spud Smart,https://twitter.com/SpudSmartMag,Colorado potato beetles are present in some areas in Manitoba says Vikram Bisht of Manitoba Ag. Resistance to seed treatment insecticides is becoming an issue. Foliar insecticides are now needed he said today at the CMCDC field day.,2019-08-14T20:23:55.000Z,colorado potato beetle present area manitoba say vikram bisht manitoba ag resistance seed treatment insecticide become issue foliar insecticide need say today cmcdc field day,pest,negative
227,insects,Fair to Nature,https://twitter.com/FairtoNature,Using strips of stubble turnips in a crop of OSR seems to be working tempting Cabbage Stem Flea Beetle away from the crop at @Natures_Voice’s Hope Farm. No insecticides used. They’ve nibbled far more holes in the turnips. Good work @georgiewildbray! #naturefriendlyfarming,2021-10-08T21:12:51.000Z,use strip stubble turnip crop osr seem work tempt cabbage stem flea beetle away crop natures_voice hope farm insecticide use nibble far hole turnip good work georgiewildbray naturefriendlyfarming,control methods,positive
228,insects,Cheryl Trueman,https://twitter.com/CherylTrueman,Last year @drobinridgetown & I were asked by agronomists if mixing herbicides w/ insecticides for Colorado potato beetle control in tomatoes affected product efficacy or safety. Answer  so we are doing evaluations this year! @RidgetownCampus @ONProcessingVeg @AgInnovationON,2022-07-08T13:37:08.000Z,last year drobinridgetown   I ask agronomist mix herbicide w insecticide colorado potato beetle control tomatoe affect product efficacy safety answer   evaluation year ridgetowncampus onprocessingveg aginnovationon,"usage,pest,effectiveness,safety","neutral,negative,neutral,neutral"
229,insects,Zwartbles Ireland • Suzanna Crampton,https://twitter.com/ZwartblesIE,Funny thing is dung beetles need dung. We’ve over 40 kinds on this island.The dung beetle population has plummeted in recent years due to worm dose insecticides.Dung beetle decline has been accompanied by horseshoe bat & Chough decline & both are dependent on dung beetles,2023-04-01T07:32:24.000Z,funny thing dung beetle need dung 40 kind islandthe dung beetle population plummet recent year due worm dose insecticidesdung beetle decline accompany horseshoe bat   chough decline   dependent dung beetle,pest,negative
230,insects,Penn Allen,https://twitter.com/PennAllenwrites,Oh no!  I think this is Lily Beetle larvae? Can’t see any beetles but yuk!  Does anyone have a remedy that doesn’t involve insecticides? #lilybeetle #help #mygarden,2020-06-24T09:52:38.000Z,oh   I think lily beetle larvae see beetle yuk   anyone remedy involve insecticide lilybeetle help mygarden,control methods,neutral
231,insects,Farmers Of The UK,https://twitter.com/FarmersOfTheUK,Cabbage stem flea beetle crawl out of the harvested rape. They are by far our worst autumn insect pest and make establishing new rape crops very difficult we have to spray with insecticides at least once or no crop. Should be called ‘vanishing beetles’,2019-05-12T17:30:24.000Z,cabbage stem flea beetle crawl harvest rape far bad autumn insect pest make establish new rape crop difficult spray insecticide least crop call vanish beetle,"pest,usage","negative,positive"
232,insects,Syngenta UK,https://twitter.com/SyngentaUK,The new advice on adult bruchid beetle is to target it before egg laying starts as temperatures rise and activity kicks off in earnest. according to  Insecticides Technical Manager Dr @Max_Newbert #Bruchid #BeetleFor more information: http://ow.ly/BsOp50u6t8V,2019-05-12T17:30:24.000Z,new advice adult bruchid beetle target egg lay start temperature rise activity kick earnest accord   insecticides technical manager dr max_newbert bruchid beetlefor information,control methods,neutral
233,insects,Entomological Society of America,https://twitter.com/EntsocAmerica,The Colorado potato beetle has evolved resistance to more than 50 different kinds of insecticides. ... New research finds that the beetle achieved this feat largely by turning to a deep pool of diversity within its genome. https://eurekalert.org/news-releases/944385…,2022-03-01T21:02:00.000Z,colorado potato beetle evolve resistance 50 different kind insecticide   new research find beetle achieve feat largely turn deep pool diversity within genome,pest,negative
234,insects,Simon Leather,https://twitter.com/EntoProf,Krimmer - problem of flea beetle resistance to insecticides means that biological control becoming more important #BES2018,2018-12-17T16:18:21.000Z,krimmer   problem flea beetle resistance insecticide mean biological control become important bes2018,control methods,neutral
235,insects,Adam Horsfield,https://twitter.com/adam_farming,Looking in my slug traps I found a few of these beetles. After some research it seems they’re ground beetles and they can eat slugs? Great! But are killed by most insecticides so I’m glad avoiding them might be paying off. Overall slug pressure seems low even in trashy 2nd ww,2022-11-10T06:28:12.000Z,look slug trap I find beetle research seem ground beetle eat slug great kill insecticide I glad avoid might pay overall slug pressure seem low even trashy 2nd ww,pest,positive
237,insects,DrVanbugsky,https://twitter.com/vanbugsky,Have cereal leaf beetles? You might also have their parasitoids in your fields helping to manage CLB without insecticides. Consider sending insect samples to @haleycatton to learn more!,2021-05-11T21:01:32.000Z,cereal leaf beetle might also parasitoid field help manage clb without insecticide consider send insect sample haleycatton learn,control methods,positive
238,insects,Kristen MacMillan,https://twitter.com/kpmacmillanUM,Can I relate this to insects and ask who is studying flea beetle sensitivity to insecticides in western Canada? #westcdnag #canola #fleabeetles https://x.com/WyoWeeds/statu/WyoWeeds/status/1273006957356617729…,2020-06-19T02:19:07.000Z,I relate insect ask study flea beetle sensitivity insecticide western canada westcdnag canola fleabeetle,pest,neutral
240,insects,Butterfly Conservation,https://twitter.com/savebutterflies,Dont use insecticides and pesticides. They kill butterflies and many pollinating insects as well as ladybirds ground beetles and spiders.,2012-08-29T09:01:15.000Z,use insecticide pesticide kill butterfly many pollinate insect well ladybird ground beetle spider,"usage,pest","negative,neutral"
241,insects,Rhys,https://twitter.com/RhysLlwydfaen,Keep a vigilant eye for flea beetles on recently sown brassicas.Current conditions will slow down plant growth so not able to compensate for damage and the warm temps really suit flea beetles. Use insecticides responsibly,2020-06-02T05:53:47.000Z,keep vigilant eye flea beetle recently sow brassicascurrent condition slow plant growth able compensate damage warm temp really suit flea beetle use insecticide responsibly,"pest,toxicity,usage","negative,neutral,neutral"
242,insects,The Coleopterists Society,https://twitter.com/ColeopSoc,#LiteratureNotice Aishwarya et al. Efficacy of Insecticides Against Jamun Seed Weevil Curculio C-Album F. http://dx.doi.org/10.55446/IJE.2021.104… #Beetle #Beetles #TrueWeevils #PestManagement,2024-02-21T19:32:00.000Z,literaturenotice aishwarya et al efficacy insecticide jamun seed weevil curculio calbum f   beetle beetle trueweevil pestmanagement,"effectiveness,pest","neutral,negative"
245,insects,Beyond Pesticides,https://twitter.com/ByondPesticides,Seeds treated with #neonicotinoid #insecticides contaminate honeydew often the biggest food source for many beneficial insects including #pollinators such as bees & flies & some natural enemies of pests including ants wasps & beetles. #insectapocalypse https://beyondpesticides.org/dailynewsblog/2022/01/neonicotinoids-pass-through-aphids-contaminating-honeydew-and-killing-off-pest-predators/…,2022-01-06T18:09:58.000Z,seed treat neonicotinoid insecticide contaminate honeydew often big food source many beneficial insect include pollinator bee   fly   natural enemy pest include ant wasp   beetle insectapocalypse,pest,negative
246,insects,BUILD SOIL,Plant Chestnuts!,https://twitter.com/BuildSoil The reintroduction of dung beetles where they have been alienated by insecticides is essential #ClimateAction because it moves dung underground where the carbon can be stored the plants fertilized but methane release is reduced and runoff lessened.,2021-05-12T17:30:24.000Z,  reintroduction dung beetle alienate insecticide essential climateaction move dung underground carbon store plant fertilize methane release reduce runoff lessen,control methods,positive
247,insects,Donna Rainey,https://twitter.com/donnarainey4,Hi @kerry_mclean You were asking about the flies on your black car. Not flies tiny Water beetles. They mistake black cars for water & land on the cars for that reason. Spraying them with insecticides really is totally unnecessary. Please tell people this is not appropriate.,2018-06-28T15:18:10.000Z,hi kerry_mclean ask fly black car fly tiny water beetle mistake black car water   land car reason spray insecticide really totally unnecessary please tell people appropriate,"pest,usage","neutral,negative"
248,insects,david shaw,https://twitter.com/davidshaw26,That is amazing.  On the Knepp estate they link abundance of dung beetles and associated little owls etc with cattle that have not been treated with Avermectin or similar insecticides.,2019-09-07T12:01:56.000Z,amazing   knepp estate link abundance dung beetle associate little owl etc cattle treat avermectin similar insecticide,control methods,positive
249,insects,Andrew Wells,https://twitter.com/andyarable,Chasing bruchid beetles in flowering beans with pyrethroid insecticides does more harm than good these days so I wont be encouraging treatments once again....,2020-05-27T20:17:42.000Z,chase bruchid beetle flower bean pyrethroid insecticide harm good day I encourage treatment,pest,negative
250,insects,Zwartbles Ireland • Suzanna Crampton,https://twitter.com/ZwartblesIE,So often people are blindly unaware of consequences.Pour on & oral insecticides are environmentally detrimental.They effect a broad variety of insects not just Dung Beetles.When butterflies emerge from their cocoons they seek nutritionally rich food like fresh manure&urine,2024-01-25T09:03:20.000Z,often people blindly unaware consequencespour   oral insecticide environmentally detrimentalthey effect broad variety insect dung beetleswhen butterfly emerge cocoon seek nutritionally rich food like fresh manureurine,effectiveness,negative
251,insects,University of Vermont,https://twitter.com/uvmvermont,The Colorado potato beetle is notorious for its role in starting the pesticide industry and its resistance to insecticides. Now new #UVMResearch finds surprises in the pests DNA: http://go.uvm.edu/j0kue,2018-02-04T17:15:00.000Z,colorado potato beetle notorious role start pesticide industry resistance insecticide new uvmresearch find surprise pest dna,pest,neutral
252,insects,John Young,https://twitter.com/jkpayoung,Here is the new patch 6 weeks into the season. It has been very dry in northern Vermont and the plants have slowed a bit even with overhead watering. I have started our fungicide rotation and insecticides as we have seen a number of cucumber beetles already.,2021-06-13T23:00:05.000Z,new patch 6 week season dry northern vermont plant slow bit even overhead watering I start fungicide rotation insecticide see number cucumber beetle already,pest,negative
253,insects,George Hosier,https://twitter.com/farmingfred,Plenty of dung beetle activity in these pats @minibeastmayhem @thebugfarmUK @PastureForLife 4 years with no insecticides across whole farm arable and beef herd.,2020-04-12T12:58:48.000Z,plenty dung beetle activity pat minibeastmayhem thebugfarmuk pastureforlife 4 year insecticide across whole farm arable beef herd,control methods,positive
254,insects,Georgie Bray,https://twitter.com/georgiewildbray,So excited to hear from Tim Kelly and Sarah To include:using nature to farm productively without fungicides insecticides or pre-em herbicides  to harnessing beetle power and how to boost ecosystem services from our hedgerowsWhat an evening its going to be !,2023-01-13T11:10:02.000Z,excited hear tim kelly sarah includeuse nature farm productively without fungicide insecticide preem herbicide   harness beetle power boost ecosystem service hedgerowswhat evening go,control methods,positive
255,insects,"Documents Delivered, LLC",https://twitter.com/DocsDel,Susceptibility of the Colorado potato beetle (Leptinotarsa decemlineata Say Coleoptera: Chrysomelidae) to applied insecticides in the Republic of Serbia https://documentsdelivered.com/source/000/005/000005091/1997/012796765.php?v=311&utm_source=dlvr.it&utm_medium=twitter…,2024-02-17T23:09:35.000Z,susceptibility colorado potato beetle leptinotarsa decemlineata say coleoptera chrysomelidae apply insecticide republic serbia,pest,neutral
256,insects,Relentless Reese Halter,https://twitter.com/RelentlessReese,The bees hoverflies moths butterflies beetles & other wild pollinators R the key to feeding the world. Without them there is no us! Ban nerve poison insecticides. #BanNeonics @SeaShepherdPaul https://slantedonline.com/ban-neonicotinoids-immediately/…,2021-09-12T00:10:53.000Z,bee hoverflie moth butterfly beetle   wild pollinator r key feed world without us ban nerve poison insecticide banneonic seashepherdpaul,control methods,negative
257,insects,Bevalyne Kwamboka,https://twitter.com/bevalynekwambo3,Some insecticides may target specific insect life stages (for example grubs or the immature stage of a beetle) while herbicides may target specific plant growth stages.#MazaoTalks,2022-10-18T14:03:39.000Z,insecticide may target specific insect life stage example grub immature stage beetle herbicide may target specific plant growth stagesmazaotalk,pest,neutral
258,insects,Andy Salisbury,https://twitter.com/AndrewSalisbur2,The old lab @RHS_wisley is now open to visitors - nice piece on BBC news (5mins) including mention of first @the_RHS entomologists concerns on broad spectrum insecticides in the 1940s (thanks @fjd65) saving daffodils  ... and love the lily beetle map,2023-03-21T10:08:58.000Z,old lab rhs_wisley open visitor   nice piece bbc news 5mins include mention first the_rhs entomologist concern broad spectrum insecticide 1940 thank fjd65 saving daffodil    love lily beetle map,pest,neutral
260,insects,"It's a Corporatocracy, y'all!",https://twitter.com/vegans4bernie,“The USDA sprays pesticides on millions of acres of grasslands in 17 states to prevent native grasshoppers from competing w cattle for forage. Ofc these insecticides also kill bees butterflies beetles & other insects — and put endangered fish birds & other wildlife at risk.”,2022-06-16T23:57:37.000Z,usda spray pesticide million acre grassland 17 state prevent native grasshopper compete w cattle forage ofc insecticide also kill bee butterfly beetle   insect   put endanger fish bird   wildlife risk,"usage,pest,safety","negative,neutral,negative"
261,insects,Floyd W. Shockley,https://twitter.com/Beetle_Guy,Worse people are spraying insecticides in a feeble effort to control them (they will be gone in 3 weeks anyway) instead killing non-target pollinators like bees and butterflies and potentially poisoning birds and other wildlife. So lets be clear... (2/4),2021-06-05T22:38:35.000Z,bad people spray insecticide feeble effort control go 3 week anyway instead kill nontarget pollinator like bee butterfly potentially poison bird wildlife let clear 24,control methods,negative
262,insects,Scott Meers,https://twitter.com/ABbugcounter,.no value at all in controlling flea beetles in the fall.  We don’t gain by prophylactic spraying. We MUST us insecticides to protect crops not to manage populations.,2018-08-15T16:17:32.000Z,value control flea beetle fall   gain prophylactic spraying must insecticide protect crop manage population,control methods,negative
263,insects,Brigit Strawbridge,https://twitter.com/B_Strawbridge,#Insecticides? Or Ground Beetle predators. I know which Id choose! Excellent article from @MattEAShardlow http://theguardian.com/environment/2014/oct/03/beetles-bats-pesticides#comment-41740848… #OSR,2014-10-09T09:42:04.000Z,insecticide ground beetle predator I know choose excellent article matteashardlow   osr,control methods,positive
264,insects,Dr Joe Roberts,https://twitter.com/Dr_Joe_Roberts,Claire Hoarau (Harper Adams University) •  cabbage stem flea beetle is an economically important pest of European oilseed crops• control challenging due to lack of effective synthetic insecticides• biopesticides offer an effective  alternative • nematodes and fungi,2022-07-18T13:19:52.000Z,claire hoarau harper adam university    cabbage stem flea beetle economically important pest european oilseed crop control challenge due lack effective synthetic insecticide biopesticide offer effective   alternative   nematode fungus,control methods,negative
265,insects,John Kempf,https://twitter.com/realJohnKempf,Foliar apply magnesium sulfur molybdenum and boron.  Usually outperforms insecticides for control of most beetles. No direct experience with flax beetles. Effects can last up to 10-14 days. Sometimes only 3-5 days. Hope this helps!,2019-05-12T13:50:31.000Z,foliar apply magnesium sulfur molybdenum boron   usually outperform insecticide control beetle direct experience flax beetle effect last 1014 day sometimes 35 day hope help,control methods,positive
266,insects,"Documents Delivered, LLC",https://twitter.com/DocsDel,Problems in controlling potato crop against the Colorado potato beetle in eastern Serbia and choice of insecticides https://documentsdelivered.com/source/000/005/000005091/1997/012796763.php?v=291&utm_source=dlvr.it&utm_medium=twitter…,2024-02-17T23:14:07.000Z,problem control potato crop colorado potato beetle eastern serbia choice insecticide,control methods,neutral
267,insects,NIFA,https://twitter.com/USDA_NIFA,With NIFA’s funding @UWMadison scientists have a better understanding of the Colorado potato beetle’s resistant to insecticides. By sequencing the genome they are able to understand the bettle’s adaptability and more: http://bit.ly/2Flb9oq #NIFAImpacts,2018-03-09T14:00:03.000Z,nifas funding uwmadison scientist well understanding colorado potato beetle resistant insecticide sequence genome able understand bettle adaptability   nifaimpact,control methods,positive
268,insects,Donna Rainey,https://twitter.com/donnarainey4,I believe this is due to insecticides used in farm animals and domestic pets. The effects of the insecticide on dung beetles is fatal. Its dreadful to see the far reaching effects of routinely used insecticides.,2020-08-13T22:40:04.000Z,I believe due insecticide use farm animal domestic pet effect insecticide dung beetle fatal dreadful see far reach effect routinely use insecticide,"usage,effectiveness,pest","negative,negative,neutral"
269,insects,Joe Stanley,https://twitter.com/JoeWStanley,BEETLE BANKS (AB3) - established across large arable fields they serve as an overwinter habitat for a range of ground beetles & spiders which then move into the crop in spring & help control insect pests - reducing the need for insecticides 2/https://gwct.org.uk/farming/advice/sustainable-farming/beetle-banks/…,2023-06-07T08:05:17.000Z,beetle bank ab3   establish across large arable field serve overwinter habitat range ground beetle   spider move crop spring   help control insect pest   reduce need insecticide 2,control methods,positive
270,insects,C.J. Cooke,https://twitter.com/CJessCooke,No insects no Mozart. Without the beetles we would have no Beatles... Insecticides should be made illegal overnight. Jay Griffiths reading from WHY REBEL.,2021-05-06T17:39:56.000Z,insect mozart without beetle would beatle insecticide make illegal overnight jay griffith read rebel,control methods,negative
271,insects,Go Toxic Free,https://twitter.com/AnnaTurns,So glad that @Costingtheearth is highlighting that flea treatments (= insecticides) in dog poo are detrimental to bugs like dung beetles #GoToxicFree #BringBackTheBugs,2022-10-04T14:44:46.000Z,glad costingtheearth highlight flea treatment   insecticide dog poo detrimental bug like dung beetles gotoxicfree bringbackthebug,overall,positive
272,insects,inner city lefty elitist wanker,https://twitter.com/LindaBariSax,Climate change wide use of insecticides in gardens and parks clearing of bushland all have impact on the beetles.I reckon a lot of people spraying for “grubs” on their properties have no clue whatsoever that they’re killing butterflies and Christmas beetles.,2022-01-12T12:27:19.000Z,climate change wide use insecticide garden park clearing bushland impact beetlesi reckon lot people spray grub property clue whatsoever kill butterfly christmas beetle,"usage,pest","negative,neutral"
273,insects,Greg Dingo,https://twitter.com/GrogDingo,Thats why I never use pesticides or insecticides outside the house and minimal usage inside. Noticed less bees butterflies spiders cicadas chrissy beetles and others generally. I think some is also due to decreased numbers being even more in demand by birds and predators.,2024-02-17T07:11:44.000Z,I never use pesticide insecticide outside house minimal usage inside notice less bee butterfly spider cicada chrissy beetle generally I think also due decrease number even demand bird predator,"usage,pest","negative,neutral"
275,insects,Crop Science Canada,https://twitter.com/Bayer4CropsCA,.@SpudSmartMag just named their 10 most innovative products in 2022 and we made the list!   #vayego is one of our top potato insecticides that protect against Colorado potato beetles. We pride ourselves on innovation and are honored to make the top 10.,2022-03-03T16:20:28.000Z,spudsmartmag name 10 innovative product 2022 make list    vayego one top potato insecticide protect colorado potato beetle pride innovation honor make top 10,pest,positive
276,insects,Неґречний Терен,https://twitter.com/SaveliyZalizniy,Wasps are extremely useful insectsthey hunting many pest species and control their populations.Killing wasps=more caterpillarsmore fliesmosquitoesbugsbeetles and other dangerous for agriculture insects=more insecticides and complex chemistry for their eradication.Worse it?,2024-02-14T07:33:21.000Z,wasp extremely useful insectsthey hunt many pest specie control populationskille waspsmore caterpillarsmore fliesmosquitoesbugsbeetle dangerous agriculture insectsmore insecticide complex chemistry eradicationworse,control methods,negative
277,insects,Arseny Khakhalin,https://twitter.com/ampanmdagaba,Have you heard of robots recognizing and burning weeds with lasers instead of dumping herbicides on them? Or potentially even collecting beetles instead of using insecticides? Or mining deep sea nodules without destroying bentic ecosystems? So many humane uses!!,2021-04-30T17:10:57.000Z,hear robot recognize burn weed laser instead dump herbicide potentially even collect beetle instead use insecticide mining deep sea nodule without destroy bentic ecosystem many humane use,control methods,positive
278,insects,Sally-Ann Spence FRES FLS,https://twitter.com/SallyAnn_Spence,Absolutely. Worm treatments are basically insecticides which can be passed through the animal & into its dung. It is potentially lethal & certainly highly detrimental to the lifecycle of the dung eating beetles as they are insects. We don’t have the perfect solution available,2020-06-01T12:15:44.000Z,absolutely worm treatment basically insecticide pass animal   dung potentially lethal   certainly highly detrimental lifecycle dung eat beetle insect perfect solution available,pest,negative
279,insects,Zwartbles Ireland • Suzanna Crampton,https://twitter.com/ZwartblesIE,That’s because of issues with husbandry not to do with the livestock themselves. Decrease use of wormers&pour on insecticides&insect population will return with the vitality important dung beetles. Their return increased bird&bat food just when bird fledge & bats are nursing,2021-11-01T09:53:06.000Z,issue husbandry livestock decrease use wormerspour insecticidesinsect population return vitality important dung beetle return increase birdbat food bird fledge   bat nurse,control methods,positive
280,insects,Buglife,https://twitter.com/Buzz_dont_tweet,It is of great importance that the UK establishes a transparent risk assessment function for pesticides and introduces new approval tests for wild bees butterflies and ground beetles – all of which were impacted by the approval of neonicotinoid insecticides.”,2021-05-06T13:05:08.000Z,great importance uk establish transparent risk assessment function pesticide introduce new approval test wild bee butterfly ground beetle   impact approval neonicotinoid insecticide,"safety,pest","negative,neutral"
281,insects,Bob Dailey,https://twitter.com/gulfcoastgarden,Honey Bees  Mites and Neonicotinoid Insecticides…What’s causing our honey bee decline http://gardeninginthewoodlands.com/2015/07/27/honey-bees-mites-and-neonicotinoid-insecticides-whats-causing-our-honey-bee-decline…,2015-07-27T23:33:36.000Z,honey bee mite neonicotinoid insecticideswhat cause honey beedecline,pest,neutral
282,insects,John Burke,https://twitter.com/dadsolarjohn,Honeybees harmed by tag team of insecticides mites http://disq.us/t/3fi287u,2019-06-11T14:40:10.000Z,honeybee harm tag team insecticide mites,overall,negative
284,insects,FB69,https://twitter.com/WildWestacre,Dor beetle and phonetic mites a symbiotic relationship one gets a lift to the fresh dung where it eats the eggs of yellow dung flys a potential competitor to the Dor for the freshest dung. One of the benefits of Nature recovery no insecticides and a divesrity of species back,2023-06-16T18:40:23.000Z,dor beetle phonetic mites symbiotic relationship one get lift fresh dung eat egg yellow dung fly potential competitor dor fresh dung one benefit nature recovery insecticide divesrity specie back,control methods,positive
285,insects,Neshanic Station Apiaries,https://twitter.com/nsapiaries,Skunked! It is bad enough bees have to deal with mites insecticides on lawns and fungicides in… https://instagram.com/p/Bg7CivNHXml/,2018-03-29T21:38:35.000Z,skunk bad enough bee deal mite insecticide lawn fungicide,pest,negative
286,insects,Edward Ford,https://twitter.com/Ed_Farmer_Ford,Absolutely fascinating hearing about the use of biocides and predatory mites as insecticides #ipm #OFC15,2015-01-08T09:16:02.000Z,absolutely fascinating hearing use biocide predatory mite insecticide ipm ofc15,"usage,pest",positive
287,insects,Hydro Source II,https://twitter.com/THS_Hydrosource,Lucid Ornamental Miticide Insecticide #PestControl #Insecticides #Mites #Hydroponics #Garden http://tiny.cc/k0gexx,2015-04-24T00:24:03.000Z,lucid ornamental miticide insecticide pestcontrol insecticides mite hydroponics garden,pest,neutral
288,insects,naturalleafs,https://twitter.com/naturalleafs,Washing off the broad mites and insecticides from out door marijuana harvest 2019 https://ift.tt/3dCe91i,2020-03-28T07:10:20.000Z,wash broad mite insecticide door marijuana harvest 2019,pest,neutral
289,insects,DPIRD Broadacre - WA Grains & Livestock,https://twitter.com/DPIRDbroadacre,Management of redlegged earth mites: Insecticides will not kill RLEM eggs so dont assume a pre-sowing insecticide application has killed all mites that could be present during crop germination. Refer to our 2018 Autumn/Winter Insecticide Guide #PestFax https://buff.ly/2Jybyth,2018-06-09T00:30:01.000Z,management redlegged earth mite insecticide kill rlem egg assume presowe insecticide application kill mite could present crop germination refer 2018 autumnwinter insecticide guide pestfax,"pest,usage","negative,neutral"
290,insects,Kelly Ren,https://twitter.com/pesticideskelly,#Lambda-cyhalothrin has a wide #insecticidal spectrum high activity rapid efficacy and its resistant to rain after spraying but it is easy to produce resistance after long-term use. It can be used for the treatment of both insects and mites. #insecticides #pesticide,2021-01-25T12:53:13.000Z,lambdacyhalothrin wide insecticidal spectrum high activity rapid efficacy resistant rain spray easy produce resistance longterm use use treatment insect mite insecticides pesticide,"effectiveness,usage,pest","positive,positive,neutral"
291,insects,ScienTurfic Sod,https://twitter.com/ScienTurficSod,PROTECT your sod! Read our FAQs on insect prevention for your lawn! LEARN how to control mites and grubs using insecticides HERE: http://ow.ly/GIDN50BsOoh#ScienTurficSod #ProtectYourSod #LawnCareTips #InsectTips #LoveYourLawn #RichSoil #InsectControl #HealthyLawn,2020-10-29T17:02:45.000Z,protect sod read faqs insect prevention lawn learn control mite grub use insecticide   protectyoursod lawncaretip insecttip loveyourlawn richsoil insectcontrol healthylawn,control methods,positive
292,insects,Susan Jordan #FreePalestine,https://twitter.com/Moonbootica,Mites and insecticides prove killer combo for honey bees https://swissinfo.ch/eng/natural-science_mites-and-insecticides-prove-killer-combo-for-honey-bees/45009706#.XPbIrvWJNOY.twitter…,2019-06-04T19:38:27.000Z,mite insecticide prove killer combo honey bee,pest,negative
293,insects,Agricura,https://twitter.com/Agricura_ZW,MITAC 20It is used to control of spider mites resistant to organic phosphate insecticides such as red spider mites.,2018-10-22T07:00:01.000Z,mitac 20it use control spider mite resistant organic phosphate insecticide red spider mite,"usage,pest,safety","positive,negative"
294,insects,Nebraska CropWatch,https://twitter.com/UNL_CropWatch,Managing Spider Mites in Corn and Soybean | Recommendations for managing spider mites in #corn and #soybean including treatment thresholds insecticides. #nebext https://buff.ly/3hBDvhg,2020-07-25T14:32:02.000Z,manage spider mite corn soybean   recommendation manage spider mite corn soybean include treatment threshold insecticide nebext,control methods,positive
295,insects,Yanis,https://twitter.com/Yanis64345194,On 01/04/2023 the EU allowed the addition of insecticides to bakery products pasta etc. It is very likely that people allergic to shellfish mollusks and mites will also be allergic to insects. But the EU has other public health priorities,2023-01-18T09:10:02.000Z,01042023 eu allow addition insecticide bakery product pasta etc likely people allergic shellfish mollusk mite also allergic insect eu public health priority,pest,negative
296,insects,Institute of Occupational Medicine (IOM),https://twitter.com/IOMworld,IOM published a major study into the health and welfare of sheep farmers who use insecticides on farms while sheep dipping to control scab mites in 2001Find out more about some of the important agricultural research that IOM do here: http://bit.ly/2Zv4Zfu#IOM50,2019-08-31T13:00:12.000Z,iom publish major study health welfare sheep farmer use insecticide farm sheep dip control scab mite 2001find important agricultural research iom,"usage,pest","neutral,negative"
297,insects,ScienceandInnovation,https://twitter.com/CampaignSandI,Before #neonics #bees died for other reasons - loss of habitat mites diseases insecticides warm winter http://bit.ly/20VmvVi,2016-02-10T14:16:00.000Z,neonics bee die reason   loss habitat mites disease insecticide warm winter,pest,negative
298,insects,"Hebei Xintian Biological Technology Co., Ltd",https://twitter.com/XTpesticide,76% Propargite ECFeatures:Propargite EC has a wide range of effects can kill a variety of harmful mites but also can kill other insecticides prone to resistance to harmful mites whether adult mites mites young mites and mite eggs are good,2019-10-17T06:47:01.000Z,76 propargite ecfeaturespropargite ec wide range effect kill variety harmful mite also kill insecticide prone resistance harmful mite whether adult mites mite young mites mite egg good,"effectiveness,toxicity,pest","positive,negative"
299,insects,UFCitrusBugs,https://twitter.com/UFCitrusBugs,Oh hey there spider mites...time to get rid of your habitat. No insecticides in this greenhouse= trimming & oils or soap. A little greenhouse therapy (trimming) was a nice change of pace today. @UFIFASCitrusREC @UFEntomology,2021-02-18T16:50:35.000Z,oh hey spider mitestime get rid habitat insecticide greenhouse trim   oil soap little greenhouse therapy trim nice change pace today ufifascitrusrec ufentomology,control methods,positive
300,insects,거마 (qamar),https://twitter.com/shudnotbename,Locals tend to say all ectoparasites are kutu je. Mites arent kutu. If u got several symptoms caused by this mite can go immediately to see doc. Insecticides could be prescribe.,2020-04-04T11:27:07.000Z,local tend say ectoparasite kutu je mite kutu u get several symptom cause mite go immediately see doc insecticide could prescribe,pest,neutral
302,insects,Dormio Organic Beds,https://twitter.com/organic_beds,Most mattresses protect against dust mites by adding #toxic insecticides. Not us! Dormio solves that problem with open cell #organic rubber tree latex which naturally repels pests. It might be why plants produce latex in the first place!,2019-02-04T21:37:45.000Z,mattress protect dust mite add toxic insecticide us dormio solve problem open cell organic rubber tree latex naturally repel pest might plant produce latex first place,control methods,positive
303,insects,Stock & Land,https://twitter.com/stockandland,Redlegged earth mites resistant to insecticides have been found in South Australia with an eastern spread... http://fb.me/7GTJxcu8o,2017-06-08T04:47:05.000Z,redlegge earth mite resistant insecticide find south australia eastern spread,pest,neutral
304,insects,Horizon Resources Coop,https://twitter.com/Horizon_Coop,Harvest for early crops has started but dont ignore your beans for pesky insects like thistle caterpillars and spider mites. Knowing what insecticides to use is crucial for these pests. More info herehttps://ow.ly/jrM950PxA2x,2023-08-11T14:59:49.000Z,harvest early crop start ignore bean pesky insect like thistle caterpillar spider mite know insecticide use crucial pest info,control methods,positive
305,insects,Agricultural Research Service,https://twitter.com/USDA_ARS,According to a recent study Varroa mites and deformed wing virus make honeybees more susceptible to insecticides. Read more https://bit.ly/3PrKkWD,2023-06-21T15:03:24.000Z,accord recent study varroa mite deform wing virus make honeybee susceptible insecticide read,pest,negative
306,insects,Joanna Wallace,https://twitter.com/JoannaMWallace,@ashendricks80 @bookieboo its a combination of many factors (urban encroachment mites insecticides etc) it is not herbicides or GMOs.,2015-05-19T01:22:48.000Z,ashendricks80 bookieboo combination many factor urban encroachment mite insecticide etc herbicide gmo,control methods,neutral
307,insects,MW Titterington,https://twitter.com/mwt37,Bloomberg: Swiss govt wont ban neonic pesticides because it believes varroa mites not insecticides are responsible for bee deaths.,2013-03-12T22:01:30.000Z,bloomberg swiss govt ban neonic pesticide believe varroa mite insecticide responsible bee death,pest,negative
308,insects,Angel Chay ⚘,https://twitter.com/cityangel78,Japanese R&D import！OD Pesticides for plants Racun serangga tanaman Racun serangga perosak tanaman 500ml Can kill aphids whiteflies spider mites.Insecticides for plants 杀虫剂Product Price:  RM39Discount Price:  RM14.78https://s.lazada.com.my/s.7LBdG?cc,2024-01-06T02:17:33.000Z,japanese rd importod pesticide plant racun serangga tanaman racun serangga perosak tanaman 500ml kill aphid whitefly spider mitesinsecticide plant product price   rm39discount price   rm1478,pest,neutral
309,insects,Nagrak OSRI Center,https://twitter.com/NOSCenter,Pesticides include agents for killing insects (insecticides) mites (miticides) weeds (herbicides) fungi (fungicides) & rodents.,2010-01-25T06:29:50.000Z,pesticide include agent kill insect insecticides mites miticides weed herbicide fungi fungicide   rodent,overall,neutral
310,insects,EurekaMag,https://twitter.com/EurekaMag,#EurekaMag The in vitro response of sheep scab mites to pyrethroid insecticides http://dlvr.it/L08yDp,2016-04-07T08:24:11.000Z,eurekamag vitro response sheep scab mites pyrethroid insecticide,overall,neutral
311,insects,K. D.,https://twitter.com/Amergran378,These mites world-wide? Insecticides (neonicotinoids) are except in countries smart enough to ban just recently. USA not $ influence.,2017-07-26T14:21:49.000Z,mite worldwide insecticides neonicotinoid except country smart enough ban recently usa   influence,pest,negative
312,insects,The Shamba Calendar,https://twitter.com/ShambaCalendar,Simple practices to manage Thrips: Monitor the crop regularly.  Ploughing and harrowing before transplanting to kill pupae in the soil. Use of recommended insecticides. Conserve natural enemies. Predatory mites ladybird and spiders.#YourFarmersGuardian,2024-02-14T10:27:02.000Z,simple practice manage thrip monitor crop regularly   ploughing harrowing transplant kill pupa soil use recommend insecticide conserve natural enemy predatory mites ladybird spidersyourfarmersguardian,control methods,positive
313,insects,ImdaPrincesse,https://twitter.com/ImdaPrincesse,https://phys.org/news/2024-01-global-threat-crops-insecticide-resistance.html…Potassium salts of fatty acids never fail even on spider mites Why use those insecticides when insecticidal soaps will do?,2024-01-19T17:58:27.000Z,  salt fatty acid never fail even spider mite use insecticide insecticidal soap,control methods,positive
314,insects,FarmOnline,https://twitter.com/FarmOnline,Red legged earth mites resistant to insecticides have been found in South Australia. Where do researchers expect... http://fb.me/7TCuy0rhM,2017-06-05T23:00:03.000Z,red legged earth mite resistant insecticide find south australia researcher expect,pest,neutral
315,insects,𝐁𝐫𝐮𝐜𝐞 𝐓𝐡𝐨𝐦𝐩𝐬𝐨𝐧,https://twitter.com/Friesian_man,These mites also treat livestock parasites with the same manner reducing burdens on cattle/sheep. Anthelmintics and insecticides (wormers + fly control) dessimate the population of these and create a carte blanch for parasites. Consider options to reduce treatment. @tommythevet,2019-06-30T05:50:41.000Z,mite also treat livestock parasite manner reduce burden cattlesheep anthelmintic insecticide wormer   fly control dessimate population create carte blanch parasite consider option reduce treatment tommythevet,control methods,positive
316,insects,kait,https://twitter.com/Kaitlynbailey00,According to my research from seminar bees are going extinct mostly from the mites and parasites. Climate change and insecticides can also be factors,2017-12-14T02:09:07.000Z,accord research seminar bee go extinct mostly mites parasite climate change insecticide also factor,overall,negative
318,insects,Henk Tennekes,https://twitter.com/tennekes_tox,The true story: mites kill bees weakened by chronic exposure to infinitesimal amounts of neonicotinoid insecticides http://cbc.ca/1.3116368,2015-08-10T08:27:03.000Z,true story mite kill bee weaken chronic exposure infinitesimal amount neonicotinoid insecticide,pest,negative
319,insects,Research2Reality,https://twitter.com/r2rnow,No time for debate: mites or insecticides may be culprits but this problem needs solving now http://ow.ly/QZ5a7,2015-08-19T12:45:32.000Z,time debate mite insecticide may culprit problem need solve,control methods,negative
320,insects,UDAF,https://twitter.com/UTagandfood,https://youtube.com/watch?v=rnpWIeZmvC0… Neonicotinoids defended. Bayer Cropscience argues that bee decline is caused by mites not insecticides.#honeybees,2014-08-29T19:26:22.000Z,  neonicotinoid defend bayer cropscience argue bee decline cause mite insecticideshoneybee,pest,negative
321,insects,Lee Tesdell,https://twitter.com/leetesdell,Honeybees are under attack from a double whammy of ag insecticides and mites. This is according to my beekeeper. Good honey year in 2020 but ironically they lost a large number of colonies. 2021 is a re-building year in Iowa. #honeybeesinIowa.,2021-05-21T02:34:28.000Z,honeybee attack double whammy ag insecticide mite accord beekeeper good honey year 2020 ironically lose large number colony 2021 rebuild year iowa honeybeesiniowa,pest,negative
323,insects,Edwin Schuette,https://twitter.com/edcedar,@KailynGali Look at it this way! You are the rose they are the stems leaves thorns dirt fertilizer spider mites and insecticides! :-),2014-03-25T21:11:28.000Z,kailyngali look way rose stem leave thorn dirt fertilizer spider mite insecticide,pest,negative
324,insects,Pia: The Ghost of Dr Carl Jensen,https://twitter.com/Cecalli_Helper,Horse: its curious that weve looked at mites insecticides and EM but not much public info on the radiation effects other than small scholarly studies http://caferadlab.com/thread-2401-post-5350.html#pid5350… #genpatsu #wildlife #biota #bees #health #chitin #security #climate #environment #foodsec #policy,2018-05-01T13:18:56.000Z,horse curious look mite insecticide em much public info radiation effect small scholarly study   genpatsu wildlife biota health chitin security climate environment foodsec policy,"pest,effectiveness","neutral,neutral"
326,insects,IrrevLyn is actually a Zombie. Black Lives Matter.,https://twitter.com/Reverend_Lyn,Its not the mites. Its the herbicides insecticides fertilizers and the fact that you never know whos been handling the food or if its spilled across the floor. C-diff e-coli influenza and such are less than fun.Washing your fresh food before preparing is really best.,2019-12-19T14:16:04.000Z,mite herbicide insecticide fertilizer fact never know handle food spill across floor cdiff ecoli influenza less funwashe fresh food prepare really good,pest,negative
327,insects,@lilesosanna.bsky.social,https://twitter.com/Lile_sosanna,These sisters have been struck by mites beetles p[pathogens insecticides and many other health problems that we havent started to understand yet feel some love for our bees.,2020-03-18T17:54:13.000Z,sister strike mite beetles ppathogen insecticide many health problem start understand yet feel love bee,pest,negative
328,insects,Hoodbilli,https://twitter.com/kalionchi_ken,i have planted the variety 1300 seedlings but i’m facing a big challenge the seedlings are infested with red spider mites..sprayed with insecticides but little improvement.help,2020-07-13T17:35:48.000Z,I plant variety 1300 seedling I face big challenge seedling infest red spider mitesspraye insecticide little improvementhelp,control methods,negative
329,insects,Madalyn Shires,https://twitter.com/SDSUPlantPath,Insecticides do not provide protection against mites. Destroy volunteer wheat and grasses 2wks within the field  b4 planting to reduce risk,2017-09-19T00:28:34.000Z,insecticide provide protection mite destroy volunteer wheat grass 2wks within field   b4 planting reduce risk,control methods,positive
331,insects,VegetableGrowersNews,https://twitter.com/VGN_News,Spider mites are common pests that can invade various crops causing stress and decreased yield and quality. During the 2023 @GLEXPO attendees gain insight into controlling two-spotted spider mites through the use of predatory mites insecticides and morehttps://vegetablegrowersnews.com/article/mastering-pest-management-great-lakes-expo/…,2023-10-04T17:55:27.000Z,spider mite common pest invade various crop cause stress decrease yield quality 2023 glexpo attendee gain insight control twospotted spider mite use predatory mite insecticide,control methods,positive
332,insects,Solange Sonnier,https://twitter.com/Solange_Sonnier,Insecticides herbicides mites ect.,2019-09-09T00:40:42.000Z,insecticide herbicide mite ect,pest,neutral
333,insects,Frontiers - Ecology & Evolution,https://twitter.com/FrontEcolEvol,New Research: Synergistic and Antagonistic Interactions Between Varroa destructor Mites and Neonicotinoid Insecticides in Male Apis mellifera Honey Bees: Pressures from multiple sometimes interacting stressors can have negative consequences to… https://frontiersin.org/articles/10.3389/fevo.2021.756027?utm_source=S-TWT&utm_medium=SNET&utm_campaign=ECO_FEVO_XXXXXXXX_auto-dlvrit… #Ecology,2021-11-21T23:00:33.000Z,new research synergistic antagonistic interaction varroa destructor mite neonicotinoid insecticide male apis mellifera honey pressure multiple sometimes interact stressor negative consequence   ecology,pest,negative
334,insects,Gerald Syring,https://twitter.com/GeraldSyring,Dry land starting to look pretty tough in W Neb / CO - irrigation coming along fairly well - crazy insect pressure - alfalfa weevils grasshoppers  WBC  mites - lots of insecticides going out,2020-07-18T16:51:17.000Z,dry land start look pretty tough w neb   co   irrigation come along fairly well   crazy insect pressure   alfalfa weevil grasshopper   wbc   mite   lot insecticide go,pest,neutral
335,insects,MacLesggy,https://twitter.com/MacLesggy,The 1st recorded use of insecticides is about 4500 years ago by Sumerians who used sulphur compounds to control insects and mites whilst about 3200 years ago the Chinese were using mercury and arsenical compounds for controlling body lice. https://agrochemicals.iupac.org/index.php?option=com_sobi2&sobi2Task=sobi2Details&catid=3&sobi2Id=31…,2019-10-16T11:38:16.000Z,1st record use insecticide 4500 year ago sumerian use sulphur compound control insect mite whilst 3200 year ago chinese use mercury arsenical compound control body lice,"usage,pest","neutral,negative"
337,insects,Hannah Neuenschwander,https://twitter.com/hannahaggie2014,Hayes: using RNAi the goal would be to help bees protect themselves from varroa mites and reduce insecticides used in colony management,2017-01-26T19:44:00.000Z,hayes use rnai goal would help bee protect varroa mite reduce insecticide use colony management,"usage,pest","positive,negative"
338,insects,Pooetryman,https://twitter.com/POOetryman,I hope you can get a good colony going. Watch out for colony collapse though. The cause isnt entirely clear but neonicotinoid insecticides and varroa mites are thought to play a major role.,2021-03-11T19:28:37.000Z,I hope get good colony going watch colony collapse though cause entirely clear neonicotinoid insecticide varroa mite think play major role,pest,negative
339,insects,Mike Pease,https://twitter.com/EasyPease69,Looks like mite damage but its hard to tell without physically seeing the leaves. Some mites are highly resistant to insecticides.,2023-09-18T03:24:15.000Z,look like mite damage hard tell without physically see leave mite highly resistant insecticide,"pest,toxicity","negative,negative"
340,insects,Marc,https://twitter.com/incalcitrant,Everybody loves Coco Chow! I love the flavor but the older product may appear lower due to settling in the package. Its also likely to be powdery. Thats not sugar flakes it is likely made up of dust mites cricket parts insecticides and other undesirable Chinese components.,2023-01-11T17:34:50.000Z,everybody love coco chow I love flavor old product may appear low due settle package also likely powdery sugar flake likely make dust mite cricket part insecticide undesirable chinese component,pest,negative
341,insects,Tracy Strombotne,https://twitter.com/tstrombotn,Well it depends on what they are. Common ones are ants mealy bugs scales spider mites fungus gnats an snails or slugs.  Springtails are harmless.  Or send pictures if you can find them again . And someone will identify. Use a miticide for mites!  Insecticides dont work.,2021-07-17T17:13:51.000Z,well depend common one ant mealy bug scale spider mites fungus gnat snail slug   springtail harmless   send picture find   someone identify use miticide mite   insecticide work,"usage,pest,effectiveness","negative,negative"
342,insects,Dan Mazier,https://twitter.com/MBDan7,Threats to bees  mitestransmission of disease insecticides  for mosquitos etc. Bee associations good resource for info #mbbeekeepers,2014-02-20T15:34:17.000Z,threat bee   mitestransmission disease insecticide   mosquito etc bee association good resource info mbbeekeeper,pest,neutral
343,insects,Spectrum News SA,https://twitter.com/SpecNewsSA,Over the past twenty years #bee populations have been struggling across the country because of habitat loss mites and insecticides. http://spectrumlocalnews.com/tx/san-antonio/news/2018/03/15/start-of-spring-signals-return-of-bees-despite-populations-struggling…,2018-03-15T13:30:00.000Z,past twenty year bee population struggle across country habitat loss mite insecticide,pest,negative
344,insects,Bill Chappell,https://twitter.com/publicbill,I hear you. but they’re different issues. AFB is horrible but rare in some areas. Broader issues are colony collapse disorder and varroa mites and yes insecticides - which  even if they don’t destroy a hive can weaken it for mites etc.,2018-12-09T14:43:31.000Z,I hear different issue afb horrible rare area broad issue colony collapse disorder varroa mite yes insecticide     even destroy hive weaken mite etc,pest,negative
345,insects,ISTA - International Seed Testing Association,https://twitter.com/ISTAseedtesting,Red nets are the stop sign for insect pests in agriculture! Research from @UTokyo_News_en shows theyre more effective at deterring onion thrips reducing need for harmful insecticides. @ISTAseedtesting learns more: https://shorturl.at/hnpuR #seedquality #seedtesting,2024-02-27T13:00:49.000Z,red net stop sign insect pest agriculture research utokyo_news_en show effective deter onion thrip reduce need harmful insecticide istaseedteste learn   seedquality seedtesting,control methods,positive
346,insects,Koppert US,https://twitter.com/koppertus,#Predatorymites manage and reduce harmful #pests in various environments. They are natural enemies of many plant-feeding mites and insects like spider mites whitefly and thrips and are essential to your #IPM program! https://bit.ly/3SMfZDk#growers #agriculture #horticulture,2024-02-26T19:24:00.000Z,predatorymite manage reduce harmful pest various environment natural enemy many plantfeeding mite insect like spider mite whitefly thrip essential ipm program   agriculture horticulture,control methods,positive
347,insects,ZooKeys,https://twitter.com/ZooKeys_Journal,Description of two new genera of thrips from mid-Cretaceous Kachin amber: https://doi.org/10.3897/zookeys.1192.117754…#newspecies #insects #taxonomy @amnh @NMNH @UNMSM_,2024-02-22T13:46:24.000Z,description two new genera thrip midcretaceous kachin amber   insect taxonomy amnh nmnh unmsm _,overall,neutral
348,insects,kiraxmisu,https://twitter.com/kiraxmisu,ladybugs particularly ladybug larvae are commonly recogonized as apex predators in the insect world. they have a voracious appetite and help control spider mites aphids mealy bugs and thrips all of which can decimate your indoor/outdoor garden.,2024-02-19T17:17:57.000Z,ladybug particularly ladybug larvae commonly recogonize apex predator insect world voracious appetite help control spider mites aphids mealy bug thrip decimate indooroutdoor garden,control methods,positive
349,insects,Benoît GILLES,https://twitter.com/PassionEntomo,Changer de couleur les moustiquaires rouge au lieu de noir ou blanc permet de reduire les quantités d’insecticides de 25 à 50% dans la lutte contre les Thrips en culture d’oignons ou de tomates ! Des petits gestes peuvent faire la différence !,2024-02-26T13:03:28.000Z,changer de couleur les moustiquaires rouge au lieu de noir ou blanc permet de reduire les quantit dinsecticide de 25   50 dans la lutte contre les thrips en culture doignon ou de tomates   des petit geste peuvent faire la diffrence,control methods,positive
350,insects,Superstar Speedboat Trips,https://twitter.com/markhaynes66,All that aluminium they are spraying up there is not only killing us but killing the whole planet. Birds bees plants trees insects & animals.,2024-02-19T21:02:27.000Z,aluminium spray kill kill whole planet bird bee plant tree insect   animal,usage,negative
351,insects,Moon’s Neighbour ⬨ꜩ NFTNYC'24,https://twitter.com/vosoughiam,congrats all,2024-02-25T20:20:43.000Z,congrat,overall,positive
352,insects,N.Sunil Kumar,https://twitter.com/NSunilKuma13242,Mosquitoes dont scamper on ground these are some other insects attracted to light bulbs. Like thrips or termites.,2024-02-24T09:17:50.000Z,mosquito scamper ground insect attract light bulb like thrip termite,overall,neutral
353,insects,CP Chemicals Pvt Ltd,https://twitter.com/CPChemicals24,Cutworms Caterpillars Leaf Hoppers Aphids & Thrips are some of the menacing insect pests in ONION production. Any onion grower should have in stock Lambda for cutworms Volt Elegant Cabaryl Dichlorvos & Abamectin. We recommend you to add CP Wetter when applying.,2024-02-24T09:17:50.000Z,cutworm caterpillar leaf hopper aphids   thrip menacing insect pest onion production onion grower stock lambda cutworm volt elegant cabaryl dichlorvos   abamectin recommend add cp wetter apply,pest,negative
354,insects,jamshid Jahrominejad,https://twitter.com/jamshidjiber,Great congrats brother,2024-02-24T22:02:57.000Z,great congrats brother,overall,positive
355,insects,UC Davis Entomology and Nematology,https://twitter.com/UCDavisEntomolo,Dorith Rotenberg will deliver seminar on “Advances and Innovations in the Characterization of Molecular Interactions Between Frankliniella occidentalis and Tomato Spotted Wilt Virus” at 4:10 p.m. Feb. 26 in 122 Briggs Hall #ucdavis. Also on Zoom.,2024-02-26T22:29:07.000Z,dorith rotenberg deliver seminar onadvance andinnovation thecharacterization ofmolecularinteractionsbetween frankliniella occidentalisandtomatospottedwiltvirus 410 pm feb 26 122 briggs hall ucdavis also zoom,overall,neutral
356,insects,Gardener's Path,https://twitter.com/Gardeners_Path_,How to Identify and Control Thrips - How do you deal with minute insects sucking the life out of your flowers and vegetables? Learn about thrips and how to control them on Gardeners Path. https://gardenerspath.com/how-to/disease-and-pests/control-thrips/… #gardenpests,2024-02-20T16:41:17.000Z,identify control thrip   deal minute insect suck life flower vegetable learn thrip control gardener path   gardenpest,overall,negative
357,insects,PF (Pièf/Patricia) Anderson,https://twitter.com/pfatech,Magic mushrooms evolved to send insect brains on wild trips,2024-02-18T13:46:17.000Z,magic mushroom evolve send insect brain wild trip,overall,neutral
358,insects,H,https://twitter.com/Maxiedoggie2026,I remember roads trips when I first got my license (early 90s) and  car would be covered in dead insects….Now this no longer happens….,2024-02-20T19:13:04.000Z,I remember road trip I first get license early 90   car would cover dead insectsnow long happen,overall,negative
359,insects,Superstar Speedboat Trips,https://twitter.com/markhaynes66,what about the effects of #GeoEngineering  #StratosphericAerosolInjection on agriculture & the wider environment. Not just plants but insects birds & animals. Were in the throws of an extinction event worse than that which hit the dinosaurs caused by the psychopathic globalists,2024-02-25T12:20:22.000Z,effect geoengineere   stratosphericaerosolinjection agriculture   wide environment plant insect bird   animal throw extinction event bad hit dinosaur cause psychopathic globalist,effectiveness,negative
360,insects,Farm With Fred,https://twitter.com/Fredmunene_,Insect pests such as:Cucumber beetle Red spider mites Thrips aphids and Melon fly too cause big  problems.16/19,2024-02-26T15:41:50.000Z,insect pest ascucumber beetle red spider mites thrips aphids melon fly cause big   problems1619,pest,negative
361,insects,lizzy waugh,https://twitter.com/LizzyWaugh,That is beautiful.  We have a fabric one for mainland shopping trips. Less classy more Nanna.Insects can be a problem.  Tap. Vac and spray monthly x,2024-02-24T14:27:18.000Z,beautiful   fabric one mainland shopping trip less classy nannainsect problem   tap vac spray monthly x,usage,positive
362,insects,Nigeria Stories,https://twitter.com/NigeriaStories,Meet  Nigerian genius Abdulrazak Ibrahim who invented and patented an insect control technology in Brazil that will help farmers protect their plants from getting destroyed by white flies. The BUK Kano graduate is hoping to protect crops in Africa from destructive insects.,2021-01-16T20:42:00.000Z,meet   nigerian genius abdulrazak ibrahim invent patent insect control technology brazil help farmer protect plant getting destroy white fly buk kano graduate hope protect crop africa destructive insect,control methods,positive
363,insects,Africa Facts Zone,https://twitter.com/AfricaFactsZone,Nigerian Agricultural Biotechnologist Dr. Abdulrazak B. Ibrahim created and patented an insect control technology that helps farmers protect their plants from white flies destruction.He is a Senior Lecturer at Ahmadu Bello University Nigeria.,2023-03-19T19:16:10.000Z,nigerian agricultural biotechnologist dr abdulrazak b ibrahim create patent insect control technology help farmer protect plant white fly destructionhe senior lecturer ahmadu bello university nigeria,control methods,positive
364,insects,ᴏᴠɪᴇ ᴀʟɪ ᴏnovwo-ᴏᴍᴀsᴏʀᴏ ™,https://twitter.com/OvieNews,Meet Nigerian genius Abdulrazak Ibrahim who invented and patented an insect control technology in Brazil that will help farmers protect their plants from getting destroyed by white flies. The BUK Kano graduate is hoping to protect crops in Africa from destructive insects.,2023-02-21T17:24:50.000Z,meet nigerian genius abdulrazak ibrahim invent patent insect control technology brazil help farmer protect plant getting destroy white fly buk kano graduate hope protect crop africa destructive insect,control methods,positive
365,insects,Adee Edds,https://twitter.com/adamadheel,If ur growing solanaceae plants at home (tomato chili egg plant etc) u must have a yellow sticky trap. It will attract and kill a lot of whitefly thus u will hardly have to use any form of pesticide. (The tiny creamy colord ones on tge trap are white flies),2021-02-15T12:15:59.000Z,ur grow solanaceae plant home tomato chili egg plant etc u must yellow sticky trap attract kill lot whitefly thus u hardly use form pesticide tiny creamy colord one tge trap white fly,control methods,positive
366,insects,joni,https://twitter.com/JDansant,Most ladybugs will eat aphids mites white flies & scale insects. But many ladybugs supplement their diets with pollen & other plant foods some eat vegetation & fungi exclusively. The orange ladybug eats mildew. Others dine on   vegetables.,2020-08-17T05:22:34.000Z,ladybug eat aphid mites white fly   scale insect many ladybug supplement diet pollen   plant food eat vegetation   fungi exclusively orange ladybug eat mildew dine    vegetable,control methods,neutral
367,insects,Mkulima Tips,https://twitter.com/Wanja27Njeri,Its that season of Tylcv..... Farmers be warned of the tomato yellow leaf curl virus... Its prevalent in this month mostly because of the upsurge in white flies. Be sure to plant resistant varieties or strengthen your plants with high K products#mkulimatips,2023-02-09T09:15:42.000Z,season tylcv farmer warn tomato yellow leaf curl virus prevalent month mostly upsurge white fly sure plant resistant variety strengthen plant high k productsmkulimatips,pest,negative
369,insects,Donna Rainey,https://twitter.com/donnarainey4,These flies have died as a result of becoming infected with the fungusEntomophthora muscae.This fungi consumes the flys haemolymph & fat cells.The fly then crawls to the top of a plantassumes this characteristic pose& exits the body in these white stripesspores then disperse.,2018-10-15T18:53:59.000Z,fly die result becoming infect fungusentomophthora muscaethis fungi consume flys haemolymph   fat cellsthe fly crawl top plantassume characteristic pose exit body white stripesspore disperse,effectiveness,negative
370,insects,Dunni Adeniyi,https://twitter.com/dunnia33,“This is a Nigerian genius Abdulrazak Ibrahim who invented &patented an insect control technology in Brazil that will help farmers protect their plants from getting destroyed by white flies. The BUK Kano graduate is hoping to protect crops in Africa from destructive insects.”,2021-01-08T09:27:23.000Z,nigerian genius abdulrazak ibrahim invent patent insect control technology brazil help farmer protect plant getting destroy white fly buk kano graduate hope protect crop africa destructive insect,control methods,positive
371,insects,GMWatch,https://twitter.com/GMWatch,How do #GMO crops speed up the spread of plant pests? https://testbiotech.org/en/news/how-do-genetically-engineered-crops-speed-spread-plant-pests… In China cotton bollworms are spreading rapidly in fields where Bt cotton is grown. In Brazil so-called white flies are becoming increasingly problematic in Bt soybean fields. Why? @testbiotech asks,2021-03-24T15:33:05.000Z,gmo crop speed spread plant pest   china cotton bollworm spread rapidly field bt cotton grow brazil socalle white fly become increasingly problematic bt soybean field testbiotech ask,pest,negative
372,insects,Plants Over Ppl,https://twitter.com/plantsoverppl,I went away for a week and came back to a slight pest infestation A few plants are showing signs of Spider Mites and White Flies:- Brown Dry Patches - Dying Leaves- Black Dots (Mites)- White Dots (Flies)- Tiny Holes - Mushy Dying Leaves,2021-08-25T18:01:44.000Z,I go away week come back slight pest infestation plant show sign spider mite white fly brown dry patch   die leave black dot mites white dot fly tiny hole   mushy dying leave,pest,neutral
373,insects,Philippa Burrough,https://twitter.com/UltingWick,Life is SO busy at the moment with private groups. Laying up teas looking after them and the baking of cakes. Top seller has been the variegated white honesty. As soon as I pot it up it flies out. Such a stunner of a plant and perfect to light up a shady area in the garden.,2022-05-04T18:11:50.000Z,life busy moment private group lay tea look baking cake top seller variegate white honesty soon I pot fly stunner plant perfect light shady area garden,overall,positive
374,insects,Ian Beavis,https://twitter.com/iancbeavis,Zombie hoverfly on a scabious stalk. Infested by a fungus that induces flies to die hanging on to plant stems from which the fungal spores can disperse. Growth of the white fungal fruiting body causes the abdomen to expand between the segments,2021-09-28T19:36:33.000Z,zombie hoverfly scabious stalk infest fungus induce fly die hang plant stem fungal spore disperse growth white fungal fruit body cause abdoman expand segment,overall,neutral
375,insects,Richard Fox,https://twitter.com/RichardFoxBC,So glad I left this ragwort to grow in my garden - fantastic plant for pollinators. 2 female Gatekeepers & a Green-veined White on it just now + host of bees & flies #ButerflyCount,2018-07-22T16:32:13.000Z,glad I leave ragwort grow garden   fantastic plant pollinator 2 female gatekeeper   greenveine white   host bee   fly buterflycount,control methods,positive
376,insects,Mark Lane,https://twitter.com/MarkLaneTV,For a stunning natural garden next summer why not plant umbellifers.  Early-flowering umbellifers tend to have white green or pink flowers and because each individual flower is very tiny they attract hoverflies flies and bees @GWandShows @GWmag @TeleGardening @GdnsIllustrated,2018-11-12T09:30:12.000Z,stunning natural garden next summer plant umbellifer   earlyflowere umbellifer tend white green pink flower individual flower tiny attract hoverflie fly beesgwandshow gwmag telegardening gdnsillustrate,control methods,positive
377,insects,pastelenigma.bsky.social,https://twitter.com/pastel_enigma,Shes here! And already eating white flies off the basil plant. She lost some of her sap in transport but it should come back in a couple days,2021-05-05T15:43:26.000Z,already eat white fly basil plant lose sap transport come back couple day,control methods,positive
378,insects,Jawrsh,https://twitter.com/Philip_J_Fried,Seriously the greatest soap on the planet as well as toothpaste and everything inbetween. Fun fact you can mix Dr. Bronners hemp castile soap and water to use as a natural pesticide for white flies and spider mites to stop them from eating your cannabis plants.,2019-06-06T18:38:53.000Z,seriously great soap planet well toothpaste everything inbetween fun fact mix dr bronner hemp castile soap water use natural pesticide white fly spider mite stop eat cannabis plant,control methods,positive
379,insects,Asiwaju of Ibeju Lekki. يوسف,https://twitter.com/Asiwaju__,Meet Nigerian genius who invented and patented an insect control technology in Brazil that will help farmers protect their plants from getting destroyed by white flies. The BUK Kano graduate is hoping to protect crops in Africa from destructive insects.Copied Ovie.,2023-02-22T12:21:09.000Z,meet nigerian genius invent patent insect control technology brazil help farmer protect plant getting destroy white fly buk kano graduate hope protect crop africa destructive insectscopied ovie,control methods,positive
380,insects,Sue,https://twitter.com/littlesue197,What a beautifully sunny day! Today’s butterfly count 8 Red Admiral1 Peacock1 Small Tortoiseshell3 Large White If you have room and want to help our butterflies bees hover flies and moths plant a Buddleja!,2023-02-22T12:21:09.000Z,beautifully sunny day today butterfly count 8 red admiral1 peacock1 small tortoiseshell3 large white room want help butterfly bee hover fly moth plant buddleja,overall,positive
381,insects,Lovely_Plot,https://twitter.com/lovely_plot,C A L E N D U L AAnother garden superstar! They can repel white flies from tomatoes & aphids from beans. Pollinators love them & visit often for pollen & nectar & aphid snackPetals are edible & plant is widely used for making creams balms sprays teas  #FlowersOnFriday,2021-04-09T08:02:13.000Z,c l e n u l aanother garden superstar repel white fly tomatoe   aphid bean pollinator love   visit often pollen   nectar   aphid snackpetal edible   plant widely use make cream balm spray tea   flowersonfriday,control methods,positive
382,insects,garden experiencebot,https://twitter.com/gardenexperienc,You blink blissfully. You ponder a pristine plant with complicated white petals. You ponder a crumpled butterfly that flies away from a succulent bridge.,2020-11-06T00:41:05.000Z,blink blissfully ponder pristine plant complicated white petal ponder crumpled butterfly fly away succulent bridge,overall,neutral
383,insects,Francisca Staines,https://twitter.com/StaBoFr,Bad luck pestering you?Search for a white butterfly. Once you find one ask her to take your bad luck away. It the butterfly flies up youre free to go. If she flies toward the ground or a plant youve done something to deserve the bad luck & you must repent.#FolkloreThursday,2018-10-04T08:34:22.000Z,bad luck pester yousearch white butterfly find one ask take bad luck away butterfly fly free go fly toward ground plant something deserve bad luck   must repentfolklorethursday,overall,neutral
384,insects,Charles Cuthbert,https://twitter.com/CRCuthbert,A warm sunny day in the garden suddenly a superb Hummingbird Hawk-moth flies into view and starts feeding on the White Valerian! Every year this happens my advice is... just plant Red and/or White Valerian! @BC_Suffolk @BritishMoths @MigrantMothUK  @savebutterflies,2023-06-22T22:01:47.000Z,warm sunny day garden suddenly superb hummingbird hawkmoth fly view start feed white valerian every year happen advice plant red andor white valerian bc_suffolk britishmoth migrantmothuk   savebutterflie,control methods,positive
385,insects,Stefan F. Wirth,https://twitter.com/wirthstef,#Sternorrhyncha (#Hemiptera) is a clade that includes (hopping) #plantlice white flies scale insects and aphids. Most species are phloem sucking #plant #parasites. Shown here is the plant louse #Trioza #urticae using #stinging #nettles as plant host.Plant #pests are not…,2023-06-25T20:16:11.000Z,sternorrhyncha hemiptera clade include hop plantlice white fly scale insect aphid specie phloem suck plant parasite show plant louse trioza urticae use sting nettle plant hostplant pest,"pest,usage",negative
386,insects,Insects & Spiders,https://twitter.com/Insectoid_info,White Flies - Aleyrodoidea - Plant-parasitic Hemipterans Photos Pictures http://insectoid.info/plant-parasitic-hemipterans/white-flies/… via @twitterapi,2012-05-20T15:28:42.000Z,white fly   aleyrodoidea   plantparasitic hemipteran photo picture   via twitterapi,overall,neutral
388,insects,Conscious_farmer,https://twitter.com/monusingh0404,White flies on papaya plant..#agricultute #papaya #diseases,2023-11-04T05:25:01.000Z,white fly papaya plantagricultute papaya disease,pest,neutral
389,insects,Paul and Nelly Cox,https://twitter.com/NelPau,Fennel can repel fleas and white flies. Companion plant with garlic and yarrow. http://www.easybalconygardening.com/medicinalherbs.php,2011-04-28T22:30:27.000Z,fennel repel flea white fly companion plant garlic yarrow,overall,neutral
390,insects,uncle red,https://twitter.com/aquartey_,Plant twitter help. Mites and white flies have been kicking our ass for weeks now. Anyone got a solution? At this point Im willing to try Angel mosquito coil because these are clearly demons.,2022-04-11T12:34:08.000Z,plant twitter help mite white fly kick ass week anyone get solution point I willing try angel mosquito coil clearly demon,control methods,negative
391,insects,Brenda Sierra,https://twitter.com/Brieee_1,These little white plant flies are annoying af! Why are there so many!?,2015-10-16T18:50:27.000Z,little white plant fly annoying af many,overall,negative
392,insects,Alliance for Science,https://twitter.com/ScienceAlly,Scientists in #Uganda are using #CRISPR to develop cassava varieties that can resist the brown streak disease and fight off the white flies that spread the virus between plants reports @jonnyagaba.,2020-04-29T14:11:36.000Z,scientist uganda use crispr develop cassava variety resist brown streak disease fight white fly spread virus plant report jonnyagaba,control methods,positive
394,insects,Surrey Docks Farm,https://twitter.com/surreydocksfarm,We’re selling ‘Mixed Vegetable Packs’ that contain 12 small plants including Cauliflower Chinese cabbage Brussels sprouts Celery Rocket Flat leaf parsley French marigold (deters white flies) & Calendula (attracts hoverflies).http://surreydocksfarm.org.uk/product/food-growing/…,2020-04-20T09:12:49.000Z,sell mixed vegetable pack contain 12 small plant include cauliflower chinese cabbage brussels sprout celery rocket flat leaf parsley french marigold deter white fly   calendula attract hoverflie,control methods,positive
395,insects,cruel mama,https://twitter.com/jesmaiopinyun,I bought one (1) plant from a white woman and it brought with it flies and mold!!!! Ooooo Im irate!!!!,2019-11-13T04:31:44.000Z,I buy one 1 plant white woman bring fly mold ooooo I irate,overall,negative
396,insects,Dennis Selder,https://twitter.com/GardenStagers,Like hibiscus but not the white flies?  Plant in full sun and lace the branch structure for a more open habit.,2014-11-20T16:16:57.000Z,like hibiscus white fly   plant full sun lace branch structure open habit,control methods,neutral
397,insects,Earl Rowe PP,https://twitter.com/EarlRowePP,Native Species SaturdayThis beautiful perennial is the Upland White Goldenrod. Butterflies bees and flies are attracted to the white daisy-like flowers. You can find these flowers blooming from July to September. Check out this plant in our park store garden!,2022-08-06T18:47:18.000Z,native species saturdaythis beautiful perennial upland white goldenrod butterfly bee fly attract white daisylike flower find flower bloom july september check plant park store garden,overall,positive
398,insects,AGFarmIndia,https://twitter.com/AGFarmIndia,Thanx is a highly selective neonicotinoid insecticide that selectively kills pests such as aphids jassids thrips and white flies and brown plant hoppers (BPH) which are dangerous to your crops. Buy Thanx today and double your profitsWe are available on nurture.retail app.,2022-08-24T09:52:01.000Z,thanx highly selective neonicotinoid insecticide selectively kill pest aphid jassid thrips white fly brown plant hopper bph dangerous crop buy thanx today double profitswe available nurtureretail app,pest,positive
400,insects,AGFarmIndia,https://twitter.com/AGFarmIndia,Use AgFarms Thanx for the swift termination of dangerous pests like aphids jassids thrips and white flies and brown plant hoppers (BPH)We are available on nurture.retail app. #AGFarm #AGFarmIndia #bestprice #pesticides #international #quality #products #india#bestquality,2023-01-31T12:32:56.000Z,use agfarm thanx swift termination dangerous pest like aphids jassid thrips white fly brown plant hopper bphwe available nurtureretail app agfarm agfarmindia bestprice pesticide international quality product indiabestquality,"usage,pest","positive,negative"
402,insects,Shrub And Tree Care,https://twitter.com/shrubandtree,Not sure if White Flies are on your Gardenias or not? Rub your hand over the leaves of the plant ruffling the leaves if White Flies start fluttering out you’ve got your answer! #shrubcare #insects #gardenia,2023-02-22T05:42:23.000Z,sure white fly gardenias rub hand leave plant ruffle leave white fly start flutter get answer shrubcare insect gardenia,control methods,neutral
403,insects,Richard Dowling,https://twitter.com/DowlingWildlife,Can any of my gardener friends confirm this plant its absolutely covered! Honey Bees Buff Tailed Bumblebee Queens White Tailed Bumblebees Colletes Bees Wasps Flies Gatekeeper Butterflies etc. App says Hydrangea Viburnoides?,2022-08-28T14:12:10.000Z,gardener friend confirm plant absolutely cover honey bee buff tail bumblebee queens white tail bumblebee collete bee wasp fly gatekeeper butterfly etc app say hydrangea viburnoide,overall,neutral
404,insects,AGFarmIndia,https://twitter.com/AGFarmIndia,Use AgFarms Thanx to protect your crops from harmful pests like aphids jassids thrips white flies and brown plant hoppers (BPH)Recommended Dose: 80-100 gm/acre.We are available on nurture.retail app For more information visit http://agfarmindia.com#AGFarm #AGFarmIndia,2023-09-21T08:01:19.000Z,use agfarm thanx protect crop harmful pest like aphids jassid thrips white fly brown plant hopper bphrecommende dose 80100 gmacrewe available nurtureretail appfor information visit   agfarmindia,"usage,toxicity,pest","positive,negative"
405,insects,Jacob,https://twitter.com/jacowithadraco,Spiders are awesome. Ive been monitoring this 1/2 inch spider for about 2 weeks now.  Hes made an amazing web that protects my cann*bis plant from white flies.  His web is ALWAYS filled with them.  This dude is doing the lords work,2023-06-30T00:31:46.000Z,spider awesome I monitor 12 inch spider 2 week   make amazing web protect cannbis plant white fly   web always fill   dude lord work,effectiveness,positive
406,insects,Travel Teddy,https://twitter.com/TravelTeddy3,Can anyone advise me on my basil plant? It is very poorly and this morning has teeny tiny white flies on it. I fear for the future of my pizzas if it doesn’t recover.   *sad ears,2022-02-08T09:28:52.000Z,anyone advise I basil plant poorly morning teeny tiny white fly I fear future pizza recover    sad ear,overall,negative
407,insects,Sophia Myles,https://twitter.com/SophiaMyles,Anyone with green fingers please help. My chilli plant has been invaded by little white flies. Its covered in them. Is there a solution?,2013-01-05T13:35:30.000Z,anyone green finger please help chilli plant invade little white fly cover solution,overall,positive
408,insects,Surrey Docks Farm,https://twitter.com/surreydocksfarm,More ‘Mixed Vegetable Packs’ available online. Each contains 12 small plants including Cauliflower Chinese cabbage Brussels sprouts Celery Rocket Flat leaf parsley French marigold (deters white flies) & Calendula (attracts hoverflies).http://surreydocksfarm.org.uk/product/food-growing/…,2020-04-22T17:04:07.000Z,mixed vegetable pack available online contain 12 small plant include cauliflower chinese cabbage brussels sprout celery rocket flat leaf parsley french marigold deter white fly   calendula attract hoverflie,control methods,positive
409,insects,Standing on the green side of the fence,https://twitter.com/standing_green,The pure white of Candytuft  Iberis sempervirens is always striking. Often seen growing on walls alongside Aubrieta its another plant for #bees though I often see different species of flies on it as in the last pic #Spring #flowers #pollinators #wildlifegardening #flies,2021-04-18T14:45:21.000Z,pure white candytuft   iberis sempervirens always strike often see grow wall alongside aubrieta another plant bee though I often see different specie fly last pic spring flower pollinator wildlifegardening fly,overall,positive
410,insects,Kidney Prince,https://twitter.com/UltraToxicMale,Anybody got any tips on how to kill white flies in a grow tent when your plants are in flower already? My buddy is overrun with them.,2024-02-22T11:21:26.000Z,anybody get tip kill white fly grow tent plant flower already buddy overrun,control methods,negative
411,insects,Richard Dowling,https://twitter.com/DowlingWildlife,Anyone know what this white flowered plant is that the Solitary Bees and Bee Flies were all over today? Im guessing its a relative of rape seed judging by the seed pods?? #DarkEdgedBeeFly #AndrenaFlavipes #AndrenaHaemorrhoa,2022-04-17T20:48:08.000Z,anyone know white flower plant solitary bee bee fly today I guess relative rape seed judge seed pod darkedgedbeefly andrenaflavipe andrenahaemorrhoa,overall,neutral
412,insects,Plant World News,https://twitter.com/PlantWorldNews,White Flies Adopt Plant Gene To Protect Themselves From Plant Toxins When Feeding https://bit.ly/3w7zfy3,2021-03-29T13:21:04.000Z,white fly adopt plant gene protect plant toxin feed,overall,neutral
413,insects,Jody Green,https://twitter.com/JodyBugsMeUNL,What are those tiny white specks flying around your house? They’re white flies & they feed on the underside of plant leaves in homes & greenhouses. Difficult to control if heavily infested #hemiptera #whitefly #aleyrodidae,2018-03-26T20:30:40.000Z,tiny white speck fly around house white fly   feed underside plant leave home   greenhouse difficult control heavily infest hemiptera whitefly aleyrodidae,pest,negative
414,insects,Wesley G,https://twitter.com/madwalrusinabox,Mint Plant growers! If you are having bug problems (aphids white flies) submerging the plant underwater for a few hours works really well.,2010-05-13T20:17:39.000Z,mint plant grower bug problem aphids white fly submerge plant underwater hour work really well,effectiveness,positive
415,insects,garden experiencebot,https://twitter.com/gardenexperienc,You enjoy the view of a timid katydid that flies away from a eerie log. You see a deserted plant with robust white branches.,2020-04-28T03:39:14.000Z,enjoy view timid katydid fly away eerie log see deserted plant robust white branch,overall,neutral
416,insects,Leah Barbour,https://twitter.com/lbbext,Two beautiful eggplants on the way thanks in large part to #MSUext advice to use Neem Oil on the white flies that were attacking the plant. http://extension.msstate.edu/content/what-are-those-funny-little-white-flies-my-plants…,2022-06-27T14:57:45.000Z,two beautiful eggplant way thank large part msuext advice use neem oil white fly attack plant,control methods,positive
417,insects,Edric Hsu 徐隆,https://twitter.com/edricism,My once half-dead white-flies-infested fig plant is finally producing fruit after more than a year! Really hope it will survive! https://instagram.com/p/BsUwLT1BdI_/?utm_source=ig_twitter_share&igshid=1l2uiksx4gml8…,2019-01-07T07:03:27.000Z,halfdead whitefliesinfeste fig plant finally produce fruit year really hope survive,control methods,positive
418,insects,Biodiversity Ireland,https://twitter.com/BioDataCentre,Hogweed (Heracleum sphondylium) agus Feabhrán as #Gaeilge is a common/widespread and native species. ID Tip - Relatively tall and robust with clusters of white flowers in umbels a good plant for pollinators (particularly hoverflies and other flies).#SpeciesADay,2020-06-16T10:55:35.000Z,hogwee heracleum sphondylium agus feabhrn gaeilge commonwidespread native specie tip   relatively tall robust cluster white flower umbel good plant pollinator particularly hoverflie fliesspeciesaday,overall,positive
419,insects,STUDIOSCHATTO,https://twitter.com/StudioSchatto,First time I’ve seen a pure red Hibiscus … beautiful!Some hideous tiny white flies totally destroyed our white hibiscus plant in our tiny Southern California backyard garden. The same bugs wiped out the white & red oleanders the same season.- SC (12.9.22),2022-12-09T18:55:59.000Z,first time I see pure red hibiscus   beautifulsome hideous tiny white fly totally destroy white hibiscus plant tiny southern california backyard garden bug wipe white   red oleander season sc 12922,overall,negative
421,insects,Spvwvky  ADHD Ghoul (see u in 5 years),https://twitter.com/Spvwvky,My Goji Berry plant got infested with white flies  at least it was far away from my important plants but rip Gojis,2023-02-22T20:47:12.000Z,goji berry plant get infest white fly   least far away important plant rip goji,overall,negative
422,insects,Pudd Nelson,https://twitter.com/QuartzWizard,white flies and aphids and plant pests in general die screaming challenge,2022-05-29T18:02:53.000Z,white fly aphid plant pest general die scream challenge,pest,negative
423,insects,Kieran Spiers,https://twitter.com/_KieranSpiers_,Me and Becca had to save a plant from white flies today. Absolute scenes.,2020-07-02T21:52:43.000Z,I becca save plant white fly today absolute scene,control methods,positive
424,insects,Alycia,https://twitter.com/plantbasedb,I’ve decided to co plant this year with: Chamomile: The small bright white flowers  will always be buzzing with delighted honeybees and hoverflies while repelling mosquitoes and fliesPeppermint: Attracts bees and repels ants fleas and aphids flea beetles and mice.,2020-05-26T13:08:44.000Z,I decide co plant year chamomile small bright white flower   always buzz delighted honeybee hoverflie repel mosquito fliespeppermint attract bee repel ant flea aphids flea beetle mouse,control methods,positive
425,insects,Nyakambiri waNyakambiri,https://twitter.com/tavengwa_owen,There are some white  flies im tomato plant. How are they controlled???,2020-07-10T22:00:35.000Z,white   fly I tomato plant control,control methods,neutral
426,insects,Mélanie J Langlois,https://twitter.com/uncommonly_MjT,we had a basil plant but those damn white flies ruined it! its the only plant they attacked from our herbs.,2020-06-21T15:25:39.000Z,basil plant damn white fly ruin plant attack herb,overall,negative
427,insects,lexi,https://twitter.com/alexaplottin,I stg these lil white flies eating my plant are about to get it,2022-07-03T12:40:15.000Z,I stg lil white fly eat plant get,overall,negative
428,insects,Common White Girl,https://twitter.com/fertilebigfoot,TIPS IF U WANT TO LEAVE AN IMPRESSION 1. Smell really bad. Green cloud forming around U flies drooling... plants unable to grow where u set foot... damage the ozone layer. Birds falling from the sky...breath alone can turn somebody into a frog 2. Smile,2024-02-25T21:21:22.000Z,tip u want leave impression 1 smell really bad green cloud form around u fly drool plant unable grow u set foot damage ozone layer bird fall skybreath alone turn somebody frog 2 smile,toxicity,negative
429,insects,Charlotte Ekker Wiggins (She/her),https://twitter.com/bluebirdgardens,Have white flies on plants? Place plant in shower and spray with water no chemicals required #gardening,2014-05-04T15:29:59.000Z,white fly plant place plant shower spray water chemical require gardening,control methods,positive
430,insects,Alice Gorman,https://twitter.com/drspacejunk,The first plant in space was corn. On July 9 and 19 1946 V-2 rockets launched from White Sands missile range in New Mexico carried corn seeds and fruit flies to see what the impacts of radiation were. (They werent recovered).,2020-01-18T22:09:19.000Z,first plant space corn july 9 19 1946 v2 rocket launch white sands missile range new mexico carry corn seed fruit fly see impact radiation recover,overall,neutral
431,insects,Darsfield EarthCare,https://twitter.com/Darsfoundation,Plant pests such as Thrips White flies& Fruit flies feed in large groups& their intention is to kill the plant. Mostly under the leaves2. Clear farms of weeds & set insect traps around ur farms3. Discard any infested plants composting it/putting in trash or burying it in pits,2023-01-08T15:53:55.000Z,plant pest thrips white fly fruit fly feed large group intention kill plant mostly leaves2 clear farm weed   set insect trap around ur farms3 discard infested plant compost itputte trash bury pit,pest,negative
432,insects,Charred Knight,https://twitter.com/CharredKnight,Disney finally makes a movie about how a Fat White guy flies to Africa to plant a flag in a continent that has endured white colonization,2015-05-14T16:23:10.000Z,disney finally make movie fat white guy fly africa plant flag continent endure white colonization,overall,neutral
433,insects,garden experiencebot,https://twitter.com/gardenexperienc,Your allergies are acting up. There is a half-eaten plant with white flowers. You ponder what it would be like to be a plant. There is a nice mouse that flies to a fluffy area.,2022-02-13T15:45:28.000Z,allergy act halfeaten plant white flower ponder would like plant nice mouse fly fluffy area,overall,neutral
435,insects,Vaishali Dinakaran,https://twitter.com/VaishDinakaran,#GardeningTwitter anyone know how to get rid of white flies on a chilli plant? My plant’s mostly survived winter well even had a few stray chillies on it. And suddenly it’s under attack. Neem pesticide not working. Last time I tried dish soap solution nearly killed the plant.,2022-02-12T11:40:12.000Z,gardeningtwitter anyone know get rid white fly chilli plant plant mostly survive winter well even stray chilli suddenly attack neem pesticide work last time I try dish soap solution nearly kill plant,control methods,negative
437,insects,Claire Babirye,https://twitter.com/BitsClarybits,Disease in cassava plants is  transmitted by either using diseased plant materials or white flies.The @AIR_lab_MUK has come up with an automated tool to support farmers and experts in detecting and counting white flies.@MoICT_Ug,2020-12-02T07:11:12.000Z,disease cassava plant   transmit either use diseased plant material white fliesthe air_lab_muk come automate tool support farmer expert detect count white fliesmoict_ug,"pest,usage","negative,neutral"
438,insects,CatherineBerger,https://twitter.com/crevb,Absolutely-keeps down the aphids white flies etc in the plant area.  Also lovely to see the web against frosted glass or between the straw stars we used to decorate the plant area.,2017-10-17T20:35:59.000Z,absolutelykeep aphids white fly etc plant area   also lovely see web frosted glass straw star use decorate plant area,control methods,positive
439,insects,patrick,https://twitter.com/patrick41931387,@icipe which is the best insecticide to control eradicate white flies in treetomato plant,2023-09-02T17:35:29.000Z,icipe good insecticide control eradicate white fly treetomato plant,overall,positive
440,insects,Kariûki,https://twitter.com/KiloFxTrot,By the way @MainaKaibere nastartiums attract certain bugs that in turn fend off white flies. To protect  crops from beetles aphids etc plant nasturtium. Along a duranta hedge any or combination of African marigold nasturtium and lavender will  naturally repel whiteflies.,2023-07-24T08:05:46.000Z,way mainakaibere nastartium attract certain bug turn fend white fly protect   crop beetle aphids etc plant nasturtium along duranta hedge combination african marigold nasturtium lavender   naturally repel whitefly,control methods,positive
441,insects,Dr. Misophonic Spree,https://twitter.com/MisophonicSpree,I definitely wanted to use up some basil before the white flies ate the whole plant.,2020-09-21T00:34:26.000Z,I definitely want use basil white fly eat whole plant,usage,negative
442,insects,Michelle Bhasin,https://twitter.com/michellebhasin,That Looks like white flies. Is that plant outside or inside? How much has it spread? Don’t panic - yet. It’s possible to save it depending on what’s going on. Ignore the hysterics. Signed someone who has had white flies in her greenhouse.,2019-06-23T12:13:53.000Z,look like white fly plant outside inside much spread panic   yet possible save depend go ignore hysteric sign someone white fly greenhouse,overall,neutral
443,insects,IZU,https://twitter.com/Averutia,the only downside is that theres suddenly a lot of small white flies on the plant now.... Maybe we have to start spraying insecticide,2020-08-11T00:52:44.000Z,downside suddenly lot small white fly plant maybe start spray insecticide,usage,negative
445,insects,Shirlee Baner,https://twitter.com/ShirleeBaner,Beautiful.  To rid your garden naturally of Snails and white flies plant marigolds,2023-05-21T16:10:21.000Z,beautiful   rid garden naturally snail white fly plant marigold,control methods,positive
446,insects,Unit^3 (@squaredunit was nuked),https://twitter.com/CubedUnit,Growing my basil plants has been so good for my health I have put a lot of time and work into growing my basil and the white flies are destroying my hard work within days.Any help at all would be much appreciated,2024-02-22T02:23:30.000Z,grow basil plant good health I put lot time work grow basil white fly destroy hard work within daysany help would much appreciated,effectiveness,negative
447,insects,TheCynicalGardener,https://twitter.com/Joon123,@FibrexNurseries @paul_atk79 @OldHorts What are these small white flies on my plant called .? *Sigh,2014-08-17T17:27:56.000Z,fibrexnurserie paul_atk79 oldhort small white fly plant call   sigh,overall,neutral
448,insects,Trish Esden,https://twitter.com/patesden,@maseditor @frain or white flies. White flies usually get on plant. Fruit-trype flies in soil and grayer in color. Fruit flies indicate a,2014-05-23T14:51:45.000Z,maseditor frain white fly white fly usually get plant fruittrype fly soil grayer color fruit fly indicate,overall,neutral
449,insects,Stephen Moss,https://twitter.com/StephenMoss_TV,Wonderland 13 June (Brett) WOOD WHITE 2/2: One is  perched on the stem of a plant while the other flies up and down as if trying to attract its attention. And that’s just what it is doing,2023-06-02T18:28:24.000Z,wonderland 13 june brett wood white 22 one   perch stem plant fly try attract attention,overall,neutral
450,insects,Samuel Odawa,https://twitter.com/odawasam,4/ White flies those notorious plant vampires can be shown the exit door with the help of chilli.The pungent aroma of chilli peppers repels these pesky insects preventing them from infesting your plants and causing damage.Its like a spicy no entry sign!,2023-06-02T18:28:24.000Z,4 white fly notorious plant vampire show exit door help chillithe pungent aroma chilli pepper repel pesky insect prevent infest plant cause damageit like spicy entry sign,control methods,positive
451,insects,Keith Cook,https://twitter.com/KeithCo30475934,They are great in grow rooms and greenhouses.They eat the mites and white flies and not the plant.So by all means please do send them my way.Lol,2022-08-28T17:05:22.000Z,great grow room greenhousesthey eat mite white fly plantso mean please send waylol,control methods,positive
453,insects,Esequiel Merkator Darknon-White,https://twitter.com/Eseesquiel,have made to grow the plants the trees and the fruits. The boiled pepits and cobs nothing grows because the magic the flies would have used their hands to help the sprouts to go out visibly.,2024-02-23T12:20:56.000Z,make grow plant tree fruit boil pepit cobs nothing grow magic fly would use hand help sprout go visibly,control methods,negative
454,insects,"Rocky The Rescue Schnauzer RIP Riley, Digby",https://twitter.com/rescue_rocky,We love some color too. We don’t have much color yet but the roses are growing back. We have hibiscus that have lots of color but dad saw one plant has white ash flies on it.,2020-02-23T15:59:50.000Z,love color much color yet rose grow back hibiscu lot color dad see one plant white ash fly,overall,negative
455,insects,Nex,https://twitter.com/NexJql,Thank y.I tried similar mixtures OTC insecticides garlic spray planting herbs and scallions near infected plants. No luck.In South Florida the white flies got so bad they cut down 100+ year old banyan trees bc the flies were so bad. Theyre impossible. D:,2024-02-24T22:05:27.000Z,thank yi try similar mixture otc insecticides garlic spray planting herb scallion near infect plant luckin south florida white fly get bad cut 100 year old banyan tree bc fly bad impossible,control methods,negative
456,fungi,Duke of kiryandongo,https://twitter.com/CElmisha,Its called Fowl red mites Use certified insecticides like Diatomaceous earthabsorbacides or pesteneKerosene not recommend as it may cause skin irritations the above insecticides destroy any stage of development from eggs larvae n adult mites @CElmisha veterinarian,2021-05-12T17:30:24.000Z,call fowl red mite use certify insecticide like diatomaceous earthabsorbacide pestenekerosene recommend may cause skin irritation insecticide destroy stage development eggs larvae n adult mites celmisha veterinarian,"pest,usage","negative,positive"
457,fungi,Dan Mazier,https://twitter.com/MBDan7,Threats to bees  mitestransmission of disease insecticides  for mosquitos etc. Bee associations good resource for info #mbbeekeepers,2014-02-20T15:34:17.000Z,threat bee   mitestransmission disease insecticide   mosquito etc bee association good resource info mbbeekeeper,pest,neutral
458,fungi,Spectrum News SA,https://twitter.com/SpecNewsSA,Over the past twenty years #bee populations have been struggling across the country because of habitat loss mites and insecticides. http://spectrumlocalnews.com/tx/san-antonio/news/2018/03/15/start-of-spring-signals-return-of-bees-despite-populations-struggling…,2018-03-15T13:30:00.000Z,past twenty year bee population struggle across country habitat loss mite insecticide,control methods,negative
460,fungi,Cornell AgriTech,https://twitter.com/CornellAgriTech,David Gadoury and a team of international researchers have found that UV light works as well or better than available fungicides against powdery mildew a rampant disease that affects a broad range of plants including grapes and hops.  https://cals.cornell.edu/news/destructive-plant-pest-thwarted-two-native-fungi/… #CornellAgriTech,2019-04-30T17:41:09.000Z,david gadoury team international researcher find uv light work well well available fungicide powdery mildew rampant disease affect broad range plant include grape hop    cornellagritech,control methods,positive
462,fungi,Rodrigo Onofre,https://twitter.com/rodrigobonofre,#Thorlvad our autonomous UV light robot is ready for the @FlaStrawberries Field Day 2019! 3 years of field research show that UV works as well for control of powdery mildew as our best fungicides. #pereslab @UF_IFAS @paljfrom @ellenaltenborg @UniNMBU @plantdisease @freshfromFL,2019-01-16T02:33:00.000Z,thorlvad autonomous uv light robot ready flastrawberrie field day 2019 3 year field research show uv work well control powdery mildew good fungicide pereslab uf_ifas paljfrom ellenaltenborg uninmbu plantdisease freshfromfl,control methods,positive
463,fungi,Nancy Rechcigl,https://twitter.com/NancyRechcigl,Ensure a successful season for impatiens with a rotation of the best: Subdue Maxx Micora Mural and Segovis fungicides.  Download our Downy Mildew rotation guide.  http://ow.ly/6eiy30iuFJO   #SyngentaOrnamentals,2018-03-05T14:30:30.000Z,ensure successful season impatien rotation good subdue maxx micora mural segovis fungicide   download downy mildew rotation guide      syngentaornamental,pest,positive
464,fungi,Mr Seun,https://twitter.com/Forteoas,Dear cucumber farmers...it is not all symptoms that requires loading crops with fungicides. If you experience this development..just pay more attention to your soil moisture and nutrition program. Focus on Magnesium zinc and boron. Some farmers mistake it for downy mildew.,2018-03-05T14:30:30.000Z,dear cucumber farmersit symptom require load crop fungicide experience developmentjust pay attention soil moisture nutrition program focus magnesium zinc boron farmer mistake downy mildew,pest,neutral
465,fungi,Elaine Roddy,https://twitter.com/VegontheRidge,Cucurbit downy mildew was confirmed in East Elgin today. This is the first case of downy mildew in Ontario this year. The risk of further infections is now high. All growers should begin using downy mildew targeted fungicides.,2022-07-14T23:56:37.000Z,cucurbit downy mildew confirm east elgin today first case downy mildew ontario year risk infection high grower begin use downy mildew target fungicide,"pest,safety,usage","negative,neutral,positive"
466,fungi,Munya Mudhumeni,https://twitter.com/munya_chichevo,Nuggets for Cucurbit Farmers !!Did you know MKP is an efficient suppressor of powdery mildew in susceptible crops deciduous cucumbers melons roses. Application of 1% MKP mixed with systemic fungicides improves the fungicide efficiency allows it to be used at reduced app r8,2021-10-28T01:38:41.000Z,nugget cucurbit farmer know mkp efficient suppressor powdery mildew susceptible crop deciduous cucumber melon rose application 1 mkp mix systemic fungicide improve fungicide efficiency allow use reduce app r8,"pest,usage,effectiveness","negative,positive,positive"
467,fungi,Mudumenwemari..Int'l,https://twitter.com/mucharedzeyi,Powdery mildew mainly caused by the fungus Podosphaera xanthii. In severe cases it can cause premature death of leaves & reduce yield & fruit quality. Use sulfur-containing organic fungicides as both preventive & treatment for existing infections. Remove the affected leaves,2021-10-16T04:10:53.000Z,powdery mildew mainly cause fungus podosphaera xanthii severe case cause premature death leave   reduce yield   fruit quality use sulfurcontaine organic fungicidesa preventive   treatment exist infection remove affected leave,"pest,usage,safety","negative,positive,neutral"
468,fungi,The Farmercist,https://twitter.com/CalebKaruga,Overhead irrigation using sprinklers contributes to the severity of Downy Mildew caused by a fungus-like organism. To avoid constant application of systemic fungicides consider a drip irrigation system since water goes directly to the root system. #DripIsLife @DavisShirtliff,2022-07-04T09:32:18.000Z,overhead irrigation use sprinkler contribute severity downy mildew cause funguslike organism avoid constant application systemic fungicide consider drip irrigation system since water go directly root system dripislife davisshirtliff,control methods,positive
469,fungi,Brad Westphal,https://twitter.com/agro_brad,Wheat powdery mildew trial at Munglinup. Looking at Uniform IntakeSystiva a range of foliar fungicides and comparing Scepter v DS Pascal. @LMKWAagronomy,2018-08-01T22:55:12.000Z,wheat powdery mildew trial munglinup look uniform intakesystiva range foliar fungicide compare scepter v ds pascal lmkwaagronomy,pest,neutral
470,fungi,Sophia Wang,https://twitter.com/SophiaW37544082,DBNPA (2.2-Dibromo -2- Cyanoacetamide)CAS NO.:10222-01-2Weifang Yukai Chemical Co.Ltdhttp://yukaichem.com#Bactericide #Mildew preservative#Fungicides#water treatment agent#DBNPA 20% solution#,2022-02-14T01:36:26.000Z,dbnpa 22dibromo 2 cyanoacetamidecas no10222012weifang yukai chemical coltd mildew preservativefungicideswater treatment agentdbnpa20solution,"toxicity,pest","neutral,negative"
471,fungi,Zachariah Hansen,https://twitter.com/PlantDiseaseGuy,Cucurbit downy mildew found in Knox County TN. 1st two photos - cucumber. 2nd two photos - butternut squash. Commercial growers should protect crops with downy mildew-specific fungicides now. Occurrence map and more resources here http://cdm.ipmpipe.org,2022-07-29T22:41:15.000Z,cucurbit downy mildew find knox county tn 1st two photo   cucumber 2nd two photo   butternut squash commercial grower protect crop downy mildewspecific fungicide occurrence map resource,pest,neutral
472,fungi,VegNet News,https://twitter.com/VegNetNews,Addendum: More Powdery Mildew Fungicides for Cucurbits https://u.osu.edu/vegnetnews/2021/07/10/addendum-more-powdery-mildew-fungicides-for-cucurbits/…,2021-07-10T18:36:55.000Z,addendum powdery mildew fungicide forcucurbit,pest,neutral
473,fungi,aakGROW/CropLife Kenya,https://twitter.com/CropLifeKenya,Cashew is the Coast’s most important cash crop employing 60000 smallholders.Yet cashew powdery mildew disease is causing crop losses of 70%-100% causing poverty. Regular use of fungicides increases yields by over 70%. See:  Oidium anacardii (cashew powdery mildew)#DoubleYields,2020-11-22T06:34:52.000Z,cashew coast important cash crop employ 60000 smallholdersyet cashew powdery mildew disease cause crop loss 70100 cause poverty regular use fungicide increase yield 70 see   oidium anacardii cashew powdery mildewdoubleyield,"pest,usage","negative,positive"
474,fungi,KY Plant Disease,https://twitter.com/KYPlantDisease,Downy mildew is an important disease of grapes in KY. When flowers clusters and shoots become infected by downy mildew yield losses result. Fungicides are available however sanitation is a critical step in prevention and management.https://kentuckypestnews.wordpress.com/2019/06/04/downy-mildew-of-grape-2/…,2021-05-12T17:30:24.000Z,downy mildew important disease grape ky flower cluster shoot become infect downy mildew yield loss result fungicide available however sanitation critical step prevention management,"pest,effectiveness","negative,positive"
475,fungi,Munya Mudhumeni,https://twitter.com/munya_chichevo,Week 5 still counting Backyard production Gone Goliath Status healthy... vigor Jet speed... Fungicides the best recipe for a healthy crop  less mildew headaches #ZimAgricRising @ndakaripa @SavannahSamas @FarmDudeZW @onias_mlambo @ChembelaJustice @FAO,2021-03-20T17:24:39.000Z,week 5 still count backyard production go goliath status healthy vigor jet speed fungicide good recipe healthy crop   less mildew headache zimagricrise ndakaripa savannahsamas farmdudezw onias_mlambo chembelajustice fao,"safety,pest","positive,negative"
476,fungi,Hailing Jin,https://twitter.com/hailingj1,Fungicide resistance has emerged everywhere and many pathogens have evolved resistance to multiple classes of fungicides. Excited to see SIGS is effective to control powdery mildew (by Dolores Ortuno) SIGS is a sustainable and eco-friendly solution for controlling fungal diseases,2023-05-21T15:22:55.000Z,fungicide resistance emerge everywhere many pathogen evolve resistance multiple class fungicide excite see sig effective control powdery mildew dolore ortuno sig sustainable ecofriendly solution control fungal disease,"effectiveness,pest","positive,negative"
477,fungi,Quilynx Propagators,https://twitter.com/QuilynxP,Prevention by means of climate control is ideal For those without the technology good hygiene and ventilation (except during downy mildew sporulation). Fungicides such as potassium phosphites copper phosphites or fosetyl-aluminium also important in the plant’s early life.,2020-04-20T06:30:03.000Z,prevention mean climate control ideal without technology good hygiene ventilation except downy mildew sporulation fungicide potassium phosphite copper phosphite fosetylaluminium also important plant early life,control methods,positive
478,fungi,Bob Kemerait,https://twitter.com/bobkemerait,First 2023 report of areolate mildew (Ramulariopsis) in Georgia’s cotton came yesterday from Bleckley Co.  When this disease appears early enough during bloom period judicious use  of fungicides can increase lint yield by as much as 250 lb/A.  UGA Extension,2023-07-26T22:19:32.000Z,first 2023 report areolate mildew ramulariopsis georgias cotton come yesterday bleckley co   disease appear early enough bloom period judicious use   fungicide increase lint yield much 250 lba   uga extension,"pest,usage","negative,positive"
479,fungi,NC State Veggie Pathology,https://twitter.com/QuesadaLabNCSU,Downy mildew has been found in cucumber in North Carolina time to protect cucumbers and cantaloupes the crops most susceptible to P. cubensis clade 2 isolates. See more info and effective fungicides here: https://plantpathology.ces.ncsu.edu/2020/06/cucumber-downy-mildew-confirmed-in-north-carolina/…@NCExtension @APS_Extension @sd_aps @KnDArcangelo,2020-06-09T00:17:45.000Z,downy mildew find cucumber north carolina time protect cucumber cantaloupe crop susceptible p cubensis clade 2 isolate see info effective fungicide   aps_extension sd_aps kndarcangelo,"pest,effectiveness","negative,positive"
480,fungi,Stephanie Porter,https://twitter.com/skporter,Today’s foliar #soybean disease found on the top of the canopy was one of my favs - Downy mildew. Remember it’s an oomycete (same as Pythium and Phytophthora) which means fungicides are useless...,2018-07-10T01:25:26.000Z,today foliar soybean disease find top canopy one favs   downy mildew remember oomycete pythium phytophthora mean fungicide useless,pest,negative
481,fungi,Will Citarella,https://twitter.com/WillCitarella,Awabuka plagued w Downey Mildew/Thrips. Their fungicides failed. My #seaweed combo of bio stimulants ++ delivered #cbio The results speak volumes. Trust experience in results 1st app 5/11 2nd app 5/29 and 6/29 2012,2019-09-24T14:50:36.000Z,awabuka plague w downey mildewthrip fungicide fail seaweed combo bio stimulant   deliver cbio result speak volume trust experience result 1st app 511 2nd app 529 629 2012,control methods,positive
483,fungi,Zachariah Hansen,https://twitter.com/PlantDiseaseGuy,Powdery mildew on pumpkin. Can cause early defoliation and reduce stem quality making jack-o-lanterns less marketable. Choose resistant varieties. Fungicides also work well.,2022-09-11T00:56:31.000Z,powdery mildew pumpkin cause early defoliation reduce stem quality make jackolantern less marketable choose resistant variety fungicide also work well,control methods,positive
485,fungi,CP Chemicals Pvt Ltd,https://twitter.com/CPChemicals24,Purple Blotch Neck Rot& Downey Mildew are common Fungal diseases in ONION production. You are recommended to use in alternation a combination of preventative and curative fungicides Tebuconazole Mancozeb Supertop&Blight Cure. Always use a Wetter for maximum effectiveness,2021-05-12T17:30:24.000Z,purple blotch neck rot downey mildew common fungal disease onion production recommend use alternation combination preventative curative fungicide tebuconazole mancozeb supertopblight cure always use wetter maximum effectiveness,control methods,positive
486,fungi,Ed Sikora,https://twitter.com/alabamaED,Powdery mildew rarely occurs on soybeans & does not appear to cause yield loss. Symptoms include a white talcum-powder coating often on the upper surface of infected leaves. Use varieties with low susceptibility to the disease fungicides are not typically required for control,2023-06-01T13:24:22.000Z,powdery mildew rarely occur soybean   appear cause yield loss symptom include white talcumpowder coating often upper surface infect leave use variety low susceptibility disease fungicide typically require control,"pest,usage","neutral,negative"
487,fungi,MSU 4 vineyards,https://twitter.com/MSUvineWine,Michigan vineyard managers/owners: @Tmiles_MSU is working to identify powdery mildew resistance to fungicides. Please participate: 2018 Grapevine powdery mildew fungicide resistance survey http://bit.ly/PmildewGrapes,2018-08-22T11:57:17.000Z,michigan vineyard managersowner tmiles_msu work identify powdery mildew resistance fungicide please participate 2018 grapevine powdery mildew fungicide resistance survey,control methods,neutral
489,fungi,Cheryl Trueman,https://twitter.com/CherylTrueman,Ontario growers take note! Downy mildew confirmed on cucumbers in western Michigan - details here https://bit.ly/2Olts1Y. #ontag specific info on fungicides here https://bit.ly/2Ab6qHZ @Vegetables_Inc @ONProcessingVeg,2018-07-25T20:05:18.000Z,ontario grower take note downy mildew confirm cucumber western michigan   detail   ontag specific info fungicide   vegetables_inc onprocessingveg,pest,neutral
490,fungi,Grand Farm,https://twitter.com/TheGrandFarm,The robots are operating on farms across the world where they perform light treatment to control mildew on strawberries and vines drastically reducing the need for fungicides.,2020-09-04T17:02:04.000Z,robot operate farm across world perform light treatment control mildew strawberry vine drastically reduce need fungicide,control methods,positive
491,fungi,Stuart sherriff,https://twitter.com/stuart_sherriff,First score of our @SAGrainTrust wheat powdery mildew trial with @TrengoveSam. Plenty of fungicides not doing the job.,2021-08-27T09:03:28.000Z,first score sagraintrust wheat powdery mildew trial trengovesam plenty fungicide job,pest,negative
492,fungi,Kelsey Andersen Onofre,https://twitter.com/KelseyFAndersen,Field-applied UV light  applications perform just as well as fungicides to control strawberry powdery mildew! Great talk @rodrigobonofre at #IEW12.  Lots of potential for this technology! @UFPlantPath @UFGulfCoastREC,2018-06-14T19:48:55.000Z,fieldapplie uv light   application perform well fungicide control strawberry powdery mildew great talk rodrigobonofre iew12   lot potential technology ufplantpath ufgulfcoastrec,control methods,positive
493,fungi,Beth Wilson,https://twitter.com/hortagentbeth,Been doing a small part in a study of cucurbit downy mildew sensitivity to fungicides. Study is being led by UK’s Dr. Emily Pfeufer.,2018-08-10T16:00:54.000Z,small part study cucurbit downy mildew sensitivity fungicide study lead uks dr emily pfeufer,pest,neutral
494,fungi,Levente Kiss,https://twitter.com/leventekiss17,PowderyMildewMBM app assists growers’ decisions to manage powdery mildew in #mungbean with #fungicides. Join field walk & workshop at @unisqaus @ILSE_UniSQ in #collaboration with @DAFQld 20 March. Supported by @theGRDC.,2023-03-13T05:42:46.000Z,powderymildewmbm app assist grower decision manage powdery mildew mungbean fungicide join field walk   workshop unisqaus ilse_unisq collaboration dafqld 20 march support thegrdc,pest,neutral
495,fungi,Brandy Rawnsley,https://twitter.com/BrandyRawnsley,GrowMore Hort demo site in the Adelaide Plains is well underway with Syngenta fungicides #orondisflexi doing the job on downy mildew. Looking forward to another day of insights @SyngentaANZ @SA_ARai89 #Horticulture,2020-10-14T13:50:50.000Z,growmore hort demo site adelaide plain well underway syngenta fungicide orondisflexi job downy mildew look forward another day insight syngentaanz sa_arai89 horticulture,control methods,neutral
497,fungi,NC State Veggie Pathology,https://twitter.com/QuesadaLabNCSU,Pumpkin downy mildew found in NC signaling the arrival of P. cubensis clade 1 isolates all cucurbit growers should be actively scouting and applying effective fungicides - https://plantpathology.ces.ncsu.edu/2020/08/pumpkin-downy-mildew-found-in-surry-county-north-carolina/… @KnDArcangelo @NCExtension @APS_Extension,2020-08-24T18:40:46.000Z,pumpkin downy mildew find nc signal arrival p cubensis clade 1 isolate cucurbit grower actively scout apply effective fungicide    kndarcangelo ncextension aps_extension,"pest,effectiveness","negative,positive"
498,fungi,Breeder Steve,https://twitter.com/breeder_steve,If @GovCanHealth didnt miss including a simple design parameter as a prerequisite to licensing indoor or greenhouse operations there would never be mildew on crops or scandals around poisoning patients with fungicides.But no they hired idiot ass-kissers to inflict these regs.,2019-10-01T15:55:43.000Z,govcanhealth miss include simple design parameter prerequisite license indoor greenhouse operation would never mildew crop scandal around poison patient fungicidesbut hire idiot asskisser inflict reg,"pest,toxicity","negative,negative"
499,fungi,APS Graduate Student Committee,https://twitter.com/plantpathgrads,Our May Graduate Student Spotlight: @BA_BreCheese from @CornellCALS! Breanne is researching how the grape powdery mildew fungus population structure is impacted by disease progression host resistance and fungicides in commercial vineyards. Read more at https://bit.ly/3uAiWbS,2021-05-10T19:03:31.000Z,may graduate student spotlight ba_brecheese cornellcal breanne research grape powdery mildew fungus population structure impact disease progression host resistance fungicide commercial vineyard read,pest,neutral
500,fungi,CCDM,https://twitter.com/theCCDM,Now thats teamwork! Researchers from @theCCDM fungicide resistance group are very busy this week in the lab. Here some of the team are working on barley leaves treated with different fungicides to test for effectiveness against mildew. @FRGcurtin,2018-03-07T04:32:02.000Z,teamwork researcher theccdm fungicide resistance group busy week lab team work barley leave treat different fungicide test effectiveness mildew frgcurtin,"effectiveness,pest","positive,negative"
501,fungi,Plant Pathology,https://twitter.com/BSPPjournals,Grapevine downy mildew control: @Santos_RFd and team confirm multiple resistance to QoI and CAA fungicides in Plasmopara viticola in South America for the first time: https://bsppjournals.onlinelibrary.wiley.com/doi/abs/10.1111/ppa.13254…,2020-08-18T11:22:15.000Z,grapevine downy mildew control santos_rfd team confirm multiple resistance qoi caa fungicide plasmopara viticola south america first time,pest,neutral
502,fungi,Cornell CALS,https://twitter.com/CornellCALS,In more than three years of trials UV light applications worked as well or better than available fungicides killing 95% of powdery mildew in field strawberries” says @CornellAgriTechs David Gadoury. Learn more: https://cals.cornell.edu/news/uv-light-may-be-ripe-replace-chemicals-fungal-fight/…,2019-04-30T14:54:56.000Z,three year trial uv light application work well well available fungicide kill 95 powdery mildew field strawberry say cornellagritechs david gadoury learn,"usage,effectiveness,pest","negative,positive,negative"
503,fungi,Matthew Fidelibus,https://twitter.com/grapetweets,My colleague .@torreslon is looking for CA table grape grower cooperators for a powdery mildew (PM) fungicide resistance trial. Will help growers select best fungicides for their vineyard & manage PM better. If you can cooperate please contact us. Otherwise please retweet!,2019-04-23T19:41:14.000Z,colleague torreslon look ca table grape grower cooperator powdery mildew pm fungicide resistance trial help grower select good fungicide vineyard   manage pm well cooperate please contact otherwise please retweet,pest,positive
504,fungi,The American Phytopathological Society,https://twitter.com/plantdisease,Cucurbit downy mildew can be successfully minimized by combining the right fungicides with the appropriate cultural production techniques. Learn more in this #OpenAccess @Crop_Protection webcast. #CucurbitDownyMildew #cucurbits  https://planthealthexchange.org/cucurbits/Pages/GROW-CUC-06-20-004.aspx…,2021-10-05T19:12:08.000Z,cucurbit downy mildew successfully minimize combine right fungicide appropriate cultural production technique learn openaccess crop_protection webcast cucurbitdownymildew cucurbit  ,control methods,positive
505,fungi,Sally A Miller,https://twitter.com/OhioVeggieDoc,As expected cucumber downy mildew has appeared in OH in three counties-Medina Wayne and Knox- and likely more as yet unreported. Preventatively applied effective fungicides are needed to manage CDM. See http://go.osu.edu/Cbs4.,2023-07-25T18:20:03.000Z,expect cucumber downy mildew appear oh three countiesmedina wayne knox likely yet unreported preventatively apply effective fungicide need manage cdm see,"pest,effectiveness","negative,positive"
507,fungi,Ed Sikora,https://twitter.com/alabamaED,Anthracnose can be a problem on cucumber & watermelon. Leaves stems & fruit can be affected. Symptoms appear as brown circular spots which can be confused with other diseases like downy mildew or angular leaf spot. Use Resistant varieties & fungicides for control #Fungi #Disease,2023-08-11T05:25:42.000Z,anthracnose problem cucumber   watermelon leave stem   fruit affect symptom appear brown circular spot confuse disease like downy mildew angular leaf spot use resistant variety   fungicide control fungi disease,"pest,usage","negative,positive"
508,fungi,Oregon State Extension Service,https://twitter.com/OregonStateExt,In Oregons Willamette Valley powdery mildew resistance has been confirmed for reliable fungicides said Jay Pscheidt OSU Extension pathologist. @goodfruitgrower has the story. http://goodfruit.com/resistance-rising-for-powdery-mildew/… @OSUAgSci @oregonwineboard,2018-02-28T20:50:55.000Z,oregon willamette valley powdery mildew resistance confirm reliable fungicide say jay pscheidt osu extension pathologist goodfruitgrower story   osuagsci oregonwineboard,pest,negative
509,fungi,"Ziaur Rahman Pintu, Ph.D.",https://twitter.com/plantpath_phd,Last week we had a great time working in cucumber downy mildew fungicides and varietal trials. Met @Wesley at Clinton Research Station who was an excellent and very supportive throughout the season. @QuesadaLabNCSU @bhattarays @YaraIRosadoRiv1 @NCSU_DEPP @NC_PSI @NCExtension,2023-09-25T02:54:41.000Z,last week great time work cucumber downy mildew fungicide varietal trial meet wesley clinton research station excellent supportive throughout season quesadalabncsu bhattaray yarairosadoriv1 ncsu_depp nc_psi ncextension,"effectiveness,pest","positive,negative"
510,fungi,Zachariah Hansen,https://twitter.com/PlantDiseaseGuy,Hey plant pathologists be sure to check out @roofusevers Research-on-Demand session today from 1:30pm-2:00 pm CDT at #planthealth2021. Rufus will discuss fungicides for hemp powdery mildew in the greenhouse.,2021-08-05T13:13:05.000Z,hey plant pathologist sure check roofusever researchondemand session today 130pm200 pm cdt planthealth2021 rufu discuss fungicide hemp powdery mildew greenhouse,pest,neutral
511,fungi,Breanne Kisselstein,https://twitter.com/BA_BreCheese,World famous #plantpath dog Barney is dreaming about a world where we are able to control powdery mildew on grapevines without fungicides....#sciencedog #guidedog #disabledinstem @mildewmeisters @VitisGen #breandbarney #grapes #powderymildew #grapebreeding,2021-02-05T16:21:03.000Z,world famous plantpath dog barney dream world able control powdery mildew grapevine without fungicidessciencedog guidedog disabledinstem mildewmeister vitisgen breandbarney grape powderymildew grapebreede,control methods,positive
512,fungi,Isabel Saur,https://twitter.com/IzzySaur,#Calandro from @JKI_Bund Siebeldingen: enhanced resistance to downy and powdery mildew up to 60% reduced use of fungicides! Certificate for excellence from https://savoirvivre.de/ausgabe-septemberoktober-2019/…,2019-11-26T15:49:38.000Z,calandro jki_bund siebeldingen enhance resistance downy powdery mildew 60 reduce use fungicide certificate excellence,"pest,usage","negative,positive"
513,fungi,ILSE,https://twitter.com/ILSE_UniSQ,Join us @unisqaus for the next field walk & workshop 20 March. PowderyMildewMBM app assists growers’ decisions to manage powdery mildew in mungbean with fungicides @theGRDC  in #collaboration @DAFQld. @Pulse_Australia @NthGwrAlliance @AustralianMung1  @leventekiss17 @adamhsparks,2023-02-27T04:03:21.000Z,join unisqau next field walk   workshop 20 march powderymildewmbm app assist grower decision manage powdery mildew mungbean fungicide thegrdc   collaboration dafqld pulse_australia nthgwralliance australianmung1   leventekiss17 adamhspark,pest,neutral
514,fungi,Timothy Martinson,https://twitter.com/NYVITICULTURE,Will Europe embrace these powdery and downy mildew-resistant varieties?  Payoff: 2 fungicides vs 10-15 for classic varieties such as Chardonnay.,2019-11-28T14:45:37.000Z,europe embrace powdery downy mildewresistant variety   payoff 2 fungicide vs 1015 classic variety chardonnay,overall,neutral
515,fungi,Syngenta US,https://twitter.com/SyngentaUS,Hickman CA Grow More Experience site displays future fungicides for powdery mildew control in #grapes. http://ow.ly/rdtM30kZQpq #GrowMore,2018-07-22T19:20:09.000Z,hickman grow experience site display future fungicide powdery mildew control grape   growmore,pest,neutral
516,fungi,NSW DPI Agronomy,https://twitter.com/NSWDPI_AGRONOMY,The latest Northern NSW Research Results is out now!Read aboutDual purpose crops in the Northern HRZSorghum safflower & soybeanCrown rot seed fungicidesFungicide resistance in powdery mildew....and more!Linkhttps://us11.campaign-archive.com/?u=59ba43482b8c913efe7355823&id=485b96e09f…@nswdpi @theGRDC @GRDCNorth,2022-02-21T01:08:59.000Z,late northern nsw research result nowread aboutdual purpose crop northern hrzsorghum safflower   soybeancrown rot seed fungicidesfungicide resistance powdery mildewand morelink thegrdc grdcnorth,effectiveness,neutral
517,fungi,University of Hertfordshire,https://twitter.com/UniofHerts,Experts at Herts in collaboration with Agri-tech Services have created a web-based real-time system for calculating when to use fungicides to control the growth of strawberry powdery mildew  read the full article here: http://hrts.me/hMg7x,2020-05-16T07:17:05.000Z,expert hert collaboration agritech service create webbase realtime system calculate use fungicide control growth strawberry powdery mildew   read full article,control methods,positive
518,fungi,Ed Sikora,https://twitter.com/alabamaED,Powdery mildew is a common foliar diseases of roses. The white powdery fungal growth can be disfiguring with repeated heavy infection reducing plant health. Cultural practices can reduce disease outbreaks & fungicides are available if needed #Fungi #Rose #PlantDisease,2023-12-07T10:55:12.000Z,powdery mildew common foliar disease rose white powdery fungal growth disfigure repeat heavy infection reduce plant health cultural practice reduce disease outbreak   fungicide available need fungi rise plantdisease,pest,neutral
519,fungi,Black Homesteader,https://twitter.com/blkhomesteader,Powdery white coating on leaves? Its likely powdery mildew. Improve air circulation prune affected parts and apply organic fungicides if necessary. #GardeningTips #PlantCare,2023-05-28T13:35:00.000Z,powdery white coating leave likely powdery mildew improve air circulation prune affect part apply organic fungicide necessary gardeningtip plantcare,"pest,safety","negative,positive"
520,fungi,Corteva Europe,https://twitter.com/CortevaEUR,Seeing is believing! Here you can see trial videos showing how Zorvec controls diseases such as Downey Mildew. #fungicides #cortevahttp://spr.ly/6011EUh8L,2019-06-20T16:29:52.000Z,see believe see trial video show zorvec control disease downey mildew fungicide corteva,pest,positive
521,fungi,The Petite Cook♡,https://twitter.com/ClaireZDuri,DownyMildewControl. Crop rotation and the use of disease-free seed are important in preventing severe early-season epidemics. In growing regions where downy mildew is an annual threat to production farmers rely on fungicides to reduce losses caused by mildew. #chataboutfarming,2021-03-11T17:40:37.000Z,downymildewcontrol crop rotation use diseasefree seed important prevent severe earlyseason epidemic grow region downy mildew annual threat production farmer rely fungicide reduce loss cause mildew chataboutfarming,control methods,positive
522,fungi,International Viticulture and Enology Society,https://twitter.com/IVES_publisher,Is #sulfur successful to control #grapevine #downymildew?New #research #article on #OENOOne: “Sulfur — a potential #additive to increase the #efficacy of #copper-based #fungicides against grapevine downy #mildew”. Read #freely: https://bit.ly/48lafFZ#viticulture,2024-01-03T16:05:34.000Z,sulfur successful control grapevine downymildewnew research article oenoone sulfur   potential additive increase efficacy copperbase fungicide grapevine downy mildew read freely,"effectiveness,pest","positive,negative"
523,fungi,Ask UNH Extension,https://twitter.com/AskUNHExtension,Home gardeners can control downy mildew with copper fungicides Bacillus products and Agri-fos. Learn more at https://extension.unh.edu/blog/cucurbit-downy-mildew-nearby…,2018-08-16T18:33:02.000Z,home gardener control downy mildew copper fungicide bacillus product agrifos learn,pest,positive
524,fungi,Good Fruit Grower,https://twitter.com/goodfruitgrower,Researchers report resistance to cherry powdery mildew fungicides in Washington and Oregon and ask growers to adjust practices to walk it back. @WSUPlantPath @WSU_IAREC @TfrecWsu. https://goodfruit.com/fungicide-resistance-is-noticed/…,2021-03-09T17:00:02.000Z,researcher report resistance cherry powdery mildew fungicide washington oregon ask grower adjust practice walk back wsuplantpath wsu_iarec tfrecwsu,pest,negative
525,fungi,GSAJournals,https://twitter.com/GsaJournals,Changes of the sensorial attributes of white wines with the application of new anti-mildew fungicides under critical agricultural practices http://dlvr.it/SCyXDk,2021-11-22T09:59:02.000Z,change sensorial attribute white wine application new antimildew fungicide critical agricultural practice,usage,neutral
527,fungi,The Sainsbury Laboratory,https://twitter.com/TheSainsburyLab,Our excellent scientists discuss how genome editing can make tomatoes resistant to powdery mildew disease and reduce the need for fungicides.The Tomelo  project - @joewinnz @ClemMarchal @ThorstenLangner @KamounLab,2022-03-14T10:49:57.000Z,excellent scientist discuss genome editing make tomato resistant powdery mildew disease reduce need fungicidesthe tomelo   project   joewinnz clemmarchal thorstenlangner kamounlab,control methods,positive
528,fungi,Wayne Cawley,https://twitter.com/PlainWayneFarms,Helps ease the pain of the cost of powdery mildew fungicides.,2020-09-07T03:37:57.000Z,help ease pain cost powdery mildew fungicide,pest,neutral
531,fungi,Roland Amanya,https://twitter.com/AmanyaRoland5,I can sense two things mealbugs and powdery mildew. Copper based fungicides can give you excellent results.,2022-10-04T12:01:32.000Z,I sense two thing mealbug powdery mildew copper base fungicide give excellent result,"pest,effectiveness","negative,positive"
533,fungi,Cornell Chronicle,https://twitter.com/CornellNews,Thanks to research led by @CornellAgriTech’s David Gadoury farmers may no longer have to rely on fungicides to control powdery mildew a rampant plant fungal disease. @CornellPlantSci @USDA @NRC_Norway @bullyhillwine http://news.cornell.edu/stories/2019/05/uv-light-may-be-ripe-replace-chemicals-fungus-fight…,2019-05-02T18:43:28.000Z,thank research lead cornellagritechs david gadoury farmer may long rely fungicide control powdery mildew rampant plant fungal disease cornellplantsci usda nrc_norway bullyhillwine,control methods,positive
534,fungi,The Sainsbury Laboratory,https://twitter.com/TheSainsburyLab,7\ We’ve been doing GE for years at TSL. In one example we removed a gene that makes tomatoes susceptible to a fungal disease. One new tomato variety in just one step. Powdery mildew is the main reason farmers spray tomatoes with fungicides in the UK.  https://nature.com/articles/s41598-017-00578-x…,2021-09-29T14:33:09.000Z,7 ge year tsl one example remove gene make tomato susceptible fungal disease one new tomato variety one step powdery mildew main reason farmer spray tomato fungicide uk  ,control methods,positive
535,fungi,Angus Gowthorpe,https://twitter.com/angusgowthorpe,Just to update agronomist walked all the wheat last night all still very clean bar a sniff of mildew in one field. No fungicides applied. First biology going on this weekend,2021-05-27T21:59:57.000Z,update agronomist walk wheat last night still clean bar sniff mildew one field fungicide apply first biology go weekend,control methods,neutral
537,fungi,David Jones,https://twitter.com/Kenya_Agron,So far we have only spent 16000 Ksh/ha on these beans. No fungicides to date and no sign of Rust or Chocolate Spot.,2020-06-28T10:35:37.000Z,far spend 16000 kshha bean fungicide date sign rust chocolate spot,pest,positive
539,fungi,Bhim Chaulagain,https://twitter.com/bhim_chaulagain,Recent publication regarding “sensitivity of sugarcane rust fungi to fungicides in urediniospore germination and detached leaf bioassays”! Please use the link to download the full paper! https://authors.elsevier.com/c/1Y8QSxPFYeklU#.W__EXdIUbcc.twitter…,2018-11-29T10:52:46.000Z,recent publication regard sensitivity sugarcane rust fungus fungicide urediniospore germination detach leaf bioassay please use link download full paper,"pest,usage","negative,neutral"
540,fungi,Mark McLean,https://twitter.com/msmclean777,Stripe rust found in Mace at Horsham. Monitor crops and apply fungicides if necessary.,2017-10-05T07:01:12.000Z,stripe rust find mace horsham monitor crop apply fungicide necessary,pest,neutral
541,fungi,Russell McKenzie,https://twitter.com/russbmckenzie,If in doubt that spend on fungicides is worth it. See how this nozzle miss has let yellow rust rip through the crop.,2014-04-29T10:44:03.000Z,doubt spend fungicide worth see nozzle miss let yellow rust rip crop,control methods,negative
542,fungi,Mark McLean,https://twitter.com/msmclean777,Barley leaf rust found in Compass barley at Horsham in the Wimmera. Check crops now and apply fungicides if necessary.,2017-10-02T00:12:25.000Z,barley leaf rust find compass barley horsham wimmera check crop apply fungicide necessary,pest,positive
543,fungi,BM Boothman Agronomy,https://twitter.com/BMBoothAg,This goes to show the importance of fungicides in our industry. To the left is a spray miss in the entrance of a field..Lots of rust to the right is the rest of the field that received a fungicide. Variety was Dunston. T1 fungicide was Az Opti + Epoxy not a bank breaker.,2019-05-08T20:07:46.000Z,go show importance fungicide industry left spray miss entrance fieldlot rust right rest field receive fungicide variety dunston t1 fungicide az opti   epoxy bank breaker,"usage,pest","positive,negative"
544,fungi,The Rust Bust,https://twitter.com/the_rustbust,RUST ALERT WA: barley & wheat leaf rust. Select varieties carefully apply seed treatment & post-em fungicides. http://goo.gl/Z9aK2Y,2017-05-15T00:26:54.000Z,rust alert wa barley   wheat leaf rust select variety carefully apply seed treatment   postem fungicide,pest,neutral
545,fungi,BASF Agricultural Solutions Australia,https://twitter.com/BASF_Agro_Au,BASF fungicides providing PM NFNB & Rust control @ Colonsay QLD thnx Kalyx UTC Ceriax Opera and competitor (L to R),2016-10-04T11:30:25.000Z,basf fungicide provide pm nfnb   rust control   colonsay qld thnx kalyx utc ceriax opera competitor l r,pest,positive
546,fungi,Tim Murray,https://twitter.com/WSUWheatDoc,Just updated: Research Reports on the Wheat and Small Grains website http://smallgrains.wsu.edu/disease-resources/research-reports/…. Ratings for reaction to Cephalosporium stripe and Eyespot fungicides for stripe rust and Intego Solo for metalaxyl-resistant Pythium in spring wheat. #WSUsmallgrains,2018-09-20T22:43:53.000Z,update research report wheat small grain website   rating reaction cephalosporium stripe eyespot fungicide stripe rust intego solo metalaxylresistant pythium spring wheat wsusmallgrain,pest,neutral
547,fungi,Heidi Gooden,https://twitter.com/gooden_heidi,Hotspots of stripe rust spotted in DS Bennet @ Lockhart. Perfect storm...no upfront fungicides mild wet conditions & not enough mouths to utilise DM being produced. Bennet rated higher for SR resistance than Illabo & Kittihawk @NSWDPI_AGRONOMY @cropmad @sprayoperator,2020-06-25T07:29:56.000Z,hotspot stripe rust spot ds bennet   lockhart perfect stormno upfront fungicide mild wet condition   enough mouth utilise dm produce bennet rate high sr resistance illabo   kittihawk nswdpi_agronomy cropmad sprayoperator,pest,negative
548,fungi,Robert Goodson,https://twitter.com/goodsonretired,Common rust showing up in corn in County. No reports of southern rust. No fungicides needed at present.,2017-06-12T11:30:51.000Z,common rust show corn county report southern rust fungicide need present,pest,negative
549,fungi,David Cairns,https://twitter.com/MSPAgronomy,Shows why we use Fungicides yellow rust very active in untreated ⁦@MSandPltd⁩ Wheat trials,2019-07-19T07:52:30.000Z,show use fungicide yellow rust active untreated msandpltd wheat trial,"usage,pest","positive,negative"
550,fungi,Ben Dumesny,https://twitter.com/BenDumesny,Fungicides working. Stripe rust hot spots in Trojan from boom sectional control issue. Sprayed and un-sprayed. @SouthernFS @AParidaen @fry_anna32,2019-11-11T02:21:22.000Z,fungicide work stripe rust hot spot trojan boom sectional control issue spray unsprayed southernfs aparidaen fry_anna32,"effectiveness,pest,usage","positive,negative,positive"
551,fungi,Daniel Norero,https://twitter.com/DanielNorero,Cuba develops the first genetically modified soybean resistant to the Asian rust - a destroying fungus https://chilebio.cl/2023/01/11/cuba-desarrolla-la-primera-soya-transgenica-resistente-a-destructivo-hongo-de-la-roya-asiatica/… | The first field trials showed successful results offering a sustainable alternative that would reduce the use of fungicides.,2023-01-13T11:24:06.000Z,cuba develop first genetically modify soybean resistant asian rust   destroy fungus    first field trial show successful result offer sustainable alternative would reduce use fungicide,control methods,positive
552,fungi,KSU Wheat Pathology,https://twitter.com/KSUWheatDisease,Fungicides still holding back rust in a fungicide test in Garden City. Pictures show treated and untreated wheat. Nice work AJ! @KSUWheat,2017-06-09T00:47:08.000Z,fungicide still hold back rust fungicide test garden city picture show treat untreated wheat nice work aj ksuwheat,"pest,effectiveness","negative,positive"
553,fungi,Madalyn Shires,https://twitter.com/SDSUPlantPath,Update on our crown rust fungicide trial. Youve got to appreciate the effectiveness of fungicides in managing oat crown rust! Lots of rust inoculum!,2021-08-04T20:48:35.000Z,update crown rust fungicide trial get appreciate effectiveness fungicide manage oat crown rust lot rust inoculum,"pest,effectiveness","negative,positive"
555,fungi,Ash Brooks,https://twitter.com/AshBrooks82,Boom spray misses always make for good trials! The corner where the boom didn’t get backed into. Definitely a high stripe rust pressure season in the Wimmera. Fungicides are definitely pulling their weight!  #plant22,2022-09-12T06:05:19.000Z,boom spray miss always make good trial corner boom get back definitely high stripe rust pressure season wimmera fungicide definitely pull weight   plant22,"usage,pest","positive,negative"
556,fungi,Plant Pathology,https://twitter.com/BSPPjournals,Soybean rust and fungicides: how to judge your best options for profitability? @edelponte and team have developed a new web app: https://bsppjournals.onlinelibrary.wiley.com/doi/abs/10.1111/ppa.13396…,2021-06-11T09:38:44.000Z,soybean rust fungicide judge good option profitability edelponte team develop new web app,pest,positive
557,fungi,NSW DPI Agronomy,https://twitter.com/NSWDPI_AGRONOMY,“No cleanskins this year”⁦@nswdpi⁩’s Steve Simpendorfer talks us through what genetic differences to stripe rust ACTUALLY look like when no fungicides are applied with samples from a ⁦@GrainOrana⁩ trial ⁦@theGRDC⁩ ⁦@GRDCNorth⁩ ⁦@PbiCobbitty⁩,2022-10-03T21:30:32.000Z,cleanskin yearnswdpis steve simpendorfer talk genetic difference stripe rust actually look like fungicide apply sample grainorana trial thegrdc grdcnorth pbicobbitty,pest,positive
558,fungi,Harun M. Murithi,https://twitter.com/HarunMuthuri,Fungicides can effectively manage soybean Rust.  Scouting for the disease could enable timely identification and control.,2023-05-16T20:48:14.000Z,fungicide effectively manage soybean rust   scout disease could enable timely identification control,pest,positive
559,fungi,Kaique Alves,https://twitter.com/AlvesKS_,Our latest #PrePrint is out!!We played with some stochastic simulations to study the profitability of managing soybean rust with fungicides. Preprint: http://osf.io/84976Codes: http://git.io/Jtm1p#phdlife #openscience,2021-01-20T20:51:08.000Z,late preprint outwe play stochastic simulation study profitability manage soybean rust fungicide preprint    openscience,pest,positive
560,fungi,Wayne Smith,https://twitter.com/agriprof,Augusts #agronomy newsletter is currently being uploaded for subscribers to download. Scorch can be good copper deficiency fungicides for rust & canola diseases Russian wheat aphids new products for croptopping manganese deficiency in lupins and Kaizen.,2020-09-02T02:29:23.000Z,august agronomy newsletter currently upload subscriber download scorch good copper deficiency fungicide rust   canola disease russian wheat aphids new product croptoppe manganese deficiency lupin kaizen,pest,positive
561,fungi,Scott Evans,https://twitter.com/UNLScottEvans,Rust. Yuck!  Getting reports of shoes turning orange from rust. Fungicides such as myclobutanil or propiconazole will help. #NebExt,2016-10-04T15:24:05.000Z,rust yuck   get report shoe turn orange rust fungicide myclobutanil propiconazole help nebext,pest,positive
562,fungi,Bob Kemerait,https://twitter.com/bobkemerait,Tough situation in this late-planted field of corn in South Georgia covered up with southern corn rust and tar spot despite treatments with fungicides.  Corn only at R4 a long way to go.  UGA Extension,2020-09-03T13:49:43.000Z,tough situation lateplanted field corn south georgia cover southern corn rust tar spot despite treatment fungicide   corn r4 long way go   uga extension,pest,negative
563,fungi,David Cairns,https://twitter.com/MSPAgronomy,This is why we use fungicides very active yellow rust in untreated plots ⁦@MSandPltd⁩ trials,2019-06-07T15:02:03.000Z,use fungicide active yellow rust untreated plot msandpltd trial,"usage,pest","positive,negative"
564,fungi,Ed Sikora,https://twitter.com/alabamaED,Another field in SW Alabama with heavy damage from soybean rust. Soybeans at R5 so I expect signjficant yield loss. No fungicides were applied to that field.,2020-09-03T13:49:43.000Z,another field sw alabama heavy damage soybean rust soybean r5 I expect signjficant yield loss fungicide apply field,"toxicity,pest","negative,negative"
565,fungi,UNL Small Grains Breeding- Frels Lab,https://twitter.com/Huskerwheat,The next rust coming in---leaf rust.  At Lincoln.I am sure elsewhere in NE.Fungicides control both leaf& stripe rust,2016-05-26T18:24:54.000Z,next rust come inleaf rust   lincolni sure elsewhere nefungicide control leaf stripe rust,pest,positive
566,fungi,Nathan Mueller,https://twitter.com/croptechcafe,Whats up this WHEAT? May 17. Weekly info for wheat farmers in SC & East NE. Read at https://mailchi.mp/unl.edu/whats-up-this-wheat-may-17… #wheat stripe rust FHB fungicides & more @SeymourInsects @Crops_MelissaB @glesoing2 @jenreesources @ColfaxCountyExt,2021-05-19T11:52:47.000Z,wheat may 17 weekly info wheat farmer sc   east ne read   wheat stripe rust fhb fungicide   seymourinsect crops_melissab glesoing2 jenreesource colfaxcountyext,pest,neutral
567,fungi,Dave Hooker,https://twitter.com/cropdoc2,Hail damage. Fungicide? * cannot recover yield potential lost due to hail fungicides reduce disease. * fungs effective on gray leaf spot NCLB eyespot and c.rust on corn,2021-05-19T12:33:16.000Z,hail damage fungicide   recover yield potential lose due hail fungicide reduce disease   fung effective gray leaf spot nclb eyespot crust corn,"toxicity,pest,effectiveness","negative,positive"
568,fungi,Trey Price,https://twitter.com/ppp_trey,Breaking...fungicides are still very effective on stripe rust.  @SpurlockLab @baldpathologist @travisfaske,2021-04-13T21:44:42.000Z,breakingfungicide still effective stripe rust   spurlocklab baldpathologist travisfaske,"effectiveness,pest","positive,negative"
569,fungi,Kansas Farmer,https://twitter.com/farmer_kansas,Results from Day 1 on the #wheattour21. Crop heading out facing stripe rust challenges. Farmers applying fungicides to protect yield potential. That 59.2 bpa average across the routes brought cautious optimism! Read more at http://kansasfarmer.com,2021-05-19T12:33:16.000Z,result day 1 wheattour21 crop head face stripe rust challenge farmer apply fungicide protect yield potential 592 bpa average across route bring cautious optimism read,"effectiveness,pest","positive,negative"
570,fungi,Jack Payne,https://twitter.com/trouttroller,Seeding winter wheat? Check variety for stripe rust resistance. Severe stripe rust pressure at Olds. Fungicides alone wont protect the crop,2014-08-29T02:51:52.000Z,seed winter wheat check variety stripe rust resistance severe stripe rust pressure old fungicide alone protect crop,pest,negative
571,fungi,Dr. Wilfredo Robles,https://twitter.com/wrobles9,Foliar directed application of selected fungicides for coffee rust. Spraying pattern should target the underside of the leaf from bottom to top of the tree.,2021-05-19T23:40:25.000Z,foliar directed application select fungicide coffee rust spray pattern target underside leaf bottom top tree,"usage,pest","positive,negative"
572,fungi,Edward Beasley,https://twitter.com/thebuffsciguy,I’ve been getting a lot of questions about this particular disease of corn in Georgia. It’s Curvularia leaf spot not a concern or reason to apply a fungicide. Let’s just not overlook Southern rust or tar spot. #corn #southga #fungicides #plantpathology,2023-06-01T13:24:22.000Z,I get lot question particular disease corn georgia curvularia leaf spot concern reason apply fungicide let overlook southern rust tar spot corn southga fungicide plantpathology,pest,neutral
573,fungi,Emerson Del Ponte,https://twitter.com/edelponte,Does mancozebe improve performance of systemic fungicides against #soybean rust when mixed? Leo Antonello explains using meta-analysis!,2016-12-13T17:34:45.000Z,mancozebe improve performance systemic fungicide soybean rust mix leo antonello explain use metaanalysis,"pest,usage","negative,positive"
574,fungi,Mike Neaverson,https://twitter.com/MikeNeaverson,I am a farmer and independent agronomist. This means that I work with other farmers to help them plan their cropping I walk their fields and recommend manures fertilisers weedkillers and fungicides. For example we look for diseases like this yellow rust I found today,2023-06-01T13:24:22.000Z,I farmer independent agronomist mean I work farmer help plan cropping I walk field recommend manure fertiliser weedkiller fungicide example look disease like yellow rust I find today,"effectiveness,pest","positive,negative"
575,fungi,2Blades,https://twitter.com/2blades,Rust never sleeps - it is constantly evolving overcoming resistance genes and fungicides. Durable resistance strategies are sorely needed. @undarkmag #cropdisease http://ow.ly/XDJ930i1kQm,2018-01-26T17:55:04.000Z,rust never sleep   constantly evolve overcome resistance gene fungicide durable resistance strategy sorely need undarkmag cropdisease,pest,neutral
576,fungi,Tim Parton,https://twitter.com/parker419,Mulika spring wheat just at flowering no fungicides or insecticides had some yellow rust come in which the plant has managed to overcome with the help of nutrition and biology,2020-06-30T15:47:03.000Z,mulika spring wheat flower fungicide insecticide yellow rust come plant manage overcome help nutrition biology,pest,positive
577,fungi,Ed Sikora,https://twitter.com/alabamaED,Can you pick the block of soybeans NOT sprayed with fungicides?  Part of large scale test in central AL. The pathogen is soybean rust. We have seen up to 26% yield loss from SBR at site in years past I suspect we surpass that # this year. We have similar trials around the state,2018-01-26T17:55:04.000Z,pick block soybean spray fungicide   part large scale test central al pathogen soybean rust see 26 yield loss sbr site year past I suspect surpass   year similar trial around state,"usage,pest","positive,negative"
578,fungi,Cameron Hildebrand,https://twitter.com/CameronHild,#cropconnect15 Sam Markell #sunflower diseases. All rust fungicides sprayed earlier 1% infection give control.,2015-02-18T18:08:52.000Z,cropconnect15 sam markell sunflower disease rust fungicide spray early 1 infection give control,"pest,usage","negative,positive"
579,fungi,Stephanie Porter,https://twitter.com/skporter,Bob Wagner near Madison WI not seeing any Northern #corn leaf blight yet but a lot of common rust.  No fungicides recommended at this time,2017-08-09T13:48:47.000Z,bob wagner near madison wi see northern corn leaf blight yet lot common rust   fungicide recommend time,pest,negative
580,fungi,Grassroots Agronomy,https://twitter.com/grassrootsag,Lancer wheat proving its value yet again no fungicides applied & still stripe rust free. This block on a chickpea stubble is also providing stiff crop competition for the ryegrass @YupiriTony @WeedSmartAU,2021-09-20T08:48:14.000Z,lancer wheat prove value yet fungicide apply   still stripe rust free block chickpea stubble also provide stiff crop competition ryegrass yupiritony weedsmartau,pest,neutral
581,fungi,2Blades,https://twitter.com/2blades,Resistance to chemical fungicides means Asian soybean rust is major problem in Brazil and new chemicals are lacking. Genetics can provide durable resistance and 2Blades working hard to develop solutions #cropdisease http://ow.ly/pN5S30hnGyX http://2blades.org/projects-and-technology/projects/asian-soybean-rust-resistance/…,2017-12-22T17:05:06.000Z,resistance chemical fungicide mean asian soybean rust major problem brazil new chemical lack genetic provide durable resistance 2blades work hard develop solution cropdisease  ,"toxicity,pest,effectiveness","neutral,negative,negative"
582,fungi,Jhonatan Paulo Barro,https://twitter.com/jhonatan_barro,Our latest manuscript Is tank mixing site-specific premixes and multi-site fungicides effective and economic for managing soybean rust? a meta-analysisis already online.Read the paper: https://doi.org/10.1016/j.cropro.2021.105839…Codes: https://osf.io/t34j9/@franklinjmachad @edelponte,2021-10-07T17:12:15.000Z,late manuscript tank mix sitespecific premix multisite fungicide effective economic manage soybean rust metaanalysisis already onlineread paper    edelponte,"usage,effectiveness,pest","neutral,neutral,negative"
583,fungi,Zachariah Hansen,https://twitter.com/PlantDiseaseGuy,Cedar-apple rust lesions on apple leaves. Choose resistant varieties and control with fungicides early in the season prior to bloom until two weeks after petal fall. The fungus is called Gymnosporangium juniperi-virginianae. Rolls right off the tongue.,2022-05-26T00:51:46.000Z,cedarapple rust lesion apple leave choose resistant variety control fungicide early season prior bloom two week petal fall fungus call gymnosporangium juniperivirginianae roll right tongue,pest,neutral
584,fungi,GOA,https://twitter.com/GrainOrana,Stripe Rust Sentinel: Wongarbon update. - evidence of stipe rust in all varieties- infections would suggest the both 198 and 239 have been present- currently almost no active infections present (no fungicides have been applied) @GRDCNorth @MaurieStreet #striperust #wheat,2022-09-30T02:24:51.000Z,stripe rust sentinel wongarbon update   evidence stipe rust variety infection would suggest 198 239 present currently almost active infection present fungicide apply grdcnorth mauriestreet striperust wheat,pest,negative
585,fungi,Harun M. Murithi,https://twitter.com/HarunMuthuri,#Soybean rust is prevalent in Southern Africa this season. Some of the tolerant lines have succumbed. Many small scale producers have not embraced fungicides due to lack of knowledge and the cost.  Are there any biological options out there? What other options can we explore?,2023-03-12T11:56:24.000Z,soybean rust prevalent southern africa season tolerant line succumb many small scale producer embrace fungicide due lack knowledge cost   biological option option explore,pest,negative
586,fungi,Sam Knowlton,https://twitter.com/samdknowlton,There are 40 known strains of CRL many of which are mutations resulting from heavy fungicide use in coffee fields. Fungi have a knack for rapid mutation and CRL has shown a proclivity for evading fungicides and rust resistant varieties.,2022-12-27T16:17:30.000Z,40 know strain crl many mutation result heavy fungicide use coffee field fungus knack rapid mutation crl show proclivity evade fungicide rust resistant variety,"effectiveness,usage,pest","negative,negative,negative"
587,fungi,Ed Sikora,https://twitter.com/alabamaED,Rose rust is caused by spp of fungi in the Phragmidium genus.  It appears to be specific to roses. It rarely kills a plant but can cause complete defoliation. Seriously infected plants can be removed. Hybrids are more prone to rust.  Fungicides are available #Rust #Rose #Fungi,2023-12-08T22:01:04.000Z,rise rust cause spp fungus phragmidium genus   appear specific rose rarely kill plant cause complete defoliation seriously infect plant remove hybrid prone rust   fungicide available rust rise fungus,pest,negative
588,fungi,Stephanie Porter,https://twitter.com/skporter,Dont confuse common rust with gray leaf spot. Rust pustules can be within rectangular areas. Fungicides not warranted for common rust,2017-07-14T19:00:04.000Z,confuse common rust gray leaf spot rust pustule within rectangular area fungicide warrant common rust,pest,positive
589,fungi,Kylie Chambers,https://twitter.com/KylieRChambers,Oat leaf rust found in wild oats on the roadside between Scaddan to Munglinup #PestFaxhttps://bit.ly/30dgf2UArticle also contains links for more info on oat leaf rust and registered fungicides for control in crop.#ProtectingWAcrops,2020-07-30T08:26:26.000Z,oat leaf rust find wild oat roadside scaddan munglinup pestfax also contain link info oat leaf rust register fungicide control cropprotectingwacrop,pest,neutral
590,fungi,David Jones,https://twitter.com/Kenya_Agron,Despite only very low levels of Yellow Rust and no Stem Rust average yield increase from fungicides across the 12 varieties was 0.325 t/ha at this site. One of the lowest responses on record but still a 2:1 return on fungicide $.,2023-04-14T20:26:00.000Z,despite low level yellow rust stem rust average yield increase fungicide across 12 variety 0325 tha site one low response record still 21 return fungicide,pest,negative
591,fungi,Stuffspec.com,https://twitter.com/stuffspec,Little Known Pdf of Soybean Rust Control with Mana Fungicides #soybean #rust #control #mana #fungicides http://stuffspec.com/publicfiles/Soybean_Rust_Control_With_Mana_Fungicides.html…,2015-06-06T03:45:13.000Z,little know pdf soybean rust control mana fungicides soybean rust control mana fungicide,pest,neutral
592,fungi,Jonathan Hodgson ++=,https://twitter.com/SouthFrodfarmer,A variety that has surprised me this year is Astronomer unlike other varieties were I have had to use a little fungicides to control brown rust this has had no fungicides or pgrs or insecticides . I’ll be adding it to a blend this autumn,2023-07-05T07:28:33.000Z,variety surprise I year astronomer unlike variety I use little fungicide control brown rust fungicide pgrs insecticide   ill add blend autumn,"usage,pest","negative,negative"
593,fungi,Barry Haskins,https://twitter.com/agrobaz,Stripped pd around fungicide trial today. 3 well timed fungicides was what was needed this yr here in most wheat varieties. This trial will show what stripe rust can do in a bad year! Unfort there’s going to be a lot of pain out there when headers get in,2022-11-28T09:28:39.000Z,strip pd around fungicide trial today 3 well time fungicide need yr wheat variety trial show stripe rust bad year unfort go lot pain header get,pest,negative
594,fungi,Guy Barter,https://twitter.com/GuyBarter,First signs of leek rust - no fungicides approved for gardeners but have heard that potassium fertiliser can help,2016-08-19T18:31:49.000Z,first sign leek rust   fungicide approve gardener hear potassium fertiliser help,pest,positive
595,fungi,Sask Wheat,https://twitter.com/SaskWheat,From @cdnagro: Wheat and barley response to stripe rust and fungicideshttps://canadianagronomist.ca/wheat-and-barley-response-to-stripe-rust-and-fungicides/… #WestCdnAg,2020-03-18T18:15:26.000Z,cdnagro wheat barley response stripe rust fungicide westcdnag,pest,neutral
596,fungi,Soybean Innovation Lab,https://twitter.com/tropicalsoylab,How to prepare for soybean rust with fungicides? We can help you! - https://mailchi.mp/illinois/research-round-up-1047063…,2023-04-27T14:58:30.000Z,prepare soybean rust fungicide help  ,pest,positive
597,fungi,Damon L. Smith,https://twitter.com/badgercropdoc,Stripe rust observed in Columbia Co. WI today. In uniform VT in Arlington WI on susceptible varieties. Incidence and severity low. Fungicides applied for FHB now will also keep stripe rust in check. Continue to monitor the situation here: https://wheat.agpestmonitor.org/stripe-rust/ @badgerbean,2020-06-09T20:07:36.000Z,stripe rust observe columbia co wi today uniform vt arlington wi susceptible variety incidence severity low fungicide apply fhb also keep stripe rust check continue monitor situation   badgerbean,pest,negative
598,fungi,Sarah,https://twitter.com/sarahusly,You can treat cedar apple rust with fungicides but none are proven to work *well*. #treechat,2013-07-02T18:27:00.000Z,treat cedar apple rust fungicide none prove work well treechat,"pest,effectiveness","negative,negative"
599,fungi,Tim Rethus,https://twitter.com/TRethus,Another Twitter example of fungicides working in a high pressure rust year. @BASF_Agro_Au Opera is superb saved massive biomass in Scepter. Havent seen rust so bad. Should have back cut the trees!!,2022-09-08T00:05:02.000Z,another twitter example fungicide work high pressure rust year basf_agro_au opera superb save massive biomass scepter see rust bad back cut tree,"effectiveness,pest","positive,negative"
600,fungi,Molecular Plant Pathology,https://twitter.com/MPPjournal,RT @FarmersWeekly on research using wheat diversity to improve resistance to yellow rust - alternative to #fungicides http://fwi.co.uk/articles/14/01/2014/142799/new-research-funding-to-combat-yellow-rust.htm…,2014-01-15T13:24:08.000Z,rt farmersweekly research use wheat diversity improve resistance yellow rust   alternative fungicide,"usage,pest","negative,negative"
601,fungi,Stephanie Porter,https://twitter.com/skporter,Cooler temperatures should slow the spread of Southern rust on #corn and fungicides are not recommended after dough stage,2017-08-02T11:43:05.000Z,cool temperature slow spread southern rust corn fungicide recommend dough stage,pest,negative
602,fungi,Peter Bostock,https://twitter.com/Bossy_68,They did say “leaf rust threatens” so hopefully fungicides already available will do the job!Leaf rust threatens many crops every season.,2020-10-23T23:34:51.000Z,say leaf rust threaten hopefully fungicide already available jobleaf rust threaten many crop every season,pest,positive
603,fungi,Molecular Plant Pathology,https://twitter.com/MPPjournal,RT @FarmersWeekly on research using wheat diversity to improve resistance to yellow rust - alternative to #fungicides http://fwi.co.uk/articles/14/01/2014/142799/new-research-funding-to-combat-yellow-rust.htm…,2014-01-15T13:24:08.000Z,rt farmersweekly research use wheat diversity improve resistance yellow rust   alternative fungicide,"usage,pest","negative,negative"
604,fungi,Stephanie Porter,https://twitter.com/skporter,Cooler temperatures should slow the spread of Southern rust on #corn and fungicides are not recommended after dough stage,2017-08-02T11:43:05.000Z,cool temperature slow spread southern rust corn fungicide recommend dough stage,pest,negative
605,fungi,Peter Bostock,https://twitter.com/Bossy_68,They did say “leaf rust threatens” so hopefully fungicides already available will do the job!Leaf rust threatens many crops every season.,2020-10-23T23:34:51.000Z,say leaf rust threaten hopefully fungicide already available jobleaf rust threaten many crop every season,pest,positive
606,fungi,Hannes Claeys,https://twitter.com/hannesclaeys,Farmers can spray rust with fungicides or if they follow organic growing practices with copper sulfate. Organic? http://wired.com/wiredscience/2013/06/coffee-rust-epidemic/2/…,2013-06-12T06:08:23.000Z,farmer spray rust fungicide follow organic grow practice copper sulfate organic,"usage,pest,safety",positive
607,fungi,TwoHotCrossBunnies,https://twitter.com/wearyrabbit,Pear rust (orange fungus on fruit tree leaves) has invaded recently from EU due to poor bio security. Fungicides to treat it have been banned in the home market,2018-10-02T06:43:08.000Z,pear rust orange fungus fruit tree leave invade recently eu due poor bio security fungicide treat ban home market,pest,negative
608,fungi,Stephanie Porter,https://twitter.com/skporter,Cooler temperatures should slow the spread of Southern rust on #corn and fungicides are not recommended after dough stage,2017-08-02T11:43:05.000Z,cool temperature slow spread southern rust corn fungicide recommend dough stage,pest,negative
609,fungi,Peter Bostock,https://twitter.com/Bossy_68,They did say “leaf rust threatens” so hopefully fungicides already available will do the job!Leaf rust threatens many crops every season.,2020-10-23T23:34:51.000Z,say leaf rust threaten hopefully fungicide already available jobleaf rust threaten many crop every season,pest,positive
610,fungi,Hannes Claeys,https://twitter.com/hannesclaeys,Farmers can spray rust with fungicides or if they follow organic growing practices with copper sulfate. Organic? http://wired.com/wiredscience/2013/06/coffee-rust-epidemic/2/…,2013-06-12T06:08:23.000Z,farmer spray rust fungicide follow organic grow practice copper sulfate organic,"usage,pest,safety",positive
611,fungi,TwoHotCrossBunnies,https://twitter.com/wearyrabbit,Pear rust (orange fungus on fruit tree leaves) has invaded recently from EU due to poor bio security. Fungicides to treat it have been banned in the home market,2018-10-02T06:43:08.000Z,pear rust orange fungus fruit tree leave invade recently eu due poor bio security fungicide treat ban home market,pest,negative
612,fungi,Peter Johnson,https://twitter.com/WheatPete,.@turnbullfarms1 From 18 to 35 bu/ac more yield with fungicides on #wheat this year. Stripe rust control critical. #ontag,2016-07-13T01:25:09.000Z,turnbullfarms1 18 35 buac yield fungicide wheat year stripe rust control critical ontag,pest,negative
613,fungi,Leonardo Gottems,https://twitter.com/gottems,New mutation increases Asian rust resistance to fungicides in Brazil,2024-02-20T10:06:17.000Z,new mutation increase asian rust resistance fungicide brazil,pest,neutral
614,fungi,Steven Simpfendorfer,https://twitter.com/s_simpfendorfer,This info is really targeted for growers in north west and central west NSW who have crops at GS49 (awn peep) and later where APR in MS or better varieties is already clearly active. Some still contemplating fungicides for stripe rust when race is already run in that environment.,2020-08-31T12:25:34.000Z,info really target grower north west central west nsw crop gs49 awn peep later apr ms well variety already clearly active still contemplate fungicide stripe rust race already run environment,pest,positive
615,fungi,The Rust Bust,https://twitter.com/the_rustbust,Fungicides regd for #WPM & #rust in wheat are same variety selection crucial to avoid over-reliance on fungicides for rust control.,2017-03-23T02:17:11.000Z,fungicide regd wpm   rust wheat variety selection crucial avoid overreliance fungicide rust control,pest,negative
616,fungi,Peter Johnson,https://twitter.com/WheatPete,.@turnbullfarms1 From 18 to 35 bu/ac more yield with fungicides on #wheat this year. Stripe rust control critical. #ontag,2016-07-13T01:25:09.000Z,turnbullfarms1 18 35 buac yield fungicide wheat year stripe rust control critical ontag,pest,negative
617,fungi,Leonardo Gottems,https://twitter.com/gottems,New mutation increases Asian rust resistance to fungicides in Brazil,2024-02-20T10:06:17.000Z,new mutation increase asian rust resistance fungicide brazil,pest,neutral
618,fungi,Corteva UK,https://twitter.com/CortevaUK,Lots to do? #UNITE is supported with septoria/yellow rust fungicides. http://ow.ly/u3CYs,2014-03-03T10:25:16.000Z,lot unite support septoriayellow rust fungicide,pest,positive
619,fungi,Heuston Agronomy Services,https://twitter.com/pennyheuston,Cracking shot from the GOA team showing varietal differences to stripe rust with NO fungicides...a picture tells a thousand words...Top stuff @MaurieStreet and @bennyob @GRDCNorth @theGRDC @NSWDPI_AGRONOMY #wheat #striperust,2022-10-03T21:13:11.000Z,crack shot goa team show varietal difference stripe rust fungicidesa picture tell thousand wordstop stuff mauriestreet bennyob grdcnorth thegrdc nswdpi_agronomy wheat striperust,pest,negative
620,fungi,TIA,https://twitter.com/TasInAg,Our blueberry rust team has been setting up weather stations in the field.The data will be matched with leaf growth to determine when the high-risk growth stages for rust infection occur. This will tell us when protective rust fungicides are most needed. #FridayInTheField,2023-07-14T02:00:34.000Z,blueberry rust team set weather station fieldthe datum match leaf growth determine highrisk growth stage rust infection occur tell protective rust fungicide need fridayinthefield,pest,positive
621,fungi,Nuseed U.S. and Canada,https://twitter.com/NuseedUSandCA,Sam Markell of @NDSU offers us some crucial takeaways for battling rust in 2024:-SCOUT FOR IT!-Hybrid selection is important-Fungicides work well-Rotation is a great weapon dont underestimate its power#NuseedSunflowerU,2024-02-15T18:11:39.000Z,sam markell ndsu offer crucial takeaway battle rust 2024scout ithybrid selection importantfungicide work wellrotation great weapon underestimate powernuseedsunfloweru,"pest,effectiveness","negative,positive"
622,fungi,GRDC,https://twitter.com/theGRDC,Part  of our stripe rust series!Growers who applied preventive fungicides at optimal growth stages have generally kept the leaves of susceptible varieties free of disease. However those who could not traffic paddocks have reported disease hotspots: https://bit.ly/3SrA1Rc,2022-10-03T07:36:02.000Z,part   stripe rust seriesgrower apply preventive fungicide optimal growth stage generally keep leave susceptible variety free disease however could traffic paddock report disease hotspot,pest,positive
623,fungi,chazaq911x,https://twitter.com/chazaq911x,wheat genomics drought tolerant wheat wheat rust fungicides and general crop pesticides,2021-08-01T14:16:10.000Z,wheat genomics drought tolerant wheat wheat rust fungicide general crop pesticide,pest,positive
624,fungi,chris kelly,https://twitter.com/KellyAlspals,And the potential bumper Aussie wheat crop still has a long way to go. The yield may be record no doubt but quality could be a mega problem. Currently Rust is a big issue. Fungicides and even built in genetic resistance are being stressed out as rain just keeps coming. @grheard,2022-09-26T19:57:36.000Z,potential bumper aussie wheat crop still long way go yield may record doubt quality could mega problem currently rust big issue fungicide even build genetic resistance stress rain keep come grheard,pest,negative
625,fungi,Hannah Blyth,https://twitter.com/StellaRemnant,Primary target of the fungicides was stripe rust. While STB was suppressed by the Millennial drought  Zymoseptoria seems to have been quietly evolving resistance under the radar #ISCLB2019 #zymoconf,2019-05-22T11:45:53.000Z,primary target fungicide stripe rust stb suppress millennial drought   zymoseptoria seem quietly evolve resistance radar isclb2019 zymoconf,pest,neutral
626,fungi,Joshua Peterson,https://twitter.com/sometimesamedic,It looks to me like juniper-apple rust (sometimes called cedar-apple rust). Several fungicides are labeled.,2021-06-01T23:40:41.000Z,look I like juniperapple rust sometimes call cedarapple rust several fungicide label,pest,positive
627,fungi,Farmhut Africa,https://twitter.com/farmhutafrica,Most of the older varieties are susceptible to rust but usually the newer varieties have some resistance. Several fungicides are registered for control of rust.These may be applied either as a preventative spray or when the disease is first seen.,2023-08-19T12:53:05.000Z,old variety susceptible rust usually new variety resistance several fungicide register control rustthese may apply either preventative spray disease first see,"pest,usage","negative,positive"
628,fungi,Ryan Krenk,https://twitter.com/agronomistryan1,Appears to be striped rust. Several fungicides are effective on it. However...70% of yield in wheat is derived from the flag leaf. So if you see it...its cost you.,2021-05-27T02:07:20.000Z,appear stripe rust several fungicide effective however70 yield wheat derive flag leaf see itit cost,"pest,effectiveness","negative,positive"
629,fungi,Nuseed U.S. and Canada,https://twitter.com/NuseedUSandCA,Stripe Rust and Fungicides (6/28/12)We have not evaluated fungicides for stripe rust control in ND but wheat... http://fb.me/23iQHyYG4,2012-06-28T22:23:07.000Z,stripe rust fungicide 62812we evaluate fungicide stripe rust control nd wheat,pest,neutral
630,fungi,Arik Fetscher,https://twitter.com/ArikFetscher,.@TzipiHotovely @HHShkMohd can an apple tree and Juniper grow near each other? Most say no but I say yes just effort & good rust fungicides,2016-05-29T22:26:07.000Z,tzipihotovely hhshkmohd apple tree juniper grow near say I say yes effort   good rust fungicide,pest,positive
631,fungi,Fezzi Fezzino  @fezzi.bsky.social,https://twitter.com/FezziFezzino,Dust your plants with sulfur early in the season to prevent infection or to keep mild infections from spreading. Space your plants properly to encourage good air circulation. Avoid wetting the leaves when watering plants. There are many effective rust fungicides you can try.,2023-12-31T02:39:52.000Z,dust plant sulfur early season prevent infection keep mild infection spread space plant properly encourage good air circulation avoid wet leave water plant many effective rust fungicide try,"effectiveness,pest","positive,negative,positive"
632,fungi,2Blades,https://twitter.com/2blades,Important reminder that countries need to be pro-active in protecting their crops against pervasive devastating rust disease. While fungicides have been an important tool they are losing efficacy at an alarming rate. To achieve longer-term protection @2blades  safeguards crops…,2024-01-17T16:17:55.000Z,important reminder country need proactive protect crop pervasive devastating rust disease fungicide important tool lose efficacy alarming rate achieve longerterm protection 2blades   safeguard crop,"pest,effectiveness","negative,negative"
633,fungi,KSU Wheat Pathology,https://twitter.com/KSUWheatDisease,Producers should consider fungicides to protect suceptible varieties in fields with known history. Prosaro Caramba and Miravis Ace are all labeled to control scab (and are also excellent for stripe rust). Other fungicides provide little or no protection from scab.,2021-05-17T19:17:57.000Z,producer consider fungicide protect suceptible variety field know history prosaro caramba miravis ace label control scab also excellent stripe rust fungicide provide little protection scab,pest,positive
634,fungi,Grassroots Agronomy,https://twitter.com/grassrootsag,Septoria has been brutal in Beckom this year. Late infection has hammered earlier/timely sown crops. Losses up to 1-2.5t/ha are common even where fungicides were applied. Yet stripe rust susc varieties with 3x fungicides yielding to potential! @BradBaxter1985 @PhenologyisFun,2022-12-10T21:09:45.000Z,septoria brutal beckom year late infection hammer earliertimely sow crop loss 125tha common even fungicide apply yet stripe rust susc variety 3x fungicide yield potential bradbaxter1985 phenologyisfun,pest,negative
635,fungi,Peter Bergkamp,https://twitter.com/pbergkamp791,Common rust found abnormally early in corn located in South Central Kansas. We have a conducive environment for the spread of this disease. At high levels this can cause significant yield loss. Fungicides are going to be essential this year to protect our yields. #Helenaintern19,2019-06-25T22:06:57.000Z,common rust find abnormally early corn locate south central kansa conducive environment spread disease high level cause significant yield loss fungicide go essential year protect yield helenaintern19,pest,positive
636,fungi,Hiago,https://twitter.com/hiagronomist,We’ve begun our field trials evaluations on the control of the soybean asian rust. We’re testing the efficacy of different fungicides and some biocontrol agents. (:@DeividSacon ),2020-05-29T21:27:21.000Z,begin field trial evaluation control soybean asian rust test efficacy different fungicide biocontrol agent deividsacon,"pest,effectiveness","negative,neutral"
637,fungi,I K Caldwell AGnVET,https://twitter.com/IKCaldwell,Be sure you have these guys covered with a fungicide prior to this weekend’s rain forecast  Chocolate Spot Ascochyta Rust + a wetter than average spring = high disease pressure #cropwalkwednesday #ausag #fababeans #ikcaldwell #fungicides,2020-09-16T09:32:27.000Z,sure guy cover fungicide prior weekend rain forecast   chocolate spot ascochyta rust   wetter average spring   high disease pressure cropwalkwednesday ausag fababeans ikcaldwell fungicide,pest,neutral
638,fungi,Gina Kreeck,https://twitter.com/wheat_fromchaff,Getting lots of stripe rust in untreated plots at @SouthernFS Inverleigh trial site.  Trojan and Bennett have none where 2 fungicides have been applied.  Does anyone know what the little orange gremlins are that appear to be enjoying the spores?,2020-10-01T10:08:16.000Z,get lot stripe rust untreated plot southernfs inverleigh trial site   trojan bennett none 2 fungicide apply   anyone know little orange gremlin appear enjoy spore,pest,positive
639,fungi,Ed Sikora,https://twitter.com/alabamaED,Southern rust was observed on corn in Pike County AL. This is the first report for AL in 2020. Symptoms were observed as high as the ear leaf. Fungicides had not been used to this point. Corn was at the early dent stage.,2020-07-08T01:19:10.000Z,southern rust observe corn pike county al first report al 2020 symptom observe high ear leaf fungicide use point corn early dent stage,"pest,usage","negative,neutral"
640,fungi,Geoff Minchin,https://twitter.com/farmboyG,Definitely got some yield potential! Starting to get a bit of lean in spots on the headlands. MRMS rust package has performed well no fungicides required #riverina #plant20 44mm for the week was very timely. Now about that #hay we dropped last Friday,2020-09-28T19:32:35.000Z,definitely get yield potential start get bit lean spot headland mrm rust package perform well fungicide require riverina plant20 44 mm week timely hay drop last friday,pest,positive
641,fungi,Emerson Del Ponte,https://twitter.com/edelponte,Not so good news on the latest monitoring of resistance to fungicides (SDHI QoI) in Brazilian strains of #soybean #rust pathogen. Data by Fabricio Paker from Corteva #51cbfito,2019-08-27T14:48:00.000Z,good news late monitoring resistance fungicide sdhi qoi brazilian strain soybean rust pathogen datum fabricio paker corteva 51cbfito,pest,negative
642,fungi,Emerson Del Ponte,https://twitter.com/edelponte,Wrote an extension article to explain using a logistic model why #soybean #rust is under better control recent years in . The use of early-maturing cv. (40 days shorter) changed the game. Fungicides heavily used as well.,2021-07-18T22:03:19.000Z,write extension article explain use logistic model soybean rust well control recent year   use earlymature cv 40 day shorter change game fungicide heavily use well,"usage,pest","positive,negative"
643,fungi,MSU Extension Plant Diagnostic Lab,https://twitter.com/MSUextPlantLab,Cedar apple rust one of the harbingers of spring (if you’re a phytopathologist!) is beginning to develop round galls that will produce gooey tendrils of orange spores that will infect apples later this spring. Cedar isn’t harmed. Well-timed fungicides protect apples. #MSUext,2022-03-05T23:42:42.000Z,cedar apple rust one harbinger spring phytopathologist begin develop round gall produce gooey tendril orange spore infect apple later spring cedar harm welltime fungicide protect apple msuext,pest,negative
644,fungi,uniumbioscience,https://twitter.com/uniumbioscience,Fantastic shot from one of our European  trials showing how a nutritionally balanced crop can support fungicides under a high pressure rust attack. #biostimulants #scyon,2021-06-21T11:33:03.000Z,fantastic shot one european   trial show nutritionally balanced crop support fungicide high pressure rust attack biostimulant scyon,pest,positive
645,fungi,Crop Nutrition Laboratory Services (Cropnuts),https://twitter.com/Cropnuts,This weeks edition of #ThinkAgronomy by @Cropnuts_agron is out. In this article we review 12 fungicides and their effectiveness in controlling #wheat Stem Rust https://cropnuts.com/stem-rust-fungicide-wheat/…,2020-09-10T09:14:24.000Z,week edition thinkagronomy cropnuts_agron article review 12 fungicide effectiveness control wheat stem rust,"effectiveness,pest","positive,negative"
646,fungi,David Jones,https://twitter.com/Kenya_Agron,Wheat fungicides plots sown late April had not a spec of Stem Rust... late May sown Hawk and Robin definitely showing up now though.,2022-08-28T06:24:19.000Z,wheat fungicide plot sow late april spec stem rust late may sow hawk robin definitely show though,pest,positive
647,fungi,Jeanne Falk Jones,https://twitter.com/cropswithjeanne,@rodrigobonofre taught us differences btwn corn southern rust & common rust at K-State/KARA Summer Diagnostic School. Southern rust has orange-red round pustules on upper surface and was found last Fri in SE Ks. Fungicides from VT-R3 are an important mgmt tool for Southern Rust,2021-07-07T22:35:52.000Z,rodrigobonofre teach difference btwn corn southern rust   common rust kstatekara summer diagnostic school southern rust orangere round pustule upper surface find last fri se ks fungicide vtr3 important mgmt tool southern rust,pest,positive
648,fungi,Matt Witney,https://twitter.com/DMAg_consultant,Hot spots of rust easy to find in Vic southern mallee on Scepter - very aggressive covering infected plants - fungicides on the move  /Still a bit off for any APR to possibly assist @Grant_Hollaway @HughWallwork @msmclean777 @AndrewDMAgro @SeanM_DMAg_SA @brettbarker92,2020-08-25T00:30:44.000Z,hot spot rust easy find vic southern mallee scepter   aggressive cover infect plant   fungicide move   still bit apr possibly assist grant_hollaway hughwallwork msmclean777 andrewdmagro seanm_dmag_sa brettbarker92,pest,negative
649,fungi,Stu Macaulay,https://twitter.com/Stu_macNZ,Might have paid putting on two cheep fungicides to keep the rust at bay all in same paddock and treated the same throughout. 1st 2 photos = 23ha sprayfree oats. Next two photos = 12ha with 2 fungicides. #nzarable #harvest22,2022-01-20T07:38:10.000Z,might pay put two cheep fungicide keep rust bay paddock treat throughout 1st 2 photo   23 ha sprayfree oat next two photo   12 ha 2 fungicide nzarable harvest22,pest,neutral
650,fungi,Simplot Grower Solutions,https://twitter.com/Simplot_SGS,Pesticides help protect our favorite summer foods like insecticides that protect hop growers from aphids or fungicides that prevent rust disease in wheat. Without pesticides farmers around the world would lose up to 80% of their crop making summer bbqs non-existent!,2021-07-28T11:15:08.000Z,pesticide help protect favorite summer food like insecticide protect hop grower aphid fungicide prevent rust disease wheat without pesticide farmer around world would lose 80 crop make summer bbqs nonexistent,pest,positive
651,fungi,David Jones,https://twitter.com/Kenya_Agron,First set of wheat variety blend trial results in comparing the average yield of Robin Kasuku and new yet to be named variety as straights and as a 3-way blend. Appears to be a very small benefit under no fungicides which is what we observed in Stem Rust assessments.,2023-04-19T13:24:16.000Z,first set wheat variety blend trial result compare average yield robin kasuku new yet name variety straight 3way blend appear small benefit fungicide observe stem rust assessment,"effectiveness,pest","neutral,negative"
652,fungi,Riya Deochake,https://twitter.com/RiyaDeochake,What are the segments of the Fungicides Market?Fungicides are the type of pesticides that are widely used to kill fungi and fungi spores control rust mildews Read more:- https://introspectivemarketresearch.com/reports/fungicides-market/…#fungicides #USA #marketing,2022-12-09T11:45:35.000Z,segment fungicide marketfungicide type pesticide widely use kill fungus fungi spores control rust mildew read   usa marketing,"usage,pest","positive,negative "
653,fungi,EurekaMag,https://twitter.com/EurekaMag,Sensitivity of two sugarcane rust fungi to fungicides in urediniospore germination and detached leaf bioassays http://dlvr.it/R2JtZG #eurekamag,2019-04-06T23:55:02.000Z,sensitivity two sugarcane rust fungus fungicide urediniospore germination detach leaf bioassay   eurekamag,pest,negative
654,fungi,"Cameron Stephens, Ph.D.",https://twitter.com/TurfManCam,These Take-all Root Rot pathogens are no joke. They can cause serious damage to warm-season grasses if left untreated. Fortunately fungicides can work well if timed appropriately and watered in! https://turfpathology.ces.ncsu.edu/2020/07/too-early-for-take-all-root-rot-apps/…https://turffiles.ncsu.edu/take-all-root-rot-in-turf/…,2020-08-13T17:37:04.000Z,takeall root rot pathogen joke cause serious damage warmseason grass leave untreated fortunately fungicide work well time appropriately water,"toxicity,effectiveness","negative,positive"
655,fungi,Jim Kerns,https://twitter.com/KernsJim,Hot and humid weather coming dont forget fungicides especially for PRR. Take all root rot active currently on bermudagrass,2016-09-07T00:54:17.000Z,hot humid weather come forget fungicide especially prr take root rot active currently bermudagrass,overall,positive
656,fungi,Clyde Tiffany,https://twitter.com/ClydeTiffany30,Martin Johnson Pioneer Agronomist discusses the importance of seed treatment on soybeans across soil temperature. Lumisena is a new fungicide for improvement in Phytophthora Root Rot control over older fungicides.,2018-03-13T16:54:53.000Z,martin johnson pioneer agronomist discuss importance seed treatment soybean across soil temperature lumisena new fungicide improvement phytophthora root rot control old fungicide,overall,positive
657,fungi,Derek Settle,https://twitter.com/turfdom,Damage by #sting #nematodes. Root rot next (by fungi etc.). Why fungicides plus nematicides can improve root health/regrowth. @bruce_sbmrtn,2016-09-30T12:21:57.000Z,damage ste nematode root rot next fungus etc fungicide plus nematicide improve root healthregrowth bruce_sbmrtn,"toxicity,pest","positive,negative "
658,fungi,TakeSeeds.com,https://twitter.com/takeseeds,New post - Apricot Mushroom Root Rot – Treating An Apricot With Armillaria Rot | http://TakeSeeds.comArmillaria root rot of apricots is a deadly disease for this fruit tree. There are no fungicides..Check it now ==> {Link}#Gardening Tips,2018-12-03T12:58:10.000Z,new post   apricot mushroom root rot   treat apricot armillaria rot    root rot apricot deadly disease fruit tree fungicidescheck   linkgardene tip,pest,negative
659,fungi,Derek Settle,https://twitter.com/turfdom,Dr. Cisar! Fungicides for take-all root rot of bermudagrass. UF Turf Field Day Ft. Lauderdale http://flic.kr/p/muAHbL,2014-03-27T17:24:59.000Z,dr cisar fungicide takeall root rot bermudagrass uf turf field day ft lauderdale,overall,neutral
660,fungi,Envu Golf US,https://twitter.com/EnvuGolfUS,If youre all to familiar with any of these diseases now is the time to gain control with DMI fungicides:o Fairy ring   o Dollar spot o Brown ring patch o Anthracnose o Summer patch o Take-all root roto Take-all patch http://ow.ly/Z23G30orfrM #TalkingTurf,2019-04-17T14:10:21.000Z,familiar disease time gain control dmi fungicideso fairy ring    dollar spot brown ring patch anthracnose summer patch takeall root roto takeall patch   talkingturf,pest,positive
661,fungi,gcmbloggingworld,https://twitter.com/gcmblogworld,Turf Diseases Selecting Fungicides for Pythium Root Rot - Pythium root rot has been a chronic problem for golf ... http://ow.ly/2Hn8rU,2014-06-02T10:27:18.000Z,turf disease select fungicide pythium root rot   pythium root rot chronic problem golf  ,pest,negative
662,fungi,Envu Golf US,https://twitter.com/EnvuGolfUS,Are you staying ahead of patch diseases Pythium root rot and nematodes? Consider Signature Signature Xtra Tartan Stressgard Mirage Stressgard Banol and Indemnify as go-to solutions. Check out our available fungicides here: https://bit.ly/2B6Mlnf,2020-05-26T15:29:40.000Z,stay ahead patch disease pythium root rot nematode consider signature signature xtra tartan stressgard mirage stressgard banol indemnify goto solution check available fungicide,pest,positive
663,fungi,Ashok Chanda,https://twitter.com/BeetPath,Yes #Rhizoctonia root rot is finally showing up in some #sugarbeet fields...while its too late to take any action this year good field notes and having a game plan for the next beet crop such as selecting a tolerant variety in-furrow/postemergence fungicides should help!,2021-07-16T20:48:28.000Z,yes rhizoctonia root rot finally show sugarbeet fieldswhile late take action year good field note game plan next beet crop select tolerant variety infurrowpostemergence fungicide help,overall,positive
664,fungi,EurekaMag,https://twitter.com/EurekaMag,The effects of soil applications of three fungicides on root rot caused by Phytophthora cinnamomi Rands http://dlvr.it/PZcrD8 #EurekaMag,2017-07-30T18:59:09.000Z,effect soil application three fungicide root rot cause phytophthora cinnamomi rand   eurekamag,"effectiveness,usage",neutral
665,fungi,CropLife America,https://twitter.com/CropLifeAmerica,Avocados: delicious on or off toast! Thankfully #farmers use fungicides to ward off fungi like avocado root rot from avocado trees #30DaysofThanks,2017-11-14T16:52:49.000Z,avocado delicious toast thankfully farmer use fungicide ward fungus like avocado root rot avocado tree 30daysofthanks,usage,positive
666,fungi,Dr. Khaled Arafat,https://twitter.com/drkhaledarafat,EFFICIENCY OF SOME PLANT EXTRACTS NATURAL OILS BIOFUNGICIDES AND FUNGICIDES AGAINST ROOT ROT DISEASE OF DATE PALM http://lnkd.in/-JtTr6,2013-03-01T14:19:12.000Z,efficiency plant extract natural oil biofungicide fungicide root rot disease date palm,"effectiveness,pest",neutral
667,fungi,Philip Harmon,https://twitter.com/turfdrman,Send up a sample @lucasormaia. Its hard to tell from the images often need to plate it out to know.   None of those are Pythium fungicides may be pythium root rot or not disease at all. See http://turf.ufl.edu/rapiddiag.shtml for details or message me,2019-04-06T08:26:35.000Z,send sample lucasormaia hard tell image often need plate know    none pythium fungicide may pythium root rot disease see   detail message I,pest,negative
668,fungi,Musubi Farm,https://twitter.com/musubifarmug,Research has shown that fungicides containing potassium phosphonate can help avocado trees become more resilient to avocado root rot. Fungicides should be used in combination with proper soil conditions irrigation and fertilizing practices to treat this condition.,2022-06-17T07:49:39.000Z,research show fungicide contain potassium phosphonate help avocado tree become resilient avocado root rot fungicide use combination proper soil condition irrigation fertilize practice treat condition,usage,positive
669,fungi,Envu Golf US,https://twitter.com/EnvuGolfUS,DMI fungicides are an important class of chemistry for root diseases such as fairy ring and take-all root rot. Research shows that some excel in turf protection and turf safety more than others. https://bit.ly/3k3BAWg,2022-06-09T20:49:02.000Z,dmi fungicide important class chemistry root disease fairy ring takeall root rot research show excel turf protection turf safety,"pest,safety","positive,negative,positive"
670,fungi,Scott Waltz,https://twitter.com/scwaltzy,When is the time to start treating for Take All Root Rot in the Carolinas?  The time is now!!!!  @BASFTurf_us has had great success controlling TARR with Maxtima and Navicon fungicides!!!,2021-09-15T19:17:01.000Z,time start treat take root rot carolina   time   basfturf_u great success control tarr maxtima navicon fungicide,overall,positive
671,fungi,Scott Waltz,https://twitter.com/scwaltzy,Take All Root Rot conditions are prime in the Carolinas right now.  Best products in Universtity Trials showing @BASFTurf_us  Maxtima and Navicon Fungicides controlling TARR with two applications in the fall.,2020-09-10T14:28:49.000Z,take root rot condition prime carolina right   good product universtity trial show basfturf_us   maxtima navicon fungicide control tarr two application fall,usage,positive
672,fungi,Boer Bae,https://twitter.com/kokiebaloyi26,Rain is good but on the other hand this rain of everyday is not good to much water on the plants can course root rot water lockout. And also rain brings alot of disease like the change of weather can course Fungicides. Lets solder on farmers.,2021-12-08T04:50:22.000Z,rain good hand rain everyday good much water plant course root rot water lockout also rain bring alot disease like change weather course fungicide let solder farmer,pest,positive
673,fungi,Bukoola chemicals,https://twitter.com/BukoolaChemical,Bio-Cure-B is a biological fungicide containing the cells of rhizobacteriaPseudononas fluorscens. Bio-cure B controls the disease-causing pathogens causing root rot root wilt seedling rot and color-rot diseases in crops. #fungicides #bukoolachemicalindustries #herbicides,2018-02-19T09:22:31.000Z,biocureb biological fungicide contain cell rhizobacteriapseudononas fluorscen biocure b control diseasecausing pathogen cause root rot root wilt seedling rot colorrot disease crop fungicide bukoolachemicalindustrie herbicide,pest,neutral
674,fungi,vaMudhumeni,https://twitter.com/VaMudhumeni,Several diseases can affect okra plants e.g Alternaria leaf spot powdery mildew and root rot. To prevent or control these diseases you can use fungicides such as chlorothalonil mancozeb or copper-based fungicides. Neem oil is a natural organic product that works as well.,2023-02-11T21:38:28.000Z,several disease affect okra plant eg alternaria leaf spot powdery mildew root rot prevent control disease use fungicide chlorothalonil mancozeb copperbase fungicide neem oil natural organic product work well,"pest,usage,safety,effectiveness","negative,positive,positive,positive"
675,fungi,Propel at WesternU,https://twitter.com/westernuPropel,Tackling the problem of ineffective fungicides EncapsuTech will reduce plant diseases and root rot.  #ProteusIComp,2016-02-25T22:40:27.000Z,tackle problem ineffective fungicide encapsutech reduce plant disease root rot   proteusicomp,pest,negative
676,fungi,cdotcomliving,https://twitter.com/cdotcomliving,Save rhododendrons from phytophthora root rot by mulching pruning: Ask OSU Extension: Applying fungicides to the s... http://bit.ly/80Njam,2009-12-24T14:27:10.000Z,save rhododendron phytophthora root rot mulch pruning ask osu extension apply fungicide,overall,positive
677,fungi,Sartaj Dar,https://twitter.com/SartajDarr,Jenab @AjazAhmadKas would you please help identify this disease in apple plants? Also suggest measures to overcome this Root rot. Any fungicides need to be sprayed. @HortiKashmir @vishesh_jk,2021-05-21T16:26:24.000Z,jenab ajazahmadkas would please help identify disease apple plant also suggest measure overcome root rot fungicide need spray hortikashmir vishesh_jk,"pest,usage","negative,neutral"
678,fungi,Grow: Plant Health Exchange,https://twitter.com/Crop_Protection,Efficacy of Fungicides and Biopesticides for Management of Phytophthora Crown and Root Rot of Gerber Daisy http://dld.bz/acJy7,2013-01-24T18:04:06.000Z,efficacy fungicide biopesticide management phytophthora crown root rot gerber daisy,effectiveness,neutral
679,fungi,EurekaMag,https://twitter.com/EurekaMag,Effective Fungicides on Control of Stem and Root Rot of Paprika Caused by Nectria haematococca http://dlvr.it/RyrgQK,2021-05-01T19:11:34.000Z,effective fungicide control stem root rot paprika cause nectria haematococca,effectiveness,positive
680,fungi,"Crop, Forage & Turfgrass Management",https://twitter.com/cropforageturf,Tired of take-all? Learn about which fungicides work best and when to apply them for control of take-all root rot on ultradwarf bermudagrass putting greens.https://doi.org/10.1002/cft2.20261…@TurfManCam @TravisWGannon @KernsJim,2024-02-15T17:47:57.000Z,tired takeall learn fungicide work well apply control takeall root rot ultradwarf bermudagrass put green traviswgannon kernsjim,effectiveness,positive
681,fungi,Scott Waltz,https://twitter.com/scwaltzy,Now is the time to start preventative treatments for Take All Root Rot!!  @BASFTurf_us has had INCREDIBLE results with Maxtima and Navicon fungicides.  Call your local DSR today,2021-09-01T15:34:53.000Z,time start preventative treatment take root rot   basfturf_u incredible result maxtima navicon fungicide   call local dsr today,effectiveness,neutral
682,fungi,EL HADJ,https://twitter.com/elhadjham,Fungicides are currently inefficient against this disease and have a high environmental impact. The use of elicitors is a sustainable alternative for inducing resistance to wilting and root rot. #AGRITRADE #AFRICA #TOGO #Bioherbicide,2023-10-26T14:32:39.000Z,fungicide currently inefficient disease high environmental impact use elicitor sustainable alternative induce resistance wilting root rot agritrade africa togo bioherbicide,"pest,usage","negative,negative,negative"
683,fungi,FMC Turf,https://twitter.com/FMCturf,Most turfgrass specialists are familiar with Pythium Root Rot but did you know that it can infect all kinds of turfgrass? Fight back with fungicides Fame® SC and Serata™ a new mode of action.https://hubs.ly/Q01MTbK50,2023-05-22T15:04:01.000Z,turfgrass specialist familiar pythium root rot know infect kind turfgrass fight back fungicide fame sc serata new mode action,overall,positive
684,fungi,Fargro,https://twitter.com/fargro,Erica Wedgewood @IPPS_GB conference suggests including T34 with conventional fungicides 2 give good control of black root rot in ornamentals,2015-10-09T08:57:30.000Z,erica wedgewood ipps_gb conference suggest include t34 conventional fungicide 2 give good control black root rot ornamental,overall,positive
685,fungi,Grow: Plant Health Exchange,https://twitter.com/Crop_Protection,Plant Health Progress Journal: Efficacy of In-Furrow Fungicides for Management of Field Pea Root Rot Caused by Fusarium avenaceum and F. solani Under Greenhouse and Field Conditions http://bit.ly/2CNnIvc @planthealthprog,2018-10-23T17:45:52.000Z,plant health progress journal efficacy infurrow fungicide management field pea root rot cause fusarium avenaceum f solani greenhouse field condition   planthealthprog,effectiveness,positive
686,fungi,Oomycete Papers,https://twitter.com/OomycetePapers,Efficacy and Timing of Application of Fungicides Biofungicides Host-Plant Defense Inducers and Fertilizer to Control Phytophthora Root Rot of Flowering Dogwoods in Simulated Flooding Conditions in Container Production http://dlvr.it/SQpbWK,2022-05-21T18:26:02.000Z,efficacy timing application fungicide biofungicides hostplant defense inducer fertilizer control phytophthora root rot flower dogwood simulate flooding condition container production,"effectiveness,usage","neutral,negative"
687,fungi,wheatpapers,https://twitter.com/wheat_papers,Synergistic action of commercially available fungicides for protecting wheat from common root rot caused by Bipolaris sorokiniana in China. http://dlvr.it/Rcm8Mk,2020-07-31T19:10:02.000Z,synergistic action commercially available fungicide protect wheat common root rot cause bipolaris sorokiniana china,overall,neutral
688,fungi,Lana at SE Research Farm,https://twitter.com/SE_ResearchFarm,Today we finished doing pH testing on soil treated with lime for root rot. Everybody and their dog was out spraying fungicides today. Were spraying flax for a lygus trial today. Theres four products and two timings. Its white tyvek suit time.,2022-07-15T23:11:30.000Z,today finished ph testing soil treat lime root rot everybody dog spray fungicide today spray flax lygus trial today four product two timing white tyvek suit time,usage,neutral
689,fungi,Root Papers,https://twitter.com/RootPapers,Pubmed Evaluation of New Oomycota Fungicides for Management of Phytophthora Root Rot of Citrus in California. http://dlvr.it/QzWQhk,2019-02-23T11:37:03.000Z,pubme evaluation new oomycota fungicide management phytophthora root rot citrus california,overall,neutral
690,fungi,FMC Turf,https://twitter.com/FMCturf,Summer is unfortunately the perfect time for Pythium root rot (PRR). This turf disease can impact all kinds of turfgrass and requires a diligent treatment regimen including fungicides such as Serata™ a new option for resistance management. https://hubs.ly/Q01YGWqz0,2023-08-23T15:07:10.000Z,summer unfortunately perfect time pythium root rot prr turf disease impact kind turfgrass require diligent treatment regiman include fungicide serata new option resistance management,pest,positive
691,fungi,Advanced Turf,https://twitter.com/AdvancedTurf,The summer is the perfect time for Pythium root rot to occur. Pythium root rot can impact all kinds of turfgrass and requires a diligent treatment regimen including fungicides such as @FMCturf Serata. Learn more: https://buff.ly/45hBoaZ.,2023-08-31T11:00:45.000Z,summer perfect time pythium root rot occur pythium root rot impact kind turfgrass require diligent treatment regiman include fungicide fmcturf serata learn,overall,positive
692,fungi,Hay & Forage Grower,https://twitter.com/hayandforage,Kentucky research tested the efficacy of fungicide seed treatments and foliar fungicides on alfalfa to manage Aphanomyces root rot wasn’t conclusive. The study provided an opportunity to get more data on a crucial disease and widely promoted practices.,2022-12-27T14:01:10.000Z,kentucky research test efficacy fungicide seed treatment foliar fungicide alfalfa manage aphanomyce root rot conclusive study provide opportunity get datum crucial disease widely promote practice,"effectiveness,pest","neutral,negative"
693,fungi,PDIDL,https://twitter.com/OSUsickplants,I suspect Phytophthora collar and root rot and fungicides are not reasonable in the home landscape. Culture analysis will confirm.,2017-06-30T03:48:25.000Z,I suspect phytophthora collar root rot fungicide reasonable home landscape culture analysis confirm,overall,negative
694,fungi,Dr. Bugingo,https://twitter.com/C___B___B,Brings a lot to think through as you work towards building a robust root rot management system- not just for lentils but all the crops using the fungicides to manage root rots caused by Fusarium spp.,2023-08-22T21:29:13.000Z,bring lot think work towards build robust root rot management system lentil crop use fungicide manage root rot cause fusarium spp,"effectiveness,usage","neutral,positive"
695,fungi,"Steven Kammerer, PhD",https://twitter.com/KammererGolf,For courses with bermuda greens cold-weather “shocked”/damaged not knowing the condition of the roots - now all this rain?  With low perc rates Pythium root rot may finish what the cold weather didn’t.  Too late to move fungicides to roots when soils are at field capacity.,2023-01-06T11:58:41.000Z,course bermuda greens coldweather shockeddamage know condition root   rain   low perc rate pythium root rot may finish cold weather   late move fungicide root soil field capacity,overall,negative
696,fungi,Syngenta Turf,https://twitter.com/SyngentaTurf,2 of 2: 40% of samples usually received by @RU_Turf_School are abiotic stress which Action brand fungicides can help mitigate. Other samples include #nematodes summer patch Pythium root rot & #anthracnose. See disease ID photos & management tips: http://ow.ly/EhqY30qwoUn,2020-04-08T19:43:34.000Z,2 2 40 sample usually receive ru_turf_school abiotic stress action brand fungicide help mitigate sample include nematode summer patch pythium root rot   anthracnose see disease photo   management tip,pest,neutral
697,fungi,Joe Wecker,https://twitter.com/JoeWecker,We saw it one year where we treated 1/2 the field and tried a nutrient package on the other 1/2. The fungicides treated we lost to fusarium root rot other side was fine. I know of 2 other farms with same experience.,2023-06-05T11:14:30.000Z,see one year treat 12 field try nutrient package 12 fungicide treat lose fusarium root rot side fine I know 2 farm experience,overall,negative
698,fungi,Chase Smith,https://twitter.com/VOLfromCLT,Absolutely! Every site is different. All of my fungicides have been prevent only with the exception of 1 Segway app for some root rot. We have been prolific for fairy ring in the past and none this year. I just think too much regulation genetically alters a plant over time.,2019-08-23T00:40:39.000Z,absolutely every site different fungicide prevent exception 1 segway app root rot prolific fairy ring past none year I think much regulation genetically alter plant time,overall,positive
699,fungi,Thee Farmer,https://twitter.com/AgriFarmingKe,Kenya.Pest and Disease control: Soursop is susceptible to pests such as fruit flies mealybugs and scale insects. It is also prone to diseases such as anthracnose and Phytophthora root rot. Regular application of approved pesticides and fungicides is recommended.,2023-06-22T10:49:46.000Z,kenyap disease control soursop susceptible pest fruit fly mealybug scale insect also prone disease anthracnose phytophthora root rot regular application approve pesticide fungicide recommend,"pest,usage","negative,positive"
700,fungi,Frontiers - Plant Science,https://twitter.com/FrontPlantSci,New Research: Plantago lagopus extract as a green fungicide induces systemic resistance against Rhizoctonia root rot disease in tomato plants: Extensive use of chemical control agents and fungicides typically leads to numerous… https://frontiersin.org/articles/10.3389/fpls.2022.966929?utm_source=S-TWT&utm_medium=SNET&utm_campaign=ECO_FPLS_XXXXXXXX_auto-dlvrit… #PlantScience #PlantSci,2022-08-08T13:45:32.000Z,new research plantago lagopus extract green fungicide induce systemic resistance rhizoctonia root rot disease tomato plant extensive use chemical control agent fungicide typically lead numerous   plantscience plantsci,"pest,usage,toxicity","negative,positive,negative"
701,fungi,Cannabis Hub,https://twitter.com/cannabishub,Its important to get into the field  and inspect  the plants often See the white leaves? This could be powdery mildew (fungus ) #maryjane #indica #sativa #weed #marijuana,2023-07-09T18:52:00.000Z,important get field   inspect   plant often see white leave could powdery mildew fungus   maryjane indica sativa weed marijuana,pest,positive
702,fungi,dr. kelsey wood,https://twitter.com/klsywd,Should I be embarrassed or proud as a plant pathologist for growing such a healthy colony of powdery mildew on my squash plants,2023-10-04T19:24:53.000Z,I embarrassed proud plant pathologist grow healthy colony powdery mildew squash plant,"safety,pest",negative
703,fungi,Farm With Fred,https://twitter.com/Fredmunene_,Farm Visit farming training.-Crop:Capsicum-Greenhouse size:8mx30m-Crop population:1000 plants-Stage:Flowering and fruiting-Nutrition used:Yara liva Nitrabor-Pest under control:Red spider mites & Thrips-Diseases under control: Powdery mildew,2023-04-10T05:56:41.000Z,farm visit farming trainingcropcapsicumgreenhouse size8mx30mcrop population1000 plantsstageflowering fruitingnutrition usedyara liva nitraborpest controlre spider mite   thripsdisease control powdery mildew,pest,neutral
704,fungi,Goddie,https://twitter.com/Goddie_Ke,SOME IMPORTANT USES OF BAKING SODA Natural Fungicide:Mix 1 tablespoon of baking soda 1 tablespoon of vegetable oil and a few drops of mild soap in a gallon of water. Use this solution to control fungal diseases like powdery mildew on plants.PH Buffer: Baking soda can help…,2023-09-11T21:01:07.000Z,important use bake soda natural fungicidemix 1 tablespoon bake soda 1 tablespoon vegetable oil drop mild soap gallon water use solution control fungal disease like powdery mildew plantsph buffer baking soda help,"usage,pest","positive,negative"
705,fungi,Jupiter,https://twitter.com/frogeconnoisse1,Any advice for powdery mildew ? One plants got it my flowers are going well other then that tho.,2023-03-04T02:47:36.000Z,advice powdery mildew   one plant get flower go well tho,pest,positive
706,fungi,Christy,https://twitter.com/succincrazy,I panicked! I thought powdery mildew had got my plants. I think its bird poop though,2023-06-18T00:56:56.000Z,I panic I think powdery mildew get plant I think bird poop though,pest,negative
707,fungi,Janice Shipp,https://twitter.com/JaniceShipp,Loved by pollinators and many gardeners including me asters or symphyotrichum. This is Symphyotrichum ‘Prairie Purple’ a tall plant (1 metre or more) with small flowers that’s less prone to powdery mildew than some of them. #aster #plants #FlowersOnFriday,2023-01-06T10:29:20.000Z,love pollinator many gardener include I aster symphyotrichum symphyotrichum prairie purple tall plant 1 metre small flower less prone powdery mildew aster plant flowersonfriday,pest,positive
708,fungi,Kentucky Hemp Research & Extension,https://twitter.com/KY_Hemp_Res_Ext,Kentucky hemp is susceptible to powdery mildew. Plants infected early in the season can be stunted while those affected later may not be significantly harmed. Powdery mildew may adversely affect flowering plant vigor & yields. https://buff.ly/3NjFTfr,2023-04-28T14:03:31.000Z,kentucky hemp susceptible powdery mildew plant infect early season stunt affect later may significantly harm powdery mildew may adversely affect flower plant vigor   yield,pest,negative
709,fungi,Sally Jamson,https://twitter.com/sally_jamson,Here’s What It Means If You See Powdery Mildew on Your Plants http://dlvr.it/Sv3Kb5,2023-08-23T09:57:06.000Z,mean see powdery mildew plant,pest,neutral
710,fungi,MommaToon,https://twitter.com/AntoonLisa,Neem Oil is a treatment for powdery mildew on plants. https://almanac.com/pest/powdery-mildew#:~:text=Plants%20infected%20with%20powdery%20mildewon%20the%20undersides%20as%20well….,2023-04-13T21:40:39.000Z,neem oil treatment powdery mildew plant,pest,neutral
711,fungi,Kannabia Seeds Int,https://twitter.com/IntKannabia,Among the most common fungi that can affect c4nnabis plants are powdery mildew downy mildew and botrytis. If these fungi aren’t controlled in time they can cause devastating damage to your grow. In this article we show you how to identify each one,2024-02-26T08:48:27.000Z,among common fungus affect c4nnabis plant powdery mildew downy mildew botrytis fungus control time cause devastating damage grow article show identify one,"pest,toxicity","negative,neutral"
712,fungi,CanaKush.com,https://twitter.com/cana_kush,Tips for preventing powdery mildew in cannabis plantsPowdery mildew can be an absolute nightmare for any #cannabis grower. This unsightly fungal disease is a real menace which can severely damage your... #cannabisusa CODE: CANAKUSH  https://buff.ly/40PCvwo,2023-04-01T14:35:42.000Z,tip prevent powdery mildew cannabis plantspowdery mildew absolute nightmare cannabis grower unsightly fungal disease real menace severely damage cannabisusa code canakush  ,"pest,toxicity","negative,neutral"
713,fungi,ADVICE.NEWS,https://twitter.com/advice_news_ua,Signs of powdery mildew: Learn more about plants #Garden  http://dlvr.it/SwtDwt,2023-10-02T10:45:07.000Z,sign powdery mildew learn plant garden  ,pest,neutral
714,fungi,Yeahhhh bourgeois,https://twitter.com/theinfosecstoic,Looks like its a the beginnings of powdery mildew (thats what the mildew is called) it grows on a variety of gourd type plants. Powdery mildew is a fungus that forms as a white or gray powder on the leaves of plants.  https://veggiegardener.com/threads/preventing-powdery-mildew-on-cucumbers-squash-amp-melons.1882/…,2023-05-10T18:00:02.000Z,look like beginning powdery mildew mildew call grow variety gourd type plant powdery mildew fungus form white gray powder leave plant  ,pest,positive
715,fungi,Agni,https://twitter.com/Agnii_78,As a pathology student I know that black spot and powdery mildew are the most common #disease of Rosa plants.तो कृपया ये रोग ना फैलाएंइसीलिए तो मैं गुलाब गिफ्ट नहीं करता#roseday2023,2023-02-07T08:24:13.000Z,pathology student I know black spot powdery mildew common disease rosa plants            roseday2023,pest,neutral
716,fungi,Stefan Kusch,https://twitter.com/stefan_kusch,The deadline for the international congress on plant pathology @icpp2023 is March 15. Still time to submit your abstract! Join the satellite meeting on powdery mildew phylogenomics and molecular interactions! https://icpp2023.org/programme/satellite-events… #evolution #powderymildew #fungi #plants,2023-03-13T08:06:50.000Z,deadline international congress plant pathology icpp2023 march 15 still time submit abstract join satellite meeting powdery mildew phylogenomic molecular interaction   evolution powderymildew fungus plant,pest,positive
717,fungi,Oasis in a Pot,https://twitter.com/OasisInAPot,My tomato plant looks like it’s going to die soon. Powdery mildew is cancer to plants.Rain or hot temperature might be helpful. But weather forecast says there will be no rain in the next ten days. And it will be around 22 Celsius perfect for fungus.#tomatoes #powderymildew,2023-09-23T23:30:39.000Z,tomato plant look like go die soon powdery mildew cancer plantsrain hot temperature might helpful weather forecast say rain next ten day around 22 celsius perfect fungustomatoe powderymildew,pest,positive
718,fungi,Karina Elfar,https://twitter.com/KarinaElfar,Our last report is out in @PlantDiseaseJ First report of Phyllactinia chubutiana causing powdery mildew on Goji berry plants in the United States https://doi.org/10.1094/PDIS-10-22-2432-PDN… @AkifEskalen @mibustam,2023-03-16T16:19:13.000Z,last report plantdiseasej first report phyllactinia chubutiana cause powdery mildew goji berry plant united states   akifeskalen mibustam,pest,positive
719,fungi,ISmokeIt,https://twitter.com/ISmokeIt,New Post! How to Get Rid of Powdery Mildew on Cannabis Plants [PM] - ismokeitmod -  https://ift.tt/mUNE0Lx  on http://ismokeit.net,2023-02-04T18:04:24.000Z,new post get rid powdery mildew cannabis plant pm   ismokeitmod     ,pest,neutral
720,fungi,LawnShapes,https://twitter.com/LawnShapes,How to Treat and Prevent Powdery Mildew Plant Disease #plants https://oasisturf.com/blog/how-to-treat-prevent-powdery-mildew-plant-disease…,2023-03-29T17:40:05.000Z,treat prevent powdery mildew plant disease plant,pest,positive
721,fungi,Fruit Functional Genomics and Biotechnology,https://twitter.com/fruitfgb,@CIBIO_InBIO hosted the advanced course PLANT FUNCTIONAL BIOLOGY. @FortesMargarida shared the #OMICs approaches used in FFGB lab to study the #grapevine interaction with #Powdery #mildew and #Grey #mould.@BioISI @cienciasulisboa,2024-02-20T11:23:30.000Z,cibio_inbio host advanced course plant functional biology fortesmargarida share omic approach use ffgb lab study grapevine interaction powdery mildew grey mouldbioisi cienciasulisboa,"usage,pest","neutral,negative"
722,fungi,MSU Extension Plant Diagnostic Lab,https://twitter.com/MSUextPlantLab,Powdery mildew causing yellow to brown spots on #greenhouse #tomato plants. The fungus (Leveillula sp.) is favored by warm temperatures and high humidity and has a wide host range. See http://extension.msstate.edu/sites/default/files/publications/publications/p1861.pdf… to learn more about greenhouse tomato pests and diseases. #MSUext,2023-04-19T13:47:04.000Z,powdery mildew cause yellow brown spot greenhouse tomato plant fungus leveillula sp favor warm temperature high humidity wide host range see   learn greenhouse tomato pest disease msuext,pest,positive
723,fungi,Lady Peace,https://twitter.com/ptsd2013,How to treat powdery mildew on plants,2023-08-03T12:47:11.000Z,treat powdery mildew plant,pest,positive
724,fungi,Gianfranco Romanazzi,https://twitter.com/GianfRomanazzi,Giorgio #Gambino reports a lower incidence of #grapevine #downy and #powdery #mildew in plants infected with #GFLV and in plants infected by #GRSPaV treated with #resistance #inducers at #ICVG2023,2023-09-29T08:48:58.000Z,giorgio gambino report low incidence grapevine downy powdery mildew plant infect gflv plant infect grspav treat resistance inducer icvg2023,pest,negative
725,fungi,Lawn & Pest Control Supply,https://twitter.com/_lawnandpest,Last day of Fungicide WeekSubdue (Mefenoxam) is a systemic fungicide that works really well of ornamental plants to control leaf spot and powdery mildew. Keep your plants protected from diseases keeping them healthy and strong.#lawn #disease #lawncare #landcare #fungicide,2023-12-08T17:53:03.000Z,last day fungicide weeksubdue mefenoxam systemic fungicide work really well ornamental plant control leaf spot powdery mildew keep plant protect disease keep healthy stronglawn disease lawncare landcare fungicide,"effectiveness,pest,safety","positive,negative"
726,fungi,Verne Bio,https://twitter.com/VerneBio,The powdery mildew on your leaves is most likely caused by #Golovinomyces. Their spores easily spread & infects any plant but but it can be treated!How do you get rid of PM?#hemp #vernebio #cannabiscommunity #cannabiscultivation #plants #disease #powderymildew #CannaLand,2024-02-26T09:00:01.000Z,powdery mildew leave likely cause golovinomyce spore easily spread   infect plant treatedhow get rid pmhemp vernebio cannabiscommunity cannabiscultivation plant disease powderymildew cannaland,pest,positive
727,fungi,songdaon,https://twitter.com/songdaon,Milsana-induced resistance in powdery mildew-infected cucumber plants correlates with the induction of chalcone synthase and chalcone isomerase http://dlvr.it/SyCq3r,2023-10-31T22:34:09.000Z,milsanainduce resistance powdery mildewinfecte cucumber plant correlate induction chalcone synthase chalcone isomerase,overall,neutral
728,fungi,VICENTIA East Africa,https://twitter.com/VicentiaEA,𝐒𝐭𝐚𝐧𝐝 𝐒𝐊𝐇 with over 𝟐𝟎% 𝐨𝐫𝐭𝐡𝐨𝐬𝐢𝐥𝐢𝐜𝐚𝐭efortifies plants to improve their defensive mechanism against powdery mildewallows plants handle high alkaline and saline soils promotes thick & firm cell walls to protect against insect attacks such as mites & thrips,2023-05-10T07:17:36.000Z,     efortifie plant improve defensive mechanism powdery mildewallow plant handle high alkaline saline soil promote thick   firm cell wall protect insect attack mite   thrip,pest,positive
729,fungi,Hanna Susi,https://twitter.com/sudenhanna,After years of doing mainly basic research sustainability in mind I was today contacted by an agronomist who needed advice on growing mildew on Plantago to produce hyperparasite fungi to protect strawberry plants from powdery mildew.  How cool is that!,2023-02-07T19:56:08.000Z,year mainly basic research sustainability mind I today contact agronomist need advice grow mildew plantago produce hyperparasite fungus protect strawberry plant powdery mildew   cool,pest,positive
730,fungi,Josh Felker,https://twitter.com/FelkerJosh,All my pea plants have powdery mildew so this weekend Im cosplaying as an early-Canada head grower at a big LP,2023-09-16T19:14:24.000Z,pea plant powdery mildew weekend I cosplaye earlycanada head grower big lp,pest,neutral
731,fungi,Planthesaurus,https://twitter.com/MohamedAhm85535,Effective Powdery Mildew Cures for Perfect Plants https://planthesaurus.com/powdery-mildew-cures/…,2023-11-11T06:41:25.000Z,effective powdery mildew cure perfect plant,"effectiveness,pest","positive,negative"
732,fungi,Ennui’d,https://twitter.com/BradLeeOnBass,Brace yourself: folks proudly posting photos of plants covered in powdery mildew in cannabis resource groups are coming!,2023-10-05T16:25:35.000Z,brace folk proudly post photo plant cover powdery mildew cannabis resource group come,pest,positive
733,fungi,IFFCO Urban Gardens,https://twitter.com/iffcourbangrdns,Worrying about the water left after having washed your clothes just pour them generously over your green beans. It can help get rid of powdery mildew.#iffcourbangardens #plantdisease #plants #plantfacts,2023-02-16T13:32:05.000Z,worry water leave wash clothe pour generously green bean help get rid powdery mildewiffcourbangarden plantdisease plant plantfact,overall,positive
734,fungi,bioRxiv Plant Bio,https://twitter.com/biorxiv_plants,Powdery mildew infection induces a non-canonical route to storage lipid formation at the expense of host thylakoid lipids to fuel its ...  https://biorxiv.org/cgi/content/short/2023.12.15.571944v1… #biorxiv_plants,2023-12-16T19:04:46.000Z,powdery mildew infection induce noncanonical route storage lipid formation expense host thylakoid lipid fuel     biorxiv_plant,pest,neutral
735,fungi,"ICAR-KRISHI VGYANA KENDRA, KOLAR",https://twitter.com/ICAR_Kvkkolar,KVK Kolar Scientists Plant Protection and Soil Scientist follow up field visits to FLD on mango powdery mildew and leaf hopper management at Alavatta village of Srinivasapur taluk on 22.02.2024.,2024-02-23T05:36:39.000Z,kvk kolar scientist plant protection soil scientist follow field visit fld mango powdery mildew leaf hopper management alavatta village srinivasapur taluk 22022024,pest,neutral
736,fungi,Agric4Profits.com,https://twitter.com/agric4profits,Powdery Mildew is a type of crop disease which affects crops like carrot cucumber okro tomato hot pepper sweet pepper etc. When it comes to diseases that may befall your plants powdery mildew tops the list as one of the most common culprits.,2023-01-29T10:23:18.000Z,powdery mildew type crop disease affect crop like carrot cucumber okro tomato hot pepper sweet pepper etc come disease may befall plant powdery mildew top list one common culprit,pest,positive
737,fungi,Bukoola chemicals,https://twitter.com/BukoolaChemical,Powdery mildew is a fungal disease that forms on the foliage of plants. In the vegetable garden powdery mildew is a common disease on cucumbers squash tomatoes and greens. Get Fangocil for your crops today from the nearest and trusted agro-inputs shop.#bukoolachemicals,2023-11-02T07:53:52.000Z,powdery mildew fungal disease form foliage plant vegetable garden powdery mildew common disease cucumber squash tomato green get fangocil crop today near trust agroinput shopbukoolachemical,pest,positive
738,fungi,Kaelin.Michele.Sansi,https://twitter.com/kaelin_michele,Spent today tending to my garden clearing out powdery mildew + pruning my plants... The human experience is highly symbolic + spiritual. Tending to your physical garden also tends to your energetic one. Physicality mirrors spiritually+energetically,2023-08-29T22:54:27.000Z,spend today tend garden clear powdery mildew   prune plant human experience highly symbolic   spiritual tending physical garden also tend energetic one physicality mirror spirituallyenergetically,pest,positive
739,fungi,Texas Wine & Grape Growers Association,https://twitter.com/Texas_Wine,ICYMI: A Texas Tech professor is training dogs to sniff out invasive species including powdery mildew the fungal disease that attacks grape plants and can wipe out entire vineyards. Learn more from @TexasMonthly,2024-01-26T18:00:00.000Z,icymi texas tech professor train dog sniff invasive specie include powdery mildew fungal disease attack grape plant wipe entire vineyard learn texasmonthly,pest,negative
740,fungi,straylightwtf.bsky.social,https://twitter.com/StraylightWTF,All of my pumpkin plants suffered mold/powdery mildew while I was on vacation. 3 days after hefty treatments and fertilizer and all three plants are showing vast improvement and even blooms!,2023-09-10T18:40:17.000Z,pumpkin plant suffer moldpowdery mildew I vacation 3 day hefty treatment fertilizer three plant show vast improvement even bloom,pest,negative
741,fungi,LawnShapes,https://twitter.com/LawnShapes,Controlling Powdery Mildew on Plants #plants,2024-01-22T23:10:34.000Z,control powdery mildew plant plant,pest,neutral
742,fungi,AgNova Technologies,https://twitter.com/agnovatech,FLUTE is a robust fungicide for powdery mildew control in grapes cucurbits and strawberries. FLUTE reduces powdery mildew reproduction and ability to spread to healthy plants and is highly efficacious at low use rates. Check it out: https://agnova.com.au/products/flute.html…,2023-06-15T22:50:11.000Z,flute robust fungicide powdery mildew control grape cucurbit strawberry flute reduce powdery mildew reproduction ability spread healthy plant highly efficacious low use rate check,"pest,safety,usage","negative,positive"
743,fungi,Syngenta Ornamentals Kenya,https://twitter.com/SyngentaOCKE,Nearly July and well be focussing on our brilliant #Solvit #fungicide.. A systemic fungicide providing faster more effective and longer-lasting control of Powdery Mildew and Rust on Ornamental Plants.Read more here > https://buff.ly/43GI2Yd,2023-06-30T13:45:01.000Z,nearly july well focusse brilliant solvit fungicide systemic fungicide provide fast effective longerlasting control powdery mildew rust ornamental plantsread  ,"effectiveness,pest","positive,negative"
744,fungi,Certis Belchim UK,https://twitter.com/certis_belchim,Many growers fear powdery mildew an airborne fungal disease that mutates easily. It can also overwinter to infect the next season’s plants. For preventative solutions against powdery mildew visit - https://bit.ly/3L5qJZJ#FarmingUK,2023-05-09T06:00:35.000Z,many grower fear powdery mildew airborne fungal disease mutate easily also overwinter infect next season plant preventative solution powdery mildew visit  ,pest,neutral
745,fungi,Webgardener,https://twitter.com/webgardenerblog,How to Control Powdery Mildew in Tomato Plants: A Gardener’s Guide,2023-09-02T11:09:36.000Z,control powdery mildew tomato plant gardener guide,pest,neutral
746,fungi,Truth Blast,https://twitter.com/TruthBlast,8 ounces water to 1 ounce Milk kills powdery mildew (fungus) on nightshade plants.,2023-06-20T03:22:31.000Z,8 ounce water 1 ounce milk kill powdery mildew fungus nightshade plant,pest,negative
747,fungi,Cyrin Inflatophin,https://twitter.com/Inflatophin,I hope this lime sulfur kills the powdery mildew on my cucumber plants because now everything smells like farts.,2023-02-08T14:16:01.000Z,I hope lime sulfur kill powdery mildew cucumber plant everything smell like fart,"pest,toxicity","negative,neutral"
748,fungi,Child of Neteru 𓂀 𓁞𓁥𓁟,https://twitter.com/TheLivingHeru,I cant stand powdery mildew. My cucumber plants be looking beautiful then fungus soulja hate,2023-05-31T17:06:30.000Z,I stand powdery mildew cucumber plant look beautiful fungus soulja hate,pest,positive
749,fungi,JoEllen Meyers Sharp,https://twitter.com/hoosiergardener,Powdery mildew on your plants? What to do.,2023-08-04T17:41:46.000Z,powdery mildew plant,pest,neutral
750,fungi,安清=LIFE,https://twitter.com/tsu_zilla,We have a plant vendor that comes in & takes care of all their plants & our job is just to water them. They just brought new plants in & I noticed they had powdery mildew which will spread to all nearby plants. I’m not sure what to do because considering they’re,2023-06-05T00:41:15.000Z,plant vendor come   take care plant   job water bring new plant   I notice powdery mildew spread nearby plant I sure consider,pest,positive
751,fungi,PCT Corp Cannabis,https://twitter.com/CannabisPct,GET MEAN AND GO GREEN!  Tired of battling powdery mildew? Weve got the eco-friendly solution youve been looking for! GREENLYTE!! Greenlyte can effectively eliminate powdery mildew without harming your plants.  Visit us at http://pctl.com for more information!,2024-01-29T21:09:57.000Z,get mean go green   tired battle powdery mildew get ecofriendly solution look greenlyte greenlyte effectively eliminate powdery mildew without harm plant   visit   information,pest,positive
752,fungi,Getbudslegalize Cannabis Blog News,https://twitter.com/getbudslegaliz,How to Treat And Cure Cannabis Powdery Mildew: Complete GuideWhite powdery mildew is a fungal disease that affects many plants including cannabis. It is caused by different species of fungi that belong to the order #thc #CANNABIS #growyourownhttps://getbudslegalize.com/how-to-treat-and-cure-cannabis-powdery-mildew/…,2023-06-28T14:42:11.000Z,treat cure cannabis powdery mildew complete guidewhite powdery mildew fungal disease affect many plant include cannabis cause different specie fungus belong order thc cannabis growyourown,pest,positive
753,fungi,Faculty of Science of Charles University,https://twitter.com/science_charles,Fascinating #plant science alert! #EXO70 and #MLO #proteins team up and their isoform-specific interplay affects #trichome cell wall #biogenesis and susceptibility of plants to powdery #mildew. Read more in @ThePlantCell https://academic.oup.com/plcell/advance-article/doi/10.1093/plcell/koad319/7485694?login=false…(MK),2024-02-07T07:40:52.000Z,fascinating plant science alert exo70 mlo protein team isoformspecific interplay affect trichome cell wall biogenesis susceptibility plant powdery mildew read theplantcell,pest,positive
754,fungi,uzma,https://twitter.com/uzma94308906,Growers Ally Crop Defender 3 | Natural Safe & Organic Insecticide & Fungicide Control for Plants - Powdery Mildew Spider Mites & Russet Mite Killer – 24 oz Ready-to-Use OMRI Listed https://amzn.to/3YonkbM via @amazon,2023-03-05T03:03:47.000Z,grower ally crop defender 3   natural safe   organic insecticide   fungicide control plant   powdery mildew spider mite   russet mite killer   24 oz readytouse omri list   via amazon,"safety,pest","positive,negative"
755,fungi,NzuchiTimes USA,https://twitter.com/NzuchiTimesUSA,How to Get Rid of Powdery Mildew on Your Plantshttps://tinyurl.com/2kj7xaak___ ##Blumeriagraminis #Branchesofbiology #Environment #Erysiphales #Fungi #Hospitality #HumanInterest #Lifehacker #Mildew #Murphy #Podosphaerapannosa #Powderymildew #Recreatio...https://tinyurl.com/2kj7xaak,2023-01-07T14:20:35.000Z,get rid powdery mildew plant blumeriagraminis branchesofbiology environment erysiphale fungi hospitality humaninterest lifehacker mildew murphy podosphaerapannosa powderymildew recreatio,pest,neutral
756,fungi,HOTCARLD,https://twitter.com/d_rous_1982,Had a nightmare last night…. I went to check my plants and my DWC plant was full of powdery mildew and the other flower plants were infested with spider mites….. haha. Nightmares of a weed grower!,2023-03-11T14:56:51.000Z,nightmare last night I go check plant dwc plant full powdery mildew flower plant infest spider mite haha nightmare weed grower,pest,positive
757,fungi,Plant Physiology,https://twitter.com/PlantPhys,Transcription factors VviWRKY10 and VviWRKY30 co-regulate powdery mildew resistance in grapevine (Min Zhou Hongyan Wang Xuena Yu Kaicheng Cui Yang Hu Shunyuan Xiao Ying-Qiang Wen) https://buff.ly/3urOAxt,2024-02-19T19:22:01.000Z,transcription factor vviwrky10 vviwrky30 coregulate powdery mildew resistance grapevine min zhou hongyan wang xuena yu kaicheng cui yang hu shunyuan xiao yingqiang wen,pest,neutral
758,fungi,bioRxiv Plant Bio,https://twitter.com/biorxiv_plants,VviWRKY10 and VviWRKY30 co-regulate powdery mildew resistance through modulating SA and ET-based defenses in grapevine  https://biorxiv.org/cgi/content/short/2023.12.08.570812v1… #biorxiv_plants,2023-12-10T04:04:43.000Z,vviwrky10 vviwrky30 coregulate powdery mildew resistance modulate sa etbased defense grapevine    biorxiv_plant,pest,positive
759,fungi,HoneyGirlGrows,https://twitter.com/HoneyGirlGrows,Crowded plants compete thinning smallest increases success. (Eat them!) If left too long seedlings can get leggy and in winter can lead to spotty mold and powdery mildew (plants benefit from air circulation). #Gardening #Gardener,2023-01-17T17:50:35.000Z,crowd plant compete thin small increase success eat leave long seedling get leggy winter lead spotty mold powdery mildew plant benefit air circulation gardening gardener,pest,positive
760,fungi,MRX,https://twitter.com/researchmrx,RT @goldeneraorg: Powdery mildew is a fungal disease that affects a wide range of plants. Powdery mildew diseases are caused by many different species of ascomycete fungi in the order Erysiphales.#powderymildew #cannabiscommunity #spidermites #thrips #…,2023-02-05T08:03:29.000Z,rt goldeneraorg powdery mildew fungal disease affect wide range plant powdery mildew disease cause many different specie ascomycete fungus order erysiphalespowderymildew cannabiscommunity spidermite thrip,pest,neutral
761,fungi,That Hydro Couple,https://twitter.com/ThatHydroCouple,I’m in Missouri first year growing outside and I have a lot of white powdery mildew plants are big and flowering is there anything I can do at this point? Or just toss them,2023-08-25T19:47:21.000Z,I missouri first year grow outside I lot white powdery mildew plant big flowering anything I point toss,pest,positive
762,fungi,Just Me,https://twitter.com/squirrelgurl533,Ive had wind every day so its kept the powdery mildew that gets on garden plants away,2023-06-23T12:19:15.000Z,I wind every day keep powdery mildew get garden plant away,pest,neutral
763,fungi,Agri Farming,https://twitter.com/AgrifarmingIn,Preventing and Managing Powdery Mildew in Ornamental Plants https://agriculturalmagazine.com/preventing-and-managing-powdery-mildew-in-ornamental-plants/…,2023-11-16T14:14:23.000Z,prevent manage powdery mildew ornamental plant,pest,neutral
764,fungi,UF IFAS Solutions,https://twitter.com/UF_IFAS,@UFPlantPaths Dr. Peres is a grower’s best friend! Her labs quickly turn around tests to help growers identify and treat diseases in their fields. She is also pioneering research that uses UV lamps to “zap” powdery mildew on strawberry plants and more.,2023-04-20T19:40:59.000Z,ufplantpath dr peres grower good friend lab quickly turn around test help grower identify treat disease field also pioneer research use uv lamp zap powdery mildew strawberry plant,"pest,usage","negative,positive"
765,fungi,Agri Farming,https://twitter.com/AgrifarmingIn,How to Identify and Treat Powdery Mildew on Succulent Plants: Preventive Strategies,2023-06-22T15:37:36.000Z,identify treat powdery mildew succulent plant preventive strategy,pest,positive
766,fungi,Agri Farming,https://twitter.com/AgrifarmingIn,How to Treat Powdery Mildew in Tomato Plants: A Comprehensive Identification and Control Guide https://agriculturalmagazine.com/how-to-treat-powdery-mildew-in-tomato-plants-a-comprehensive-identification-and-control-guide/…,2023-06-25T04:25:55.000Z,treat powdery mildew tomato plant comprehensive identification control guide,pest,positive
767,fungi,Zmxncbv56,https://twitter.com/Zmxncbv561,Make sure there is good airflow for powdery mildew. Plants should be spaced apart with no overlapping foliage. Air flow issues cause powdery mildew.,2023-07-10T03:30:48.000Z,make sure good airflow powdery mildew plant space apart overlap foliage air flow issue cause powdery mildew,pest,positive
768,fungi,Food Gardening Network,https://twitter.com/FoodGardeningNW,Learn which part of the plant to water to avoid powdery mildew on your squash plants.,2024-01-11T20:00:05.000Z,learn part plant water avoid powdery mildew squash plant,pest,negative
769,fungi,Sean Gardner Turner ProChoice Vote Blue Wear AMask,https://twitter.com/Allareblessed2,Expert gardener reveals ultra-cheap hack for tackling powdery mildew on plants: ‘It has worked wonders in my garden’ - The Cool Down,2023-09-17T03:30:26.000Z,expert gardener reveal ultracheap hack tackle powdery mildew plant work wonder garden   cool,"pest,effectiveness","negative,positive"
770,fungi,JB,https://twitter.com/JB21218795,Usually covered with powdery mildew but they spray the plants a week before harvest to pass testing!,2024-01-10T17:30:19.000Z,usually cover powdery mildew spray plant week harvest pass testing,"pest,usage","negative,negative"
771,fungi,Jerzy H. Czembor 2022,https://twitter.com/CzemborH,Genome-Wide Association Study for Powdery Mildew and Rusts Adult Plant Resistance in European Spring Barley from Polish Gene BankJ H Czembor E Czembor R Suchecki N S Watson-HaighAgronomy 12 1: 7 https://lnkd.in/dkYuvyXc#barley #GWAS #powderymildew #rusts #genebank,2024-02-20T13:05:35.000Z,genomewide association study powdery mildew rust adult plant resistance european spring barley polish gene bankj h czembor e czembor r suchecki n watsonhaighagronomy 12 1 7   gwa powderymildew rust genebank,pest,neutral
772,fungi,Jerzy H. Czembor 2022,https://twitter.com/CzemborH,Resistance of spring #barley old varieties to powdery mildew caused by (Blumeria graminis f. sp. hordei)Elżbieta Czembor* Jerzy H. Czembor Elżbieta WnukProgress in Plant Protection 2023 63DOI: 10.14199/ppp-2023-023#genebank #powderymildew #resistance #plantbreeding,2024-02-26T09:58:59.000Z,resistance spring barley old variety powdery mildew cause blumeria graminis f sp hordeielbieta czembor jerzy h czembor elbieta wnukprogress plant protection 2023 63doi 1014199ppp2023023genebank powderymildew resistance plantbreede,pest,neutral
773,fungi,maureen Boyd,https://twitter.com/theonlygirlhere,We have had NO tomatoes this year mice ate many young plants then rest got powdery mildew. Enough chillis to last till eternity though!,2024-02-21T20:42:31.000Z,tomato year mouse eat many young plant rest get powdery mildew enough chilli last till eternity though,pest,negative
774,fungi,Lady Malcontent,https://twitter.com/lrutigs,You shouldve seen my last harvest of cannabis plants all grown with orgone and frequency. In seasons past my plants were plagued by powdery mildew. Despite last years  extra heavy rainy season my plants did extraordinary well. Its all about frequency & vibration,2024-02-13T01:04:49.000Z,see last harvest cannabis plant grow orgone frequency season past plant plague powdery mildew despite last year   extra heavy rainy season plant extraordinary well frequency   vibration,pest,positive
775,fungi,Food Gardening Network,https://twitter.com/FoodGardeningNW,Discover 7 natural solutions for treating and preventing powdery mildew on #rosemary plants.,2023-11-10T22:08:01.000Z,discover 7 natural solution treat prevent powdery mildew rosemary plant,pest,positive
776,fungi,Erin Cole,https://twitter.com/GalJazeera,Fun seasonal antidote to powdery mildew: spray your plants down at the start of the season (before affliction) with a solution of water and milk,2023-08-08T18:02:04.000Z,fun seasonal antidote powdery mildew spray plant start season affliction solution water milk,"pest,usage","negative,positive"
777,fungi,Mount Sinai Light and Health Research Center,https://twitter.com/LightSinai,Healthy food = Healthy people! @LightSinai researcher Nick Skinner describes a recent study using UV light to help protect squash plants from powdery mildew at Kinderhook Creek Farm in upstate NY - you can see his presentation at:,2023-04-13T14:54:41.000Z,healthy food   healthy people lightsinai researcher nick skinner describe recent study use uv light help protect squash plant powdery mildew kinderhook creek farm upstate ny   see presentation,"safety,usage,pest","positive,positive,negative"
778,fungi,Augusta Chronicle,https://twitter.com/AUG_Chronicle,Campbell Vaughn offers tips on how to prevent powdery mildew on your plants and what you can try if your plants already are infected with the fungus.,2023-06-11T18:01:00.000Z,campbell vaughn offer tip prevent powdery mildew plant try plant already infect fungus,pest,negative
779,fungi,Food Gardening Network,https://twitter.com/FoodGardeningNW,If you notice the beginnings of powdery mildew form on your squash plants (white or gray powdery spots) dont panic! Do this instead.,2024-02-11T19:08:01.000Z,notice beginning powdery mildew form squash plant white gray powdery spot panic instead,pest,positive
780,fungi,kd,https://twitter.com/katalogued,Probably powdery mildew. Kinda harmless. Some plants are more susceptible than others. Some develop because they’re picky about what time of day they’re watered or don’t like leaves/foliage watered (water at ground level.) You can spray with a mix of milk + water and it helps!,2023-08-02T22:36:28.000Z,probably powdery mildew kinda harmless plant susceptible develop picky time day water like leavesfoliage water water ground level spray mix milk   water help,"pest,usage","neutral,positive"
781,fungi,Dino represents for THE LAND,https://twitter.com/dino_silvestri,@BBQwitTom i played some video game that was bud focused and it looked at tomato plants as evil . It makes sense they get powdery mildew and it spreads to your plants and then in the game the tomato plant gets thrown against the wall.,2024-02-25T23:10:11.000Z,bbqwittom I play video game bud focused look tomato plant evil   make sense get powdery mildew spread plant game tomato plant get throw wall,pest,negative
782,fungi,May,https://twitter.com/awwarma,E.g. specific characteristics of powdery mildew in mangos plants + pdf,2023-05-08T18:36:56.000Z,eg specific characteristic powdery mildew mangos plant   pdf,pest,neutral
783,fungi,Jane Dinsmore,https://twitter.com/Taffers14Jane,Glad to know what to use for powdery mildew.  My two peony plants get it every year near the end of summer!  We have had a dry Spring/Summer here in the Shenandoah Valley of Virginia.,2023-07-11T22:54:51.000Z,glad know use powdery mildew   two peony plant get every year near end summer   dry springsummer shenandoah valley virginia,"usage,pest","negative,positive"
784,fungi,Aviation and Naval Assets,https://twitter.com/AirAssets,Powdery mildew is a relatively common fungus that many plants can contract. If you find powdery mildew on your plants its not necessarily fatal but you dont want it hanging around. Fortunately there are many options for powdery mildew treatment.,2023-12-16T03:49:34.000Z,powdery mildew relatively common fungus many plant contract find powdery mildew plant necessarily fatal want hang around fortunately many option powdery mildew treatment,pest,positive
785,fungi,@ practicalanarchy.bsky.social,https://twitter.com/UsefulAnarchy,Also a good point. I almost never consider it cause I leave one near our fireplace cracked year round to reduce powdery mildew on the plants near it,2023-12-24T05:09:41.000Z,also good point I almost never consider cause I leave one near fireplace crack year round reduce powdery mildew plant near,pest,positive
786,fungi,superastrofemme,https://twitter.com/superastrofemme,For the powdery mildew specifically? Cutting the plants back and picking up all the debris so the spores dont overwinter is good. Its ugly and can weaken the plants but your plants should come back fine next spring,2023-09-06T16:08:36.000Z,powdery mildew specifically cut plant back pick debris spore overwinter good ugly weaken plant plant come back fine next spring,pest,negative
787,fungi,UF IFAS Solutions,https://twitter.com/UF_IFAS,.@UFGulfCoastREC researchers are using UV lights  to zap  powdery mildew a global pathogen that significantly damages cantaloupe plants.,2023-03-15T21:04:00.000Z,ufgulfcoastrec researcher use uv light   zap   powdery mildew global pathogen significantly damage cantaloupe plant,"usage,pest,toxicity","negative,positive"
788,fungi,Mommainmaryland,https://twitter.com/mommainmaryland,I use hydrogen peroxide in the garden! Helps control fungus gnats powdery mildew etc! The plants are greener the next day.,2023-05-26T22:43:40.000Z,I use hydrogen peroxide garden help control fungus gnat powdery mildew etc plant green next day,"usage,pest","positive,negative"
789,fungi,Dr. Morgan Carter,https://twitter.com/MorganCarterPhD,No they are not! Quite happy - All my cucumber plants have powdery mildew now,2023-06-23T22:08:17.000Z,quite happy   cucumber plant powdery mildew,pest,negative
790,fungi,Jamie Goode,https://twitter.com/jamiegoode,The picture is in the day - this works so much better at night where it actually kills powdery mildew rather than increasing resistance of plants (for downy and powdery there are real limits to resistance in vinifera...),2023-01-03T11:48:55.000Z,picture day   work much well night actually kill powdery mildew rather increase resistance plant downy powdery real limit resistance vinifera,"effectiveness,pest","positive,negative"
791,fungi,Worm,https://twitter.com/CephalopodsRule,The distilled water will help avoid any white spots if youre spraying but the chloramine in it should prevent bacteria (if its fresh from the tap!)Also be careful with too much neem as it can harm some very sensitive plants too (Id avoid for carnivores and epiphytes!),2021-04-05T12:49:51.000Z,distilled water help avoid white spot spray chloramine prevent bacteria fresh tapalso careful much neem harm sensitive plant I avoid carnivore epiphyte,"pest,usage",positive
792,fungi,lenticel soup,https://twitter.com/abscisicacid,Ok this is so coolHi! My name is Iris and I just graduated with a BS in Plant Science. During undergrad I studied molecular mechanisms of plant responses to fungal pathogens Botrytis cinerea and Alternaria brassicicola in Arabidopsis #BlackBotanistsWeek,2020-07-06T22:27:29.000Z,ok coolhi name iris I graduate bs plant science undergrad I study molecular mechanism plant response fungal pathogens botrytis cinerea alternaria brassicicola arabidopsis blackbotanistsweek,pest,positive
793,fungi,Hailing Jin,https://twitter.com/hailingj1,A beautiful story on Cross-Kingdom RNAi-Rhizobial tRNA-derived small RNAs are signal molecules regulating plant nodulation | Science. These transported bacterial tRFs also hijack host AGO1 protein for silencing just like fungal pathogen Botrytis!Very Cool https://science.sciencemag.org/content/early/2019/07/24/science.aav8907.full…,2019-07-25T23:19:42.000Z,beautiful story crosskingdom rnairhizobial trnaderive small rna signal molecule regulate plant nodulation   science transport bacterial trf also hijack host ago1 protein silence like fungal pathogen botrytisvery cool,overall,positive
794,fungi,Paulo F. Canessa,https://twitter.com/PauloFCanessa,Our #OpenSource tool allowing visualization of global #GeneExpression in Botrytis is finally out http://beb.canessalab.org Preprint here https://bit.ly/3R0EM3f Thanks to @aguayobq @AndreaVegaCont1  @lflarrondo @plants_alvarez @iBioChile,2022-08-30T18:26:06.000Z,opensource tool allow visualization global geneexpression botrytis finally   preprint   thank aguayobq andreavegacont1   lflarrondo plants_alvarez ibiochile,pest,positive
795,fungi,Daniel J Kliebenstein,https://twitter.com/SpicyBotrytis,We are recruiting a new postdoc researcher. We are using the genetic variation in Botrytis cinerea as a tool to investigate the evolution of plant immunity across the rosids and asterids and ascertain what mechanisms are really most important. Info here https://recruit.ucdavis.edu/JPF05063,2022-07-06T22:27:11.000Z,recruit new postdoc researcher use genetic variation botrytis cinerea tool investigate evolution plant immunity across rosid asterid ascertain mechanism really important info,"usage,pest","neutral,negative"
796,fungi,Richard Eborn,https://twitter.com/richardeborn,The few lilies that have survived the botrytis in the trial at Wisley are flowering fantastically on the    Trials Field ⁦@The_RHS⁩ ⁦@RHSWisley⁩ #trials #gardens #horticulture #gardening #flowers #plants,2020-07-15T06:26:38.000Z,lily survive botrytis trial wisley flower fantastically     trial field the_rhs rhswisley trials gardens horticulture gardening flower plant,pest,positive
797,fungi,Anna Jo Muhich,https://twitter.com/AnnaJoMuhich,That’s a wrap! 3 long days 250 cucurbit plants and 72 botrytis isolates later we are ready to watch these lesions grow (or not grow ). A massive team effort from @C_Caseys @Dowell_VOC @CharisRamsing @Caroline3Keller @ellakatz1 thanks everybody!,2021-11-11T04:47:02.000Z,wrap 3 long day 250 cucurbit plant 72 botrytis isolate later ready watch lesion grow grow   massive team effort c_casey dowell_voc charisramse caroline3keller ellakatz1 thank everybody,pest,positive
798,fungi,Magdalena Julkowska,https://twitter.com/mmjulkowska,This week we are reading about plants pathogens - wilting rust Botrytis - and symbionts but also evolutionary origins of roots cell shape secondary cell walls gene stacking for drought tolerance modular adaptation and more!https://plantae.org/what-were-reading-october-12/…,2018-10-12T07:49:25.000Z,week read plant pathogen   wilt rust botrytis   symbiont also evolutionary origin root cell shape secondary cell wall gene stack drought tolerance modular adaptation,pest,positive
799,fungi,GardenOpus,https://twitter.com/GardenOpus,NOT GLAMOROUS - but Brassica oleracea v. botrytis (Cauliflower Snow Crown) is especially challenging to grow in the US Midwest best as a Fall crop - plants MUST grow unchecked by stress. When foliage becomes upright & bends to center curd formation is imminent! Brassicaceae,2018-09-23T21:13:44.000Z,glamorous   brassica oleracea v botrytis cauliflower snow crown especially challenge grow us midwest good fall crop   plant must grow unchecked stress foliage become upright   bend center curd formation imminent brassicaceae,pest,positive
800,fungi,Dr Estrella Luna-Diez,https://twitter.com/ELunaDiez,New paper in collaboration with @JamesHuttonInst on priming of tomato plants against Botrytis cinerea. Feedback very much appreciated! https://biorxiv.org/content/10.1101/2020.04.01.019513v1… @PlantSci_UoB,2020-04-01T13:43:46.000Z,new paper collaboration jameshuttoninst priming tomato plant botrytis cinerea feedback much appreciate   plantsci_uob,pest,positive
801,fungi,C_caseys,https://twitter.com/C_Caseys,If you want to hear about massive gene network from quantitative plant-Botrytis interactions come to my poster tonight! #Fungal22,2022-03-17T20:45:48.000Z,want hear massive gene network quantitative plantbotrytis interaction come poster tonight fungal22,overall,positive
802,fungi,Gooey Rabinski,https://twitter.com/RobbinsGroupLLC,More WoahStork Learn education: Eradicating Gray Mold in Cannabis Organically: https://bit.ly/2sp4Z4Q. Gray mold (also known as botrytis or bud rot) is the most common type of fungal infection in cannabis plants. It thrives when humidity is high and temperatures are cool.,2018-09-23T15:10:06.000Z,woahstork learn education eradicate gray mold cannabis organically   gray mold also know botrytis bud rot common type fungal infection cannabis plant thrive humidity high temperature cool,pest,positive
803,fungi,Tropical Plant Clinic & Research Lab,https://twitter.com/ClinicPlant,A couple of cool diseased plants (Botrytis) to close the week  (Stevia and Vinca)April02: Sample #355,2021-04-02T22:43:42.000Z,couple cool diseased plant botrytis close week   stevia vincaapril02 sample 355,pest,positive
804,fungi,Ebunoluwa Ajobiewe MSc.,https://twitter.com/Ebunajobiewe,Plant pathologists design strategies to manage different plant diseases by inducing infections and studying their effects over a period of time.  Our second trial with Botrytis  on tomato plants with N & N is underway #researchers#agriculture,2021-04-27T07:50:55.000Z,plant pathologist design strategy manage different plant disease induce infection study effect period time   second trial botrytis   tomato plant n   n underway researchersagriculture,"pest,effectiveness","negative,neutral"
805,fungi,Isaac Ongoma,https://twitter.com/ItsOngoma,How does Botrytis (grey mold) infects plants? Watch this video to learn more. #agriculture,2020-05-27T16:10:24.000Z,botrytis grey mold infect plant watch video learn agriculture,pest,positive
806,fungi,Ed Sikora,https://twitter.com/alabamaED,Botrytis gray mold developing on strawberries. The fungus can be introduced into a field on infected transplants or can survive on dead plant material and in soil as sclerotia. Gray mold can affect leaves stems flowers and crowns of strawberry # Fungi #Plantdisease #Strawberry,2023-03-16T22:25:26.000Z,botrytis gray mold develop strawberry fungus introduce field infect transplant survive dead plant material soil sclerotia gray mold affect leave stem flower crown strawberry   fungi plantdisease strawberry,pest,negative
807,fungi,Ana María Laxalt,https://twitter.com/amlaxalt,Read our latest #research CRISPR/Cas9‑mediated phospholipase C 2 knock‑out tomato plantsare more resistant to Botrytis cinerea published with @SpringerNature in Planta https://rdcu.be/db1C7Congratulations to the team!,2023-05-13T12:25:09.000Z,read late research crisprcas9mediate phospholipase c 2 knockout tomato plantsare resistant botrytis cinerea publish springernature planta   team,pest,neutral
808,fungi,Carmen Johnston Gardens,https://twitter.com/carmenjohnston,Are your plants suffering from botrytis? Ever even heard of it? We’ll it happens when it rains a lot and plants get too much moisture. Listen up for tips! •••••#carmenjohnstongardens... https://facebook.com/CarmenJohnstonGardens/videos/2152911814983347/…,2018-05-25T19:51:06.000Z,plant suffer botrytis ever even hear well happen rain lot plant get much moisture listen tip carmenjohnstongarden,pest,negative
809,fungi,TempleGrower,https://twitter.com/TempleGrower,So not only am I infected so are my poor plants.. fucking botrytis. It is uncommonly humid here at the minute as well as I left my exhaust fan off 3 times so probably my fault. Still. Not ideal. Hope it doesnt spread further...#GrowYourOwn #Cannabis,2022-10-01T23:01:02.000Z,I infect poor plant fucking botrytis uncommonly humid minute well I leave exhaust fan 3 time probably fault still ideal hope spread furthergrowyourown cannabis,pest,negative
810,fungi,The Plant Journal,https://twitter.com/ThePlantJournal,At4g20860 a berberine bridge enzyme‐like protein oxidizes cellodextrins plants overexpressing it restrict plant colonization by the fungus Botrytis cinerea probably because oxidized cellodestrins are a less valuable carbon source. https://doi.org/10.1111/tpj.14237…,2022-10-01T23:01:02.000Z,at4g20860 berberine bridge enzymelike protein oxidize cellodextrin plant overexpresse restrict plant colonization fungus botrytis cinerea probably oxidize cellodestrin less valuable carbon source,pest,positive
811,fungi,Ed Sikora,https://twitter.com/alabamaED,Someone said “you can pick your friends & you can pick your nose but you can’t pick your friends nose”  Remember this when picking plants for your garden.  Don’t pick plants with symptoms of disease such as Botrytis gray mold and don’t pick your nose in garden center either!,2022-04-12T12:48:12.000Z,someone say pick friend   pick nose pick friend nose   remember pick plant garden   pick plant symptom disease botrytis gray mold pick nose garden center either,pest,positive
812,fungi,Sjon Hartman,https://twitter.com/SjonHartman,Host sweet host! @SCourbier of @UUBeta on botrytis resistance in shaded Tomato plants at #EPSR2019,2019-07-10T10:43:44.000Z,host sweet host scourbier uubeta botrytis resistance shaded tomato plant epsr2019,pest,positive
813,fungi,Larry,https://twitter.com/Larry64450205,#ncyt #alnov #novacytA New Italian  study published the 19 may about botrytis cinerea (A fungus growing on plants) and using the Genesig easy DNA/RNA extraction kit.#novacyt : A range of more than 550 tests !,2021-05-20T17:10:28.000Z,ncyt alnov novacyta new italian   study publish 19 may botrytis cinerea fungus grow plant use genesig easy dnarna extraction kitnovacyt   range 550 test,"pest,usage","negative,neutral"
814,fungi,Gabriela C,https://twitter.com/CalidonioG,Botrytis blight is a fungal disease that attack many plants. I am evaluating different biological control agents for Botrytis management on petunia flowers. #pesgsa2022,2022-04-27T20:11:57.000Z,botrytis blight fungal disease attack many plant I evaluate different biological control agent botrytis management petunia flower pesgsa2022,pest,negative
815,fungi,ekc-nwcsu,https://twitter.com/evidknowlcentre,High efficiency transformation of Brassica oleracea var. botrytis plants by… https://goo.gl/fb/pU5AR1 #AMBExpress,2018-08-08T04:02:45.000Z,high efficiency transformation brassica oleracea var botrytis plant   ambexpress,"effectiveness,pest",neutral 
816,fungi,Isabella Magna Yannuzzi,https://twitter.com/I_aM_Yannuzzi,Come check out the plant pathology graduate student sticker sale in Mann Lobby on 11/18! Scan the QR code below to see all the designs and pre-order if you’re interested. Hope to see you there! #pathology #diseases #vector #botrytis #plants,2022-11-10T16:07:07.000Z,come check plant pathology graduate student sticker sale mann lobby 1118 scan qr code see design preorder interested hope see pathology disease vector botrytis plant,pest,positive
817,fungi,CleanLight,https://twitter.com/CleanLightGroup,Protecting young vegetable plants against Botrytis & Fusarium.Also used successfully on other young plants: carrots strawberry leek medical cannabis tomatoes lettuce cucumber pepper potted rose lavender onions kalanchoe bassilicum babyleaf and other.,2023-03-22T11:59:32.000Z,protect young vegetable plant botrytis   fusariumalso use successfully young plant carrot strawberry leek medical cannabis tomato lettuce cucumber pepper pot rise lavender onion kalanchoe bassilicum babyleaf,"pest,usage","negative,positive"
818,fungi,Blake Oakley,https://twitter.com/BlakeOakley4,Hailing Jin from UC Riverside presenting on cross-kingdom bi-directional RNA silencing between plants and the gray mold fungal pathogen Botrytis cinerea A valuable lesson in how we as plant scientists and pathologists can learn a lot from mammalian biology @JapanUSPlant,2022-08-31T13:03:48.000Z,hail jin uc riverside present crosskingdom bidirectional rna silence plant gray mold fungal pathogen botrytis cinerea valuable lesson plant scientist pathologist learn lot mammalian biology japanusplant,pest,positive
819,fungi,Beatriz Ramos,https://twitter.com/BramsolRamos,Excellent Conditions for botrytis outbreak in #strawberry. Will our products prevent disease onset? #IYPH2020 plants need to be active players against disease to feed growing population @belen_montero_p @Javierfcex @jalucas68 @AnaGVillaraco,2020-01-30T21:11:50.000Z,excellent condition botrytis outbreak strawberry product prevent disease onset iyph2020 plant need active player disease feed grow population belen_montero_p javierfcex jalucas68 anagvillaraco,pest,positive
820,fungi,WCG,https://twitter.com/WCollegeGroup,It’s day 3 of #CollegesWeek & today’s focus is innovation and designing for the future. Agri-tech researchers @PershoreColWCG are national leaders & support the agri & hort sectors to save more plants & crops with new groundbreaking Botrytis tests.  https://fal.cn/3b3k4,2020-10-21T08:04:18.000Z,day 3 collegesweek   today focus innovation designing future agritech researcher pershorecolwcgare national leader   support agri   hort sector save plant   crop new groundbreaking botrytis test  ,pest,positive
821,fungi,bioRxiv Plant Bio,https://twitter.com/biorxiv_plants,Small RNAs from fungal pathogen Botrytis cinerea ride in extracellular vesicles to enter plant cells through clathrin-mediated endocytosis  https://biorxiv.org/cgi/content/short/2023.06.15.545159v1… #biorxiv_plants,2023-06-18T13:02:40.000Z,small rna fungal pathogen botrytis cinerea ride extracellular vesicle enter plant cell clathrinmediate endocytosis    biorxiv_plant,pest,neutral
822,fungi,AiroClean420,https://twitter.com/AiroClean420,The botrytis fungus also known as gray mold is notoriously difficult to treat. However taking thoughtful measures to prevent botrytis on cannabis plants will ensure that your entire crop makes it to harvest.   https://buff.ly/2LAx8Ly,2018-07-26T14:37:00.000Z,botrytis fungus also know gray mold notoriously difficult treat however take thoughtful measure prevent botrytis cannabis plant ensure entire crop make harvest   ,pest,positive
823,fungi,Juan Camilo Moreno Beltran,https://twitter.com/JuanCa_rotenoid,Together with my PhD. student (now Dr.) and coauthors we have uncovered a new signalling function for the apocarotenoid ß-ionone in plant defence against Botrytis cinerea...check it out!https://onlinelibrary.wiley.com/doi/full/10.1111/tpj.16510…@KaustResearch @kaustcda,2023-11-07T07:46:28.000Z,together phd student dr coauthor uncover new signal function apocarotenoid ionone plant defence botrytis cinereacheck kaustcda,pest,positive
824,fungi,Pestinfo Wiki,https://twitter.com/PestinfoW,A variety of green management options exist against #Botrytis bunch rot of #grapevine - review of research in #NewZealand in @Plants_MDPI by Dion Charles Mundy and others at @plantandfood - https://doi.org/10.3390/plants11213004…,2022-11-27T11:05:23.000Z,variety green management option exist botrytis bunch rot grapevine   review research newzealand plants_mdpi dion charles mundy plantandfood  ,pest,neutral
825,fungi,Alexander Wong,https://twitter.com/AlexWongScience,Experiment day in #BOT350! Today we test what factors promote botrytis infection. Being a “weak” pathogen does adding nutrients like potato dextrose broth or a rose pedal and/or a physical matrix like nylon give botrytis the boost it needs to grow as a pathogen on bean plants??,2019-11-05T19:03:55.000Z,experiment day bot350 today test factor promote botrytis infection weak pathogen add nutrient like potato dextrose broth rose pedal andor physical matrix like nylon give botrytis boost need grow pathogen bean plant,pest,positive
826,fungi,david carver,https://twitter.com/1davidcarver,And plenty of other plants flowering keeping a strict eye on withering flowers- botrytis heaven at the moment,2021-12-31T10:17:48.000Z,plenty plant flower keep strict eye wither flower botrytis heaven moment,pest,positive
827,fungi,Sarah Courbier (@scourbier.bsky.social),https://twitter.com/SCourbier,Aaaah!Its so good to see the remaining chapters of my PhD now available on @biorxiv_plants. If you are interested in how far-red light promotes tomato susceptibility to Botrytis: Take a look here,2021-01-22T09:40:22.000Z,aaaahit good see remain chapter phd available biorxiv_plant interested farred light promote tomato susceptibility botrytis take look,pest,positive
828,fungi,Baldbirder,https://twitter.com/Baldbirder1,Fantastic structures on this kelp(?) #seaweed on St Martins IOS. On proper plants I would have initially thought it was Botrytis..! Nature gets more fascinating the closer one looks...But what is it? @ScillyWildlife @mcsuk @scillyrockpools #nature,2022-07-31T22:11:03.000Z,fantastic structure kelp seaweed st martin io proper plant I would initially think botrytis nature get fascinating close one looksbut scillywildlife mcsuk scillyrockpool nature,pest,positive
829,fungi,Hailing Jin,https://twitter.com/hailingj1,Botrytis can be on any plants https://t.co/kzqGLRC2b9,2022-04-16T15:53:54.000Z,botrytis plant,pest,neutral
830,fungi,ARC Research Hub for Sustainable Crop Protection,https://twitter.com/ARC_CropProtect,Our latest work is published! https://bit.ly/3eqUE0w This work is a collaboration between our nodes at @UQ_News @Griffith_Uni and @UCRiverside.We showed dsRNA delivered as BioClay can prolong protection against Botrytis on tomato leaves and fruit and on mature chickpea plants.,2022-09-06T00:33:55.000Z,late work publish   work collaboration node uq_news griffith_uni ucriversidewe show dsrna deliver bioclay prolong protection botrytis tomato leave fruit mature chickpea plant,"effectiveness,pest","positive,negative"
831,fungi,Herbs Encyclopedia,https://twitter.com/HerbsEncyclope,Cauliflowers (Brassica oleracea var. botrytis) are annual plants reach about 0.5 m tall & bear large rounded leaves that resemble collards. As desired for food the terminal cluster forms a firm succulent “curd” or head that is an immature inflorescence (cluster of flowers),2020-01-07T14:47:54.000Z,cauliflower brassica oleracea var botrytis annual plant reach 05 tall   bear large rounded leave resemble collard desire food terminal cluster form firm succulent curd head immature inflorescence cluster flower,pest,positive
832,fungi,David Scheuring,https://twitter.com/david_scheuring,I wondered how much pressure necrotrophic fungi generate to break through plant walls. We  teamed up with @GreenMechanobio for a fantastic collaboration and found that Botrytis generates surprisingly high pressure using a unique penetration pattern: https://biorxiv.org/content/10.1101/2023.12.15.571920v1.full.pdf…,2023-12-16T21:42:57.000Z,I wonder much pressure necrotrophic fungus generate break plant wall   team greenmechanobio fantastic collaboration find botrytis generate surprisingly high pressure use unique penetration pattern,"pest,usage","negative,neutral"
833,fungi,bioRxiv Plant Bio,https://twitter.com/biorxiv_plants,Inositolphosphate glycans accumulate and suppress plant defense during Arabidopsis/Botrytis interaction  https://biorxiv.org/cgi/content/short/2023.11.16.567443v1… #biorxiv_plants,2023-11-18T13:05:40.000Z,inositolphosphate glycan accumulate suppress plant defense arabidopsisbotrytis interaction    biorxiv_plant,overall,positive
834,fungi,Gardening Guys,https://twitter.com/Gardening_Guys,We have been loosing a lot of cuttings to botrytis and sciarid flies because we have been leaving plants in the propagator for too long but the propagator provided the light so we have rigged these lights up the reduced humidity & increased airflow should help with both issues.,2019-01-13T13:14:59.000Z,loose lot cutting botrytis sciarid fly leave plant propagator long propagator provide light rig light reduce humidity   increase airflow help issue,pest,positive
835,fungi,Ed Sikora,https://twitter.com/alabamaED,Wet cool conditions can lead to the development of several fungal diseases of grape. Downy mildew Botrytis and Phomopsis are just examples of plant diseases favored by moist conditions in the spring #Plantdisease #Fungi,2023-11-25T12:12:20.000Z,wet cool condition lead development several fungal disease grape downy mildew botrytis phomopsis example plant disease favor moist condition spring plantdisease fungi,pest,positive
836,fungi,Patricia Kloepfer,https://twitter.com/kloepferP,Noticing enough sporulating Botrytis around in ginseng gardens. Keep those plants covered up and protected! #Botrytis#ontag#SpringIsHere,2021-05-15T01:03:03.000Z,notice enough sporulate botrytis around ginseng garden keep plant cover protect botrytisontagspringishere,pest,positive
837,fungi,Ed Sikora,https://twitter.com/alabamaED,Strawberry season is almost upon us in Alabama. What plant diseases await me this spring?  With recent rains my thoughts have turned to problems such as Botrytis gray mold. Time and the weather will tell the story #Plantdisease #Fungi #Mold #Strawberry,2024-02-06T14:47:02.000Z,strawberry season almost upon alabama plant disease await I spring   recent rain thought turn problem botrytis gray mold time weather tell story plantdisease fungi mold strawberry,pest,negative
838,fungi,bioRxiv Plant Bio,https://twitter.com/biorxiv_plants,BOS1 is a positive regulator of wounding induced cell death and plant susceptibility to Botrytis  https://biorxiv.org/cgi/content/short/2022.01.18.476848v1… #biorxiv_plants,2022-01-22T01:01:46.000Z,bos1 positive regulator wound induce cell death plant susceptibility botrytis    biorxiv_plant,pest,negative
839,fungi,Shred,https://twitter.com/ShredBundy_,Bringing work home always sucks but especially when youre an IPM specialist and its Botrytis to your house plants.,2021-02-07T03:52:39.000Z,bring work home always suck especially ipm specialist botrytis house plant,"effectiveness,pest",negative
840,fungi,Lindsay Triplett,https://twitter.com/triplettlr,Bees can vector beneficial Streptomyces to strawberry flowers protecting the plants against Botrytis. I wonder if @oldkayak has found any S. globisporus in apple flower microbiomes?https://nature.com/articles/s41467-019-12785-3…,2019-10-30T13:54:56.000Z,bee vector beneficial streptomyce strawberry flower protect plant botrytis I wonder oldkayak find globisporus apple flower microbiome,pest,positive
841,fungi,TrendsPlantSci,https://twitter.com/TrendsPlantSci,@TrendsPlantSci July issue is out: read FREE online about Botrytis–Host Plant Interactions Non-Mycorrhizal Plants,2019-05-21T20:30:19.000Z,trendsplantsci july issue read free online botrytishost plant interaction nonmycorrhizal plant,overall,positive
842,fungi,Plant Immunity and Biochemistry,https://twitter.com/pibgroupIR,Want to know how arbuscular mycorrhiza protects plants against pathogenic fungus? Check our last work! #Botrytis #IYPH2020 @PrimaIntomed @UJIuniversitat @ESTCE_UJI @UJIxPlaneta  @MJP_Lab @EEZCSIC https://authors.elsevier.com/sd/article/S0168-9452(20)30201-6…,2020-07-07T07:14:31.000Z,want know arbuscular mycorrhiza protect plant pathogenic fungus check last work botrytis iyph2020 primaintome ujiuniversitat estce_uji ujixplaneta   mjp_lab eezcsic,"effectiveness,pest","positive,negative"
843,fungi,Timothy Miles,https://twitter.com/Tmiles_MSU,For a plant pathologist now is the optimal time to find those #grape #diseases. Main issues right now in Michigan are #sourrot #botrytis #powderymildew and #downymildew. Our group snapped these over the last week. @MSUAgBio @MSU_PSM,2023-09-24T14:31:37.000Z,plant pathologist optimal time find grape disease main issue right michigan sourrot botrytis powderymildew downymildew group snap last week msuagbio msu_psm,pest,positive
844,fungi,Syama Chatterton,https://twitter.com/syamachat,I dont like Botrytis so much when its on my bedding plants for my garden. But spend so much time and energy to get infection like this for research at work and it doesnt happen!! #tricksypathogens #lifeofapathologist,2018-05-21T15:14:43.000Z,I like botrytis much bedding plant garden spend much time energy get infection like research work happen tricksypathogen lifeofapathologist,"pest,effectiveness","negative,negative"
845,fungi,Carlos Garrido,https://twitter.com/cargarri1980,In Vitro Studies of Endophytic Bacteria Isolated from Ginger (Zingiber officinale) as Potential Plant-Growth-Promoting and Biocontrol Agents against Botrytis cinerea and Colletotrichum acutatum@Plants_MDPI,2024-02-20T05:57:02.000Z,vitro study endophytic bacteria isolate ginger zingiber officinale potential plantgrowthpromoting biocontrol agent againstbotrytis cinereaandcolletotrichum acutatumplants_mdpi,overall,negative
846,fungi,Jean-Michel Ané,https://twitter.com/JeanMichelAne,Root-to-shoot signalling in mycorrhizal tomato plants upon Botrytis cinerea infection http://sco.lt/8YDkci,2020-07-11T20:24:37.000Z,roottoshoot signal mycorrhizal tomato plant upon botrytis cinerea infection,pest,neutral
847,fungi,Fungal Bio & Biotech,https://twitter.com/FBBiotech,Multi-spectral imaging detects Botrytis cinerea in cucumber plants with 93% accuracy using deep learning models for classification. Object detection achieved 0.88 mean average precision enabling early detection and disease management.https://sciencedirect.com/science/article/pii/S2772375523000047#fg0010…,2023-02-21T06:47:35.000Z,multispectral imaging detect botrytis cinerea cucumber plant 93 accuracy use deep learning model classification object detection achieve 088 mean average precision enable early detection disease management,"pest,usage","negative,positive"
848,fungi,Physiologia Plantarum,https://twitter.com/PPLplantarum,How does SINPR1 influence disease resistance in tomato plants? Knockout of SlNPR1 enhances tomato plants resistance against Botrytis cinerea by modulating ROS homeostasis and JA/ET signaling pathways https://bit.ly/3gMuFw2 @UBC @UBCBotany,2020-09-18T08:53:02.000Z,sinpr1 influence disease resistance tomato plants knockout slnpr1 enhance tomato plant resistance botrytis cinerea modulate ros homeostasis jaet signal pathway   ubc ubcbotany,pest,neutral
849,fungi,Horticulture Research,https://twitter.com/Hortres,Unveiling the intricate battle between strawberry plants and Botrytis cinerea. High-resolution analysis uncovers defense strategies and key gene interactions in the plant-pathogen arms race. #PlantPathology #ScienceDiscoveryhttps://academic.oup.com/hr/article/10/12/uhad225/7404913…,2024-01-05T04:28:13.000Z,unveil intricate battle strawberry plant botrytis cinerea highresolution analysis uncover defense strategy key gene interaction plantpathogen arm race plantpathology sciencediscovery,pest,negative
850,fungi,JXB,https://twitter.com/JXBot,Cell death regulation but not ABA signaling is required for enhanced immunity to #Botrytis in #Arabidopsis cuticle-permeable mutants http://bit.ly/2HWy1hs by @KirkOvermyer et al. @viikki_plants #openaccess,2019-09-18T11:45:08.000Z,cell death regulation aba signal require enhanced immunity botrytis arabidopsis cuticlepermeable mutant   kirkovermyer et al viikki_plants openaccess,pest,negative
851,fungi,Betting Bruiser,https://twitter.com/BettingBruiser,When Capex cost are $15 a square foot ... you are bound to inherent problems like this ... all the plants had signs of Botrytis fungi ... 100k plants tossed in the trash ... they don’t have to disclose because they likely had crop insurance. $WEED #Potstocks https://twitter.com/cannabianski/status/1013960962510950400…,2018-07-03T23:16:09.000Z,capex cost 15 square foot   bind inherent problem like   plant sign botrytis fungi   100k plant toss trash   disclose likely crop insurance weed potstock,pest,negative
852,fungi,Feliza Doolittle (My Fellady),https://twitter.com/MoiW17,@Morrisons 1 of 2:  Banbury store horrors... Nobody knows how to water correctly. The plants on Dutch trolleys sometimes sit in an inch of water despite me pointing out to Manager Mike F.  Plants in boxes rot off with botrytis. Plants directly behind glass dont get watered ...,2021-07-09T09:24:01.000Z,morrison 1 2   banbury store horror nobody know water correctly plant dutch trolley sometimes sit inch water despite I point manager mike f   plant box rot botrytis plant directly behind glass get water,pest,negative
853,fungi,British Society for Plant Pathology,https://twitter.com/BS_PP,How can one fungus infect nearly all plants? Dive into the mysterious world of Botrytis cinerea aka Grey Mould! Uncover the secrets of this versatile fungus capable of infecting vital crops and your favourite flowers!  @MPPjournal #PlantHealthhttps://buff.ly/46V94Mg,2023-12-08T16:20:01.000Z,one fungus infect nearly plant dive mysterious world botrytis cinerea aka grey mould uncover secret versatile fungus capable infect vital crop favourite flower   mppjournal planthealth,pest,positive
854,fungi,Francis Villatoro,https://twitter.com/emulenews,Keanumycins are powerful pest control agents protecting plants from the devastating fungal phytopathogen Botrytis cinerea. They are so efficient at killing that we named them in tribute to the actor Keanu Reeves who played many iconic killers in his cinematic career.,2023-03-01T11:29:23.000Z,keanumycin powerful pest control agent protect plant devastating fungal phytopathogen botrytis cinerea efficient kill name tribute actor keanu reeve play many iconic killer cinematic career,pest,negative
855,fungi,Pablo V,https://twitter.com/PabloVegaV,Nanovaccine for Plants from Organic Waste: d-Limonene-Loaded Chitosan Nanocarriers Protect Plants against Botrytis cinerea https://pubs.acs.org/doi/10.1021/acssuschemeng.1c02818#.YPHlKtuhXkA.twitter… @LORRE_Purdue,2021-07-16T20:00:16.000Z,nanovaccine plant organic waste dlimoneneloade chitosan nanocarrier protect plant botrytis cinerea   lorre_purdue,"safety,pest","positive,negative"
856,fungi,ediblegardennursery,https://twitter.com/ediblenursery,Good king Henry Starting to reshoot after dividing up late last yr Stock plants growing in melcourt Sylvagrow Found getting Botrytis when useing horticulture fleece so not useing fleece has cut down Botrytis on plants in our experienceWe do not use chemicals for problems,2024-02-06T21:11:23.000Z,good king henry start reshoot divide late last yr stock plant grow melcourt sylvagrow find get botrytis use horticulture fleece use fleece cut botrytis plant experiencewe use chemical problem,"pest,usage,toxicity","negative,negative,positive"
857,fungi,scyrene,https://twitter.com/scyrene,Raining again. I actually found botrytis on some plants in the greenhouse its been so damp this month. But its good weather for planting cabbages so thats what Ive done.,2021-05-23T18:11:28.000Z,rain I actually find botrytis plant greenhouse damp month good weather planting cabbage I,pest,positive
858,fungi,Pierre van der Hoven,https://twitter.com/PierrevdHoven,Understanding bud rot development caused by Botrytis cinerea on cannabis (Cannabis sativa L.) plants grown under greenhouse conditions#cannabis #budrot #botrytis http://Baobab.co #plantscience,2023-05-25T02:58:19.000Z,understand bud rot development cause botrytis cinerea cannabis cannabis sativa l plant grow greenhouse conditionscannabis budrot botrytis   plantscience,pest,neutral
859,fungi,potatoes.news,https://twitter.com/potatosystem1,FightingGrayMold: Strategies to Combat Botrytis Cinerea in Plants#GrayMold #BotrytisCinerea #PlantDisease #CropProtection #PlantResistance #SustainableAgriculture Gray mold caused by the fungus Botrytis cinerea is a devastating plant disease that aff...https://vegetables.news/fightinggraymold-strategies-to-combat-botrytis-cinerea-in-plants/agrotechnology/…,2023-05-03T06:04:57.000Z,fightinggraymold strategy combat botrytis cinerea plantsgraymold botrytiscinerea plantdisease cropprotection plantresistance sustainableagriculture gray mold cause fungus botrytis cinerea devastating plant disease aff,pest,negative
860,fungi,JoeAndHisPlants,https://twitter.com/JoeAndHisPlants,Trifecta Crop Control Ready to Use Maximum Strength Natural Pesticide Fungicide Miticide Insecticide Help Defeat Spider Mites Powdery Mildew Botrytis and Mold on Plants 32 OZ Size,2022-05-16T21:28:36.000Z,trifecta crop control ready use maximum strength natural pesticide fungicide miticide insecticide help defeat spider mites powdery mildew botrytis mold plant 32 oz size,"usage,pest","negative,positive,positive"
861,fungi,BMS Fungal Biology Research,https://twitter.com/BMS_Scientific,#FungalBiology Endophytic blastospores of Beauveria bassiana provide high resistance against plant disease caused by Botrytis cinerea. Sui et al. Jilin Academy of Agricultural Sciences China.https://sciencedirect.com/science/article/abs/pii/S1878614622000642…#ResearchPaper #fungi #plants #Botrytis,2022-08-31T19:06:00.000Z,fungalbiology endophytic blastospore beauveria bassiana provide high resistance plant disease cause botrytis cinerea sui et al jilin academy agricultural science china fungi plant botrytis,pest,neutral
862,fungi,biorxiv in plain english,https://twitter.com/biorxivenglish,The fungus Botrytis which makes plants sick uses a support system within cells to create a big force that helps it invade the plant. Its like using a battering ram to break down a castle door.,2023-12-16T20:00:09.000Z,fungus botrytis make plant sick use support system within cell create big force help invade plant like use batter ram break castle door,"pest,usage","negative,neutral"
863,fungi,Roli Roberts,https://twitter.com/RoliRoberts,Bidirectional cross-kingdom RNAi between host plants and fungal pathogen #Botrytis cinerea. @hailingj1 shows how plant cells produce tetraspanin-8-positive #exosomes containing sRNAs and mRNAs to manipulate the fungal proteome #EESSymbiosis,2023-03-08T13:24:58.000Z,bidirectional crosskingdom rnai host plant fungal pathogen botrytis cinerea hailingj1 show plant cell produce tetraspanin8positive exosome contain srna mrnas manipulate fungal proteome eessymbiosis,pest,neutral
864,fungi,Plants MDPI,https://twitter.com/Plants_MDPI,#plants_mdpi Special Issue Botrytis cinerea and Its Interaction with #Host Plants during Infections edited by Dr. Carlos Garrido Dr. Victoria E. González-Rodríguez and Dr. Hernando José Bolivar Anillo is open for submission. https://mdpi.com/journal/plants/special_issues/botrytis_cinerea…,2022-04-12T01:50:25.000Z,plants_mdpi special issue botrytis cinerea interaction host plant infection edit dr carlos garrido dr victoria e gonzlezrodrguez dr hernando jos bolivar anillo open submission,pest,positive
865,fungi,ISTA - International Seed Testing Association,https://twitter.com/ISTAseedtesting,Botrytis Cinerea is the mortal enemy of many plants and responsible for considerable losses of agric produce. @ISTAseedtesting learning how @DanforthCenter researchers were able to find a notable solution to its menace here: https://bit.ly/3gLMoVn #seedquality #seedtesting,2020-09-01T11:01:30.000Z,botrytis cinerea mortal enemy many plant responsible considerable loss agric produce istaseedteste learn danforthcenter researcher able find notable solution menace   seedquality seedtesting,pest,negative
866,fungi,"Biological, Earth & Environmental Sciences, UCC",https://twitter.com/uccBEES,Great to have Dr Raghuram Badmi back in BEES to deliver the Frontiers lecture on his research looking at gene editing for controlling botrytis in strawberry plants.   @UCCResearch @BarbaraDoylePre @raghubadmi,2024-02-02T13:38:00.000Z,great dr raghuram badmi back bee deliver frontier lecture research look gene edit control botrytis strawberry plant    uccresearch barbaradoylepre raghubadmi,pest,positive
867,fungi,Syngenta Ornamentals Kenya,https://twitter.com/SyngentaOCKE,Chorus stands as a resilient defender against botrytis. ​Its enduring protective and curative abilities shine under challenging conditions like Botrytis pressure. ​Achieving rainfastness within 2 hours safeguarding new growth in plants.#ChorusProtection #BotrytisDefense,2024-02-26T10:41:02.000Z,chorus stand resilient defender botrytis endure protective curative ability shine challenge condition like botrytis pressure achieve rainfastness within 2 hour safeguard new growth plantschorusprotection botrytisdefense,pest,positive
868,fungi,Frontiers - Plant Science,https://twitter.com/FrontPlantSci,New Research: Transcriptional profiling of defense responses to Botrytis cinerea infection in leaves of Fragaria vesca plants soil-drenched with β-aminobutyric acid: Grey mold caused by the necrotrophic fungal pathogen Botrytis… https://frontiersin.org/articles/10.3389/fpls.2022.1025422?utm_source=S-TWT&utm_medium=SNET&utm_campaign=ECO_FPLS_XXXXXXXX_auto-dlvrit… #PlantScience #PlantSci,2022-12-08T12:37:32.000Z,new research transcriptional profiling defense response botrytis cinerea infection leave fragaria vesca plant soildrenche aminobutyric acid grey mold cause necrotrophic fungal pathogen botrytis   plantscience plantsci,pest,positive
869,fungi,Annals of Botany,https://twitter.com/annbot,Does the fungus Botrytis cinerea break plants with a sledgehammer or a series of specialised tools?Now in @botanyone http://bit.ly/40NNPtV?utm_campaign=meetedgar&utm_medium=social&utm_source=meetedgar.com…Full paper: https://doi.org/10.1093/pnasnexus/pgac274?utm_campaign=meetedgar&utm_medium=social&utm_source=meetedgar.com…,2023-03-17T07:00:24.000Z,fungus botrytis cinerea break plant sledgehammer series specialised toolsnow botanyone   paper,pest,neutral
870,fungi,bioRxiv Microbiology,https://twitter.com/biorxiv_micrbio,Botrytis cinerea identifies host plants via the recognition of antifungal capsidiol to induce expression of a specific ...  https://biorxiv.org/cgi/content/short/2022.05.11.490027v1… #biorxiv_micrbio,2022-05-12T03:16:44.000Z,botrytis cinerea identify host plant via recognition antifungal capsidiol induce expression specific     biorxiv_micrbio,pest,neutral
871,fungi,bioRxiv Plant Bio,https://twitter.com/biorxiv_plants,β-ionone regulates Arabidopsis thaliana transcriptome and increases its resistance against Botrytis cinerea  https://biorxiv.org/cgi/content/short/2023.05.02.539130v1… #biorxiv_plants,2023-05-04T11:03:39.000Z,ionone regulate arabidopsis thaliana transcriptome increase resistance botrytis cinerea    biorxiv_plant,pest,neutral
872,fungi,Maryanne deGoede,https://twitter.com/MaryanneD49882,The clones I bought last year seemed more susceptible to botrytis than plants grown from seed. I wonder why that was.,2024-01-20T15:36:07.000Z,clone I buy last year seem susceptible botrytis plant grow seed I wonder,pest,neutral
873,fungi,dr. kelsey wood,https://twitter.com/klsywd,How can Botrytis infect so many different plants? Botrytis is diverse! -@nic0lise @SacSciDistilled #scicomm,2019-05-16T01:40:25.000Z,botrytis infect many different plant botrytis diverse nic0lise sacscidistilled scicomm,pest,neutral
874,fungi,Der-shing 德馨 Helmer (@shingworks elsewhere too...),https://twitter.com/shingworks,Welp after months of fighting a vascular infection we finally lost one of our raddest plants to botrytis. Rest in peace you crazy bastard,2022-04-07T22:05:33.000Z,welp month fight vascular infection finally lose one radd plant botrytis rest peace crazy bastard,pest,negative
875,fungi,Frontiers - Plant Science,https://twitter.com/FrontPlantSci,Unveiling Botrytis Breakthroughs! Explore the latest in Botrytis cinerea: Biology Pathogenesis and Interaction with Host Plants  A Research Topic led by Drs. Simone Ferrari and Paulo Canessa #Botrytis #PlantPathology @SapienzaFisVe @SimoneF72643182,2023-11-29T16:27:52.000Z,unveil botrytis breakthrough explore late botrytis cinerea biology pathogenesis interaction host plant   research topic lead drs simone ferrari paulo canessa botrytis plantpathology sapienzafisve simonef72643182,pest,neutral
876,fungi,Animal and Plant Sci,https://twitter.com/animalplantsci,A study published in #PhytopatholRes found that #scopoletin is highly effective against #Botrytis_cinerea infection.,2024-02-23T12:13:04.000Z,study publish phytopatholre find scopoletin highly effective botrytis_cinerea infection,effectiveness,positive
877,fungi,Pickle (Not Was),https://twitter.fcom/Denteen8,Furthermore it’s brought on botrytis to one of my plants and had to cut some of it down 2 weeks early. Thanks Obama.,2021-09-06T16:29:18.000Z,furthermore bring botrytis one plant cut 2 week early thank obama,pest,positive
878,fungi,dr. kelsey wood,https://twitter.com/klsywd,Botrytis infects plants all across the tree of life! It would be like if the common cold infected humans dogs cows and starfish! -@nic0lise @SacSciDistilled #scicomm,2019-05-16T01:38:54.000Z,botrytis infect plant across tree life would like common cold infect human dog cow starfish nic0lise sacscidistilled scicomm,pest,negative
879,fungi,Botany One,https://twitter.com/botanyone,Does the fungus Botrytis cinerea break plants with a sledgehammer or a series of specialised tools?https://ift.tt/GTVpLxg,2023-01-17T18:58:26.000Z,fungusbotrytis cinereabreak plant sledgehammer series specialise tool,overall,neutral
880,fungi,Daniel J Kliebenstein,https://twitter.com/SpicyBotrytis,When you think of plant evolution how many MYA is a old event? How many MYA is a young event?,2024-02-23T19:10:42.000Z,think plant evolution many mya old event many mya young event,overall,neutral
881,fungi,IPNA,https://twitter.com/IPNA_CSIC,#IPNApaper Root treatment with a vitamin K3 derivative: a promising alternative to synthetic fungicides against Botrytis cinerea in tomato plants published in Pest Management Science (@WileyGlobal),2021-11-25T11:30:00.000Z,ipnapaper root treatment vitamin k3 derivative promising alternative synthetic fungicide botrytis cinerea tomato plant publish pest management science wileyglobal,pest,positive
882,fungi,Carlos Garrido,https://twitter.com/cargarri1980,@Plants_MDPINew paper: In Vitro Studies of Endophytic Bacteria Isolated from Ginger (Zingiber officinale) as Potential Plant-Growth-Promoting and Biocontrol Agents against Botrytis cinerea and Colletotrichum acutatum,2024-02-20T05:48:57.000Z,plants_mdpinew paper vitro study endophytic bacteria isolate ginger zingiber officinale potential plantgrowthpromoting biocontrol agents againstbotrytis cinereaandcolletotrichum acutatum,overall,negative
883,fungi,Frontiers - Plant Science,https://twitter.com/FrontPlantSci,New Research: Interaction with the entomopathogenic fungus Beauveria bassiana influences tomato phenome and promotes resistance to Botrytis cinerea infection: Plants are central to complex networks of multitrophic interactions.… https://frontiersin.org/articles/10.3389/fpls.2023.1309747?utm_source=S-TWT&utm_medium=SNET&utm_campaign=ECO_FPLS_XXXXXXXX_auto-dlvrit… #PlantScience #PlantSci,2023-12-19T09:20:34.000Z,new research interaction entomopathogenic fungus beauveria bassiana influence tomato phenome promote resistance botrytis cinerea infection plant central complex network multitrophic interaction   plantscience plantsci,pest,positive
884,fungi,Bryan Daugherty,https://twitter.com/BWDaugherty,I spent a couple summers collecting strawberries and counting bees on experimental farms all around upstate NY. The bees were being used to disperse a special strain of trichoderma from the Middle East directly to the strawberry plants to prevent Botrytis cinerea. Traditionally…,2023-12-06T13:55:33.000Z,I spend couple summer collect strawberry count bee experimental farm around upstate ny bee use disperse special strain trichoderma middle east directly strawberry plant prevent botrytis cinerea traditionally,"usage,pest","positive,negative"
885,fungi,Nature News & Views,https://twitter.com/NatureNV,Amoebicidal compounds that combat Botrytis blight in plants.,2023-02-02T13:19:43.000Z,amoebicidal compound combat botrytis blight plant,pest,negative
886,fungi,Kevin McKernan,https://twitter.com/Kevin_McKernan,Yes.They are very late flowering genetics for Boston climate.Most other plants are loaded with Botrytis this time of year.,2022-09-29T17:19:04.000Z,yesthey late flower genetic boston climatemost plant load botrytis time year,pest,neutral
887,fungi,Daniel J Kliebenstein,https://twitter.com/SpicyBotrytis,Or non-model questions in model systems? It is diversifying the questions as much if not more than the systems. Especially (totally made up example follows) if we study COI1 in the 50th plant but the work focuses on validation rather than uniqueness of the JA in that plant.,2024-02-26T17:12:23.000Z,nonmodel question model system diversify question much system especially totally make example follow study coi1 50th plant work focus validation rather uniqueness ja plant,effectiveness,neutral
888,bacteria,Sherri Sanders UADA White County Ag Agent,https://twitter.com/SherriSanders11,Getting lots of calls about fire blight now. Damage: Leaf bloom twig and branch dieback Control: Prune out affected portions. Sanitize pruners between cuts. Choose resistant cultivars. Apply bactericides at bloom. Ferti-lomeFire Blight Spray®(streptomycin sulfate) is labeled.,2018-03-06T20:59:29.000Z,get lot call fire blight damage leaf bloom twig branch dieback control prune affect portion sanitize pruner cut choose resistant cultivar apply bactericide bloom fertilomefire blight spraystreptomycin sulfate label,"toxicity,pest","positive,negative"
889,bacteria,Agricultural Adaptation Council (AAC),https://twitter.com/adaptcouncil,#FIP project tests fungicides and bactericides to control bacterial spots on tomatoes and peppers: http://ow.ly/k7OUc  #OntAg #FVGO,2013-04-16T19:33:50.000Z,fip project test fungicide bactericide control bacterial spot tomato pepper    ontag fvgo,pest,neutral
890,bacteria,Dr.BD Jade - Sr.Scientist.,https://twitter.com/BDJade1,T 2088#Farmers friends Do not worry about these brown spots on Tissue Culture Banana plants.Do not take any spray of fungicides bactericides.These are Anthocyanin pigments they get abolished as it grows.#JainIrrigation is number 1 in world in TC Banana plants production.,2019-07-28T09:10:48.000Z,2088farmer friend worry brown spot tissue culture banana plantsdo take spray fungicide bactericidesthese anthocyanin pigment get abolish growsjainirrigation number 1 world tc banana plant production,control methods,positive
891,bacteria,Don Penim,https://twitter.com/Don_Penim,in case you were wondering:Fire retardant is 85% water 10% fertilizer & 5% minor ingredients..colorants anti-corrosive material thickeners (clay or natural gum) stabilizers & bactericides according to the USFS public affairs specialist Jennifer Jones.,2019-10-31T04:10:41.000Z,case wonderingfire retardant 85 water 10 fertilizer   5 minor ingredientscolorant anticorrosive material thickener clay natural gum stabilizer   bactericide accord usfs public affair specialist jennifer jones,overall,neutral
892,bacteria,Ch Basit Mustafa,https://twitter.com/basitmustafa86,Another Alarming Situation Bacterial leaf blight (BLB) attack is seen on Super Basmati Paddy.Due to high temperature (above 35°C)High humidity in Air BLB is spreading rapidly.Farmers should take preventive measures and  spray Bactericides to ensure the healthy crop.,2022-09-19T08:25:27.000Z,another alarming situation bacterial leaf blight blb attack see super basmati paddydue high temperature 35chigh humidity air blb spread rapidlyfarmer take preventive measure   spray bactericide ensure healthy crop,"pest,usage,safety","negative,positive"
893,bacteria,Nina van Sorge,https://twitter.com/N_van_sorge,Our manuscript on streptococcal Lancefield antigens and resistance against bactericides phospholipase is out in bioRxiv:  https://biorxiv.org/content/early/2018/02/23/269779…,2018-03-22T19:44:02.000Z,manuscript streptococcal lancefield antigen resistance bactericide phospholipase biorxiv  ,overall,neutral
894,bacteria,TRYPHINE,https://twitter.com/Tryphine01,.@BukoolaChemical  is known for top quality products &customer based services in the range of exceptional insecticides fungicides bactericides immune boosters fertilizers anti-stress chemicals &a number of selective& non-selective herbicides.#CounterfeitPesticides#Twefeeko,2021-04-22T12:59:50.000Z,bukoolachemical   know top quality product customer base service range exceptional insecticide fungicide bactericide immune booster fertilizer antistress chemical number selective nonselective herbicidescounterfeitpesticidestwefeeko,toxicity,positive
895,bacteria,SacValleyOrchards,https://twitter.com/SacOrchards,Do you need more information about disease management in orchard crops? @UCIPMs guide to Fungicides Bactericides and Biologicals for Deciduous Tree Fruit Nut Strawberry and Vine Crops has detailed information about material selection and application- http://ipm.ucanr.edu/PDF/PMG/fungicideefficacytiming.pdf…,2021-07-26T17:01:00.000Z,need information disease management orchard crop ucipm guide fungicide bactericide biological deciduous tree fruit nut strawberry vine crop detail information material selection application,"pest,usage","negative,positive"
896,bacteria,G Shepherd AniHealth,https://twitter.com/GShepherdAH,TK DD Gel Hoof Spray contains effective bactericides to help combat lameness in sheep. Search G Shepherd TK Double D Gel,2023-04-19T07:45:48.000Z,tk dd gel hoof spray contain effective bactericide help combat lameness sheep search g shepherd tk double gel,"usage,effectiveness","positive,positive"
897,bacteria,TRYPHINE,https://twitter.com/Tryphine01,50 years of top quality products and customer based services in the range of exceptional insecticides fungicides bactericides immune boosters fertilizers anti-stress chemicals and a number of selective and non-selective herbicides.#BukoolaAt50,2022-09-08T06:57:45.000Z,50 year top quality product customer base service range exceptional insecticide fungicide bactericide immune booster fertilizer antistress chemical number selective nonselective herbicidesbukoolaat50,toxicity,positive
898,bacteria,Sherri Sanders UADA White County Ag Agent,https://twitter.com/SherriSanders11,Getting lots of calls about fire blight now. Damage: Leaf bloom twig and branch dieback Control: Prune out affected portions. Sanitize pruners between cuts. Choose resistant cultivars. Apply bactericides at bloom. Ferti-lomeFire Blight Spray®(streptomycin sulfate) is labeled.,2018-03-06T20:59:29.000Z,get lot call fire blight damage leaf bloom twig branch dieback control prune affect portion sanitize pruner cut choose resistant cultivar apply bactericide bloom fertilomefire blight spraystreptomycin sulfate label,"toxicity,pest",positive
899,bacteria,Annaparru RBK,https://twitter.com/kannaparru,#Thotabadi program conducted as pre activity creating #awareness on #bio_fertilizers Fungicides bactericides along with practical on a demo layout of plants for observation purpose. #group_dynamics Interaction with farmers on the same. @ap_agriculture @APZBNF @vijaythallam.,2021-07-11T05:13:06.000Z,thotabadi program conduct pre activity create awareness bio_fertilizer fungicide bactericide along practical demo layout plant observation purpose group_dynamic interaction farmer ap_agriculture apzbnf vijaythallam,overall,positive
900,bacteria,Hmadeh,https://twitter.com/Mo_Hmadeh,Our latest with my dear friend and colleague @pkaram_ @fas_aub on MOF_membrane Bactericides is now published and made open access. Congrats to Mo Mo and Patrick @damacet,2023-06-29T18:42:16.000Z,late dear friend colleague pkaram _ fas_aub mof_membrane bactericide publish make open access congrat mo mo patrick damacet,overall,positive
901,bacteria,"Grigory Ostrovskiy, MD",https://twitter.com/GrigoryMD,“Bactericides associated with cerebrovascular aneurysms” from @AlexReynoldsMD Brain/Liver/Gut crosstalk session #NCS2021 Every time I hear about another thing the gut microbiome does it blows my mind. At this point: what doesn’t it do?,2021-10-28T14:02:30.000Z,bactericide associate cerebrovascular aneurysm alexreynoldsmd brainlivergut crosstalk session ncs2021 every time I hear another thing gut microbiome blow mind point,overall,neutral
902,bacteria,OpenCitrusExperience,https://twitter.com/opcitex,Bactericides used for HLB infection did not increase citrus yields http://citrusindustry.net/2018/08/13/no-positive-response-from-bactericides/…,2018-09-09T16:57:58.000Z,bactericide use hlb infection increase citrus yield,usage,negative
903,bacteria,Lianna,https://twitter.com/Liannaaa_k,“This is Bactericides thetaiotamicron I think it’s a member of a fraternity here at UCI” -my physio prof,2020-07-25T05:09:42.000Z,bactericide thetaiotamicron I think member fraternity uci physio prof,overall,neutral
904,bacteria,Szeal,https://twitter.com/Szeal2,Pollution exists also in The countryside  Its just a different set of toxins  from chemicals spread on the fields digestate  from anaerobic digesters which may contain methane  herbicides  pesticides  insecticides  fungicides and bactericides on top of road pollution,2023-07-05T20:51:40.000Z,pollution exist also countryside   different set toxin   chemical spread field digestate   anaerobic digester may contain methane   herbicide   pesticide   insecticide   fungicide bactericide top road pollution,toxicity,negative
905,bacteria,Kingsnake,https://twitter.com/PrestonMcMurry,Fire retardant. 85% water 10% fertilizer and 5% minor ingredients: colorant (iron oxide - rust or fugitive color that fades with exposure to sunlight) thickener (natural gum and clay) corrosion inhibitors stabilizers and bactericides.https://fs.fed.us/rm/fire/documents/envissu.pdf…,2021-06-21T23:03:41.000Z,fire retardant 85 water 10 fertilizer 5 minor ingredient colorant iron oxide   rust fugitive color fade exposure sunlight thicken natural gum clay corrosion inhibitor stabilizer bactericide,pest,neutral
906,bacteria,Chelsey VanDrisse,https://twitter.com/DearBacteria,Bactericides a beneficial gut microbe that converts carbohydrates to fatty acids !!!,2019-01-11T22:02:31.000Z,bactericide beneficial gut microbe convert carbohydrate fatty acid,overall,positive
907,bacteria,EurekaMag,https://twitter.com/EurekaMag,Selection of Bactericides for Controlling Soybean Bacterial Pustule http://dlvr.it/RzPjss,2021-05-09T22:57:02.000Z,selection bactericide control soybean bacterial pustule,overall,neutral
909,bacteria,Tburg STEM,https://twitter.com/TburgSTEM,@TburgSchools Regents Biology students inoculate their Petri dish with bacteria and place 4 bactericides to study the effectiveness of antiseptics disinfectants and antibiotics used in our every day lives. #TburgSTEM,2018-02-13T20:18:13.000Z,tburgschool regent biology student inoculate petri dish bacteria place 4 bactericide study effectiveness antiseptic disinfectant antibiotic use every day live tburgstem,"effectiveness,usage","neutral,positive"
910,bacteria,LOSEV_EN,https://twitter.com/losev_en,The group Fungicides and bactericides was the most sold group of pesticides in the EU in 2019.  https://ec.europa.eu/eurostat/statistics-explained/index.php?title=Agri-environmental_indicator_-_consumption_of_pesticides… #Eurostat #StatisticsExplained @ustunezer,2021-08-09T12:45:58.000Z,group fungicide bactericide sell group pesticide eu 2019    eurostat statisticsexplaine ustunezer,overall,neutral
911,bacteria,Kenton Porker,https://twitter.com/kentonp_ag,On ground in WA for @far_australia . Hard work in protocol development has begun in new @theGRDC investment exploring in season management for frost!cryoprotectants bactericides defoliation on top of sowing time and phenology.Great site @BrentonLeske @AmanuelBekuma @Living_Farm,2022-07-29T07:39:23.000Z,ground wa far_australia   hard work protocol development begin new thegrdc investment explore season management frostcryoprotectant bactericide defoliation top sow time phenologygreat site brentonleske amanuelbekuma living_farm,control methods,positive
912,bacteria,Doing Things Differently,https://twitter.com/dtdchange,European Food Safety Authority re-confirms toxicity of organic pesticide https://euractiv.com/section/agriculture-food/news/efsa-re-confirms-toxicity-of-organic-pesticide-exposes-pest-committee-boss… Copper compounds are authorised in the EU as bactericides and fungicides,2018-10-07T04:53:00.000Z,european food safety authority reconfirm toxicity organic pesticide   copper compound authorise eu bactericide fungicide,"safety,toxicity","negative,negative"
914,bacteria,EurekaMag,https://twitter.com/EurekaMag,Optimum Spray Program of Preventive Bactericides for the Control of Bacterial Blossom Blight of Kiwifruit http://dlvr.it/RyZByL,2021-04-27T21:25:04.000Z,optimum spray program preventive bactericide control bacterial blossom blight kiwifruit,control methods,positive
915,bacteria,Szeal,https://twitter.com/Szeal2,It not just air pollution in towns In the countryside there are large farm machinery  also making  Air pollutionAlso The herbicides  pesticides insecticides bactericides  etc Spread on fields can also pollute  not just the air but our  water as well,2023-07-14T07:45:37.000Z,air pollution town countryside large farm machinery   also make   air pollutionalso herbicide   pesticide insecticide bactericide   etc spread field also pollute   air   water well,overall,negative
916,bacteria,LCPO,https://twitter.com/LCPO_Bordeaux,Now Pr Véronique Coma presents results on new biobased materials like anti-fungi coatings and bactericides,2019-09-06T08:06:13.000Z,pr vronique coma present result new biobase material like antifungi coating bactericide,effectiveness,neutral
917,bacteria,Fuck Every Word 2.0,https://twitter.com/fckeveryword,fuck bactericides,2021-02-24T23:30:03.000Z,fuck bactericide,overall,negative
918,bacteria,AgNet West,https://twitter.com/AgNetWest,#FarmCityNewsday: What caused a decrease in #ACP populations in Southern #California support @4H through their newest campaign ‘Raise Your Hand’ how #HLB #Bactericides affect humans and highlights from a recent @CaFarmBureau survey on #farm #labor. http://agnetwest.com/farm-city-newsday-wednesday-05-01-19/…,2019-05-01T15:10:36.000Z,farmcitynewsday cause decrease acp population southern california support 4h new campaign raise hand hlb bactericide affect human highlight recent cafarmbureau survey farm labor,overall,neutral
919,bacteria,City Farmer,https://twitter.com/city_farmer1,Insecticides - kill insects  Fungicides-kill fungi Bactericides-kill bacteria  Herbicides-kill weeds Nematocides-kill nematodes  Miticides-kill mites & ticks Rodenticides-kill rodent Molluscides-kill mollusks  Avicides- kill birds We have all enough for you,2023-01-09T10:02:08.000Z,insecticide   kill insect   fungicideskill fungi bactericideskill bacteria   herbicideskill weed nematocideskill nematode   miticideskill mites   tick rodenticideskill rodent molluscideskill mollusk   avicide kill bird enough,pest,neutral
920,bacteria,Burton D'poet,https://twitter.com/burton_dpoet,We are known for top quality products and customerbased services in the range of exceptional insecticidesfungicides bactericides immune boosters fertilizersanti-stress chemicals and a number of selective andnon-selective herbicides.#BukoolaAt50,2022-09-08T06:52:46.000Z,know top quality product customerbased service range exceptional insecticidesfungicide bactericide immune booster fertilizersantistress chemical number selective andnonselective herbicidesbukoolaat50,toxicity,positive
921,bacteria,Crown Paints,https://twitter.com/CrownPaintsPLC,Be it in food courts hospitals clinics and offices our Crown Medicryl Silk Emulsion is the right paint for the job as it contains bactericides to fight bacterial and fungus growth.Call our call centre to order 0709887000#CrownMedicryl #CrownPaintsKE,2020-08-05T09:00:06.000Z,food court hospital clinic office crown medicryl silk emulsion right paint job contain bactericide fight bacterial fungus growthcall call centre order 0709887000crownmedicryl crownpaintske,control methods,positive
922,bacteria,𝗔𝗴𝗿𝗶𝗰𝗼𝗺𝗽 𝗖𝗼𝗺𝗺𝗼𝗱𝗶𝘁𝗶𝗲𝘀,https://twitter.com/Agricomp,With the excess rains in the southern states of #Brazil diseases such as asian rust and bacteriosis appears threatening the #soybeans and #corn health and potential yields.Producers are already on the 3rd application of bactericides & fungicides fighting against the extreme…,2023-11-16T07:48:42.000Z,excess rain southern state brazil disease asian rust bacteriosis appear threaten soybean corn health potential yieldsproducer already 3rd application bactericide   fungicide fight extreme,"pest,usage","negative,positive"
923,bacteria,Siobhán McClean,https://twitter.com/mcclean_siobhan,Low #Bactericides abundance in gut of babies with CF implicated inflammation in CF #NACFC2019,2019-11-02T16:10:02.000Z,low bactericide abundance gut baby cf implicate inflammation cf nacfc2019,overall,negative
924,bacteria,Frontiers - Plant Science,https://twitter.com/FrontPlantSci,New Research: Biological Control of Tomato Bacterial Wilt Kimchi Cabbage Soft Rot and Red Pepper Bacterial Leaf Spot Using Paenibacillus elgii JCK-5075: The over and repeated use of chemical bactericides to control plant… https://frontiersin.org/articles/10.3389/fpls.2020.00775?utm_source=S-TWT&utm_medium=SNET&utm_campaign=ECO_FPLS_XXXXXXXX_auto-dlvrit… #PlantScience #PlantSci,2020-08-07T15:56:31.000Z,new research biological control tomato bacterial wilt kimchi cabbage soft rot red pepper bacterial leaf spot use paenibacillus elgii jck5075 repeat use chemical bactericide control plant   plantscience plantsci,control methods,neutral
925,bacteria,Nutrition Detective  - Dr. Garrett Smith,https://twitter.com/NutriDetect,This is for the cOpPeR tOxIcItY dOeSnT eXiSt!!! people...Copper pesticides are copper compounds used as bactericides algaecides or fungicides.From the paper Copper as a biocidal tool:Today copper is used as a...nematocide molluscicide...also displays potent…,2024-01-01T23:21:35.000Z,copper toxicity exist peoplecopper pesticide copper compound use bactericide algaecide fungicidesfrom paper copper biocidal tooltoday copper use anematocide molluscicidealso display potent,"toxicity,usage","negative,positive"
926,bacteria,Frank N. Foode,https://twitter.com/franknfoode,Its Citrus Day for the Industry in Riverside CA! The first thing I learned about were Citrus Greening-sniffing dogs. Peggy Mauk talked about how they can be used for early detection of #huanglongbing. Emergency bactericides may help protect positive trees. #UCRCitrusDay,2019-01-29T16:56:25.000Z,citrus day industry riverside first thing I learn citrus greeningsniffe dog peggy mauk talk use early detection huanglongbe emergency bactericide may help protect positive tree ucrcitrusday,control methods,positive
927,bacteria,daydreaming of art,https://twitter.com/daaaydreamerrr,Where are my plants lovers at?! I have two spots open for a syngonium leaf shape wall hanging,2020-12-10T18:10:38.000Z,plant lover I two spot open syngonium leaf shape wall hang,pest,neutral
928,bacteria,Luné,https://twitter.com/lunefemme_,I have (5) spots open for nude commissions  for $25 Ill have examples of different things that can be added below and pics in the comments. - can add gold leaf pressed flowers/plants text doodles/designs- 5×7in on handmade paper,2019-02-06T00:08:36.000Z,I 5 spot open nude commission   25 ill example different thing add pic comment   add gold leaf press flowersplant text doodlesdesign 57 handmade paper,pest,neutral
929,bacteria,The Ineffable Chronicles Podcast,https://twitter.com/ineffableccast,Name: Anthony J Crowley Age: 6000 years and countingSpecies: Demon Likes: Space The Bentley Aziraphale  Queen Well behaved plantsDislikes: Armageddon  Leaf spotsI do hope you enjoy the podcast even though Aziraphale woke me up to participate...- Crowley,2020-10-20T17:31:56.000Z,name anthony j crowley age 6000 year countingspecie demon like space bentley aziraphale   queen well behave plantsdislike armageddon   leaf spotsi hope enjoy podcast even though aziraphale wake I participate crowley,pest,neutral
930,bacteria,Evergreen Em,https://twitter.com/Em_Evergreen,Polka dot leaves#gardenshour #sporangia #spores #spots #polkadot #garden #plants #gardening #leaf #nature #nature #mondaythoughts,2020-01-06T21:06:50.000Z,polka dot leavesgardenshour sporangia spore spot polkadot garden plant gardening leaf nature nature mondaythought,pest,neutral
931,bacteria,Rick Graham,https://twitter.com/RickGraham15,Interesting to see some barley varieties developing physiological leaf spots (PLS). Importantly PLS is not caused by a pathogen and applying a fungicide will provide no control. If uncertain as to the cause of leaf spotting consult your agronomist/advisor or plant pathologist.,2022-10-05T11:04:10.000Z,interesting see barley variety develop physiological leaf spot pls importantly pls cause pathogen apply fungicide provide control uncertain cause leaf spotting consult agronomistadvisor plant pathologist,pest,neutral
932,bacteria,Richard Jones,https://twitter.com/bugmanjones,Ladybird just bit me. Tiny nip. That hasn’t happened since heatwave of 1976 and massed flights of 7-spots in search of food. Aphid predators but when landing from flight they taste the leaf to detect plant defence chemicals that indicate if plant is under attack from aphids.,2020-06-01T14:22:54.000Z,ladybird bite I tiny nip happen since heatwave 1976 mass flight 7spot search food aphid predator land flight taste leaf detect plant defence chemical indicate plant attack aphid,control methods,neutral
933,bacteria,GreenGro International Ltd,https://twitter.com/greengroint,When it comes to #tomatofarming..early blight late blight and leaf spots are the most common diseases.   PREVENTION1.Remove diseased leaves as soon as they appear.2.Improve air circulation around plants.3.Mulch around the base of plants to reduce water splashing...#ORGANIC,2019-04-23T07:45:30.000Z,come tomatofarmingearly blight late blight leaf spot common disease    prevention1remove disease leave soon appear2improve air circulation around plants3mulch around base plant reduce water splashingorganic,control methods,positive
934,bacteria,Wendy Matashu Madzura,https://twitter.com/WendyMadzura,SUGAR BEAN GROWING SEASON VARIETY:SC BOUNTY (speckled)☆ Yield potential (1.5 - 2.5t per ha) ☆ Disease resistance to rust anthracnose & leaf spots☆ ALWAYS plant certified seedAGRONOMY TIP Maggots reduce crop stand contact your Agronomist#ItStartsWithTheRightSeed,2020-01-28T15:12:14.000Z,sugar bean grow season varietysc bounty speckle yield potential 15   25 per ha   disease resistance rust anthracnose   leaf spot always plant certify seedagronomy tip maggot reduce crop stand contact agronomistitstartswiththerightseed,pest,positive
936,bacteria,Ed Sikora,https://twitter.com/alabamaED,Phomopsis leaf blight on strawberry in garden. Fungal disease that can weaken plants. Tiny black spots in brown tissue are spore-producing pycnidia. Control by using disease-free plants removing infected leaves good air circulation & fungicides when needed #Plantdisease #Fungi,2022-12-07T03:48:02.000Z,phomopsis leaf blight strawberry garden fungal disease weaken plant tiny black spot brown tissue sporeproduce pycnidia control use diseasefree plant remove infected leave good air circulation   fungicide need plantdisease fungus,control methods,positive
937,bacteria,MyrtleRustMartino,https://twitter.com/_Alyssa_Martino,Can you spot the myrtle rust infection? #Myrtlerust infects young growth of plants in the family Myrtaceae. In the early stages on infection some common symptoms are:  Raised spots on the leaf surface Dark halos on the leaf surface Distortion of the leaf margins,2023-02-13T04:00:07.000Z,spot myrtle rust infection myrtlerust infect young growth plant family myrtaceae early stage infection common symptom   raise spot leaf surface dark halo leaf surface distortion leaf margin,pest,neutral
939,bacteria,Guido Masé,https://twitter.com/herbalist,Plant of the day: lungwort (Pulmonaria officinalis). Another Boraginacea with pyrrolizidine alkaloids and like all its cousins soothing and bristly all at once. The leaf is unique and blotchy. Loves the shady spots,2020-05-08T00:49:48.000Z,plant day lungwort pulmonaria officinalis another boraginacea pyrrolizidine alkaloid like cousin soothe bristly leaf unique blotchy love shady spot,pest,neutral
940,bacteria,Ed Sikora,https://twitter.com/alabamaED,Neopestalotiopsis on strawberry causes leaf & fruit spots but can also infect root/crowns causing plant death. Black fruiting bodies are visible in lesions. Yield can be severely affected & entire fields destroyed. The pathogen can spread quickly b/w fields #strawberry #fungi,2022-04-06T02:38:25.000Z,neopestalotiopsis strawberry cause leaf   fruit spot also infect rootcrown cause plant death black fruiting body visible lesion yield severely affect   entire field destroy pathogen spread quickly bw field strawberry fungus,pest,negative
941,bacteria,UAEX Miller Co Ag,https://twitter.com/UAEX_MillerCoAg,#Poinsettia Scab can infect stems & leaves w/sm. spots on leaf blade. Plants may tower above rest. Disease by high humidity & wet growing. Remove diseased plants from #greenhouse. Heritage mancozeb chlorothalonil or chlorothalonil-thiophanate mixes eff. https://bit.ly/2SLUMY1,2019-09-16T14:21:28.000Z,poinsettia scab infect stem   leave wsm spot leaf blade plant may tower rest disease high humidity   wet grow remove disease plant greenhouse heritage mancozeb chlorothalonil chlorothalonilthiophanate mix eff,control methods,positive
942,bacteria,David Bertioli,https://twitter.com/BotanyBert,Drone images of our peanut field trial at University of Georgia Midville being collected by @PrecAgEngineer!These plants incorporate new very strong wild species-derived sources of resistance to nematodes and foliar fungi (leaf spots and rust),2020-08-29T09:35:00.000Z,drone image peanut field trial university georgia midville collect precagengineerthese plant incorporate new strong wild speciesderive source resistance nematode foliar fungus leaf spot rust,pest,neutral
943,bacteria,Jordan Ward,https://twitter.com/Jordan_D_Ward,Any folks have an idea what might cause this on bean plants? Seeing brown spots leaf yellowing eventual leaf deaths. A few plants are dead others limping along. Not overwatering. Currently trying to adjust soil pH (is too alkaline) and supplement with nitrogen and manganese.,2020-07-02T17:15:10.000Z,folk idea might cause bean plant see brown spot leaf yellow eventual leaf death plant dead limp along overwatere currently try adjust soil ph alkaline supplement nitrogen manganese,pest,negative
944,bacteria,"Pallas, Astrologer, The Answer Is Always Venus",https://twitter.com/nineofwands,get a virgo a plant so they can spend hours online trying to diagnose leaf spots instead of themselves,2020-07-05T15:23:25.000Z,get virgo plant spend hour online try diagnose leaf spot instead,pest,neutral
945,bacteria,Albaugh Specialty Products,https://twitter.com/AlbaughTurf,AzProp Select™ is recommended for the control of certain pathogens causing foliar stem and root diseases including leaf and stem blights leaf spots mildews anthracnose fairy rings molds and rusts of turfgrass plants. Learn more: https://prime-sourcellc.com/products/azprop-select/…#Fungicides,2020-01-16T00:30:00.000Z,azprop select recommend control certain pathogen cause foliar stem root disease include leaf stem blight leaf spot mildew anthracnose fairy ring mold rust turfgrass plant learn,pest,positive
946,bacteria,Gardening Know How,https://twitter.com/gardenknowhow,What Causes Begonia Leaf Spot: Treating Leaf Spots On Begonia Plants http://bit.ly/2Xz4hjR,2019-06-26T13:03:23.000Z,cause begonia leaf spot treat leaf spot begonia plant,pest,neutral
947,bacteria,John Olive,https://twitter.com/SouthALPlantDoc,Powdery mildew beginning to show up on hydrangeas. Sometimes symptoms are not obvious and powder is not apparent. Multiple fungal leaf spots soon to follow.  Time to begin preventative fungicide sprays before plants are overwhelmed.,2020-04-09T11:51:50.000Z,powdery mildew begin show hydrangea sometimes symptom obvious powder apparent multiple fungal leaf spot soon follow   time begin preventative fungicide spray plant overwhelmed,"pest,usage","negative,positive"
948,bacteria,Carl Beech,https://twitter.com/plantsbloke,The extreme heat caused some leaf burn on the acers and I’ve had to move various plants to different spots. So this is the top patio as it stands. I’ll be putting some thought into what to have here going forwards but the acers at least will stay put. #gardening,2022-08-10T06:11:05.000Z,extreme heat cause leaf burn acer I move various plant different spot top patio stand ill put thought go forward acer least stay put garden,pest,neutral
950,bacteria,Tom Allen,https://twitter.com/baldpathologist,Walked some corn fields Saturday. Spotted a little Physoderma brown spot in one field on scattered plants. Not a common MS disease. Leaf symptoms look like sandpaper abrasion. The brown spots on the midrib and on leaves around the stalk are key symptoms @corndisease #mscrops,2019-06-09T13:07:32.000Z,walk corn field saturday spot little physoderma brown spot one field scatter plant common ms disease leaf symptom look like sandpaper abrasion brown spot midrib leave around stalk key symptom corndisease mscrop,pest,negative
951,bacteria,Jesse Miller @texosporium.bsky.social,https://twitter.com/Texosporium,It doesn’t get much better than epiphytes on epiphytes—the little grey spots are epiphyllous (leaf-dwelling) lichens on epiphytic vascular plants in the rainforest canopy. Alajuela province Costa Rica,2019-12-23T17:19:48.000Z,get much well epiphyte epiphytesthe little grey spot epiphyllous leafdwelle lichen epiphytic vascular plant rainfor canopy alajuela province costa rica,pest,positive
952,bacteria,Ed Sikora,https://twitter.com/alabamaED,Phoma rot can attack foliage stems & fruit of tomato. Plant injury (insects) promotes infection. Leaf spots are brown/black & slightly sunken & develop concentric rings with black pycnidia. At first I thought it was early blight/target spot #Plantdisease #Fungi #Tomato,2022-08-31T12:57:43.000Z,phoma rot attack foliage stem   fruit tomato plant injury insect promote infection leaf spot brownblack   slightly sink   develop concentric ring black pycnidia first I think early blighttarget spot plantdisease fungi tomato,pest,negative
953,bacteria,British Society for Plant Pathology,https://twitter.com/BS_PP,Test your knowledge with @CABI_Plantwise quiz for September! Leaf spots are common symptoms for plant pathologists. What clues will aid in identification of the cause?#PlantHealth #IYPH #IYPH2020 #PlantDisease @CABI_News Quiz link: http://ow.ly/utHA50BCOSt,2020-09-28T09:21:56.000Z,test knowledge cabi_plantwise quiz september leaf spot common symptom plant pathologist clue aid identification causeplanthealth iyph iyph2020 plantdisease cabi_new quiz link,pest,neutral
955,bacteria,Hpathy,https://twitter.com/Hpathy,“The Plant Doctor Radko Tichavsky answers questions this month on fire blight codling moth and plum curculio on an apple farm Strawberry plants with leaf spots aphids in almond trees and much more!” https://buff.ly/3yqzRQl,2021-06-11T04:30:13.000Z,plant doctor radko tichavsky answer question month fire blight codle moth plum curculio apple farm strawberry plant leaf spot aphid almond tree much,pest,neutral
956,bacteria,Gardening Know How,https://twitter.com/gardenknowhow,What Is Rice Brown Leaf Spot – Treating Brown Spots On Rice Crops http://bit.ly/2Tb3Ee7 #rice #plants,2019-02-22T14:55:39.000Z,rice brown leaf spot   treat brown spot rice crop   rice plant,pest,neutral
957,bacteria,UNHCE Grafton County,https://twitter.com/UNHCEGrafton,Have you noticed brown and yellow spots on your tomato plants this year?  Fungal leaf spots can be a serious problem in home vegetable gardens reducing yields and impacting fruit quality. For more information on managing these plant concerns check... https://extension.unh.edu/blog/how-can-i-keep-my-tomatoes-getting-leaf-spots…,2018-07-18T11:51:18.000Z,notice brown yellow spot tomato plant year   fungal leaf spot serious problem home vegetable garden reduce yield impact fruit quality information manage plant concern check,pest,negative
958,bacteria,COST Action CA16107,https://twitter.com/EuroXanth,Complete Genome Sequences of Three Isolates of Xanthomonas fragariae the Bacterium Responsible for Angular Leaf Spots on Strawberry Plants | @scoopit http://sco.lt/4l6qYL,2018-09-22T22:09:01.000Z,complete genome sequence three isolate xanthomonas fragariae bacterium responsible angular leaf spot strawberry plant   scoopit,pest,neutral
960,bacteria,Ed Sikora,https://twitter.com/alabamaED,I Walk along tree lines when scouting for soybean diseases. Plants are often exposed to longer periods of dew b/c of the shade of trees. Ideal spots for initial outbreak of aerial web blight Frogeye leaf spot Target spot &  soybean rust  #APS2023 # PlantHealth 2023 #CropNetwork,2023-08-14T05:48:27.000Z,I walk along tree line scout soybean disease plant often expose long period dew bc shade tree ideal spot initial outbreak aerial web blight frogeye leaf spot target spot    soybean rust   aps2023   planthealth 2023 cropnetwork,pest,neutral
962,bacteria,Marina Bracale,https://twitter.com/MarinaBracale,Fungal diseases of non-conventional food plants: first report of Stagonosporopsis caricae causing leaf spots on Vasconcellea monoica51° Congresso Brasileiro de Fitopatologia#51cbfito #ufv #phdlife #WomenInScience #micology,2019-08-27T21:20:12.000Z,fungal disease nonconventional food plant first report stagonosporopsis caricae cause leaf spot vasconcellea monoica51 congresso brasileiro de fitopatologia51cbfito ufv phdlife womeninscience micology,pest,neutral
963,bacteria,Premier Agent TV Coming Soon to Roku,https://twitter.com/PremierAgentTV,What Causes Spinach Leaf Spots – Reasons For Leaf Spots On Spinach Plants http://upflow.co/l/rl6r,2018-02-18T23:48:16.000Z,cause spinach leaf spot   reason leaf spot spinach plant,pest,neutral
964,bacteria,"Desiree L. Narango, PhD",https://twitter.com/DLNarango,Check out this new comic! Even if your trees support lots of insects they need habitat below to complete lifecycles too. Reduce your lawn retain leaf litter & plant shade-tolerant wildflowers to create soft landings for insects & foraging spots for birds. #plantsforwildlife,2021-07-15T17:58:11.000Z,check new comic even tree support lot insect need habitat complete lifecycle reduce lawn retain leaf litter   plant shadetolerant wildflower create soft landing insect   forage spot bird plantsforwildlife,control methods,positive
965,bacteria,Ed Sikora,https://twitter.com/alabamaED,Cercospora leaf spot on hydrangea. Small round purple lesions develop first enlarging into angular spots w/t tan centers & a purple border. Plants were hit by a hard freeze in late spring causing dieback. Removal of dead leaves in fall will help reduce disease #Fungi #ACES,2023-08-24T23:45:08.000Z,cercospora leaf spot hydrangea small round purple lesion develop first enlarge angular spot wt tan center   purple border plant hit hard freeze late spring cause dieback removal dead leave fall help reduce disease fungus ace,control methods,positive
966,bacteria,Ed Sikora,https://twitter.com/alabamaED,Cercospora leaf spot on hydrangea. Small round purple lesions develop first enlarging into angular spots w/t tan centers & a purple border. Plants were hit by a hard freeze in late spring causing dieback. Removal of dead leaves in fall will help reduce disease #Fungi #ACES,2023-08-24T23:45:08.000Z,cercospora leaf spot hydrangea small round purple lesion develop first enlarge angular spot wt tan center   purple border plant hit hard freeze late spring cause dieback removal dead leave fall help reduce disease fungus ace,control methods,positive
967,bacteria,Patricia,https://twitter.com/patiswhereitsat,theses spots on #ti leaf plants are also symptoms of #herbicide drift,2021-07-11T02:32:56.000Z,theses spot ti leaf plant also symptom herbicide drift,pest,neutral
968,bacteria,Wiley Plant Science,https://twitter.com/wileyplantsci,Lentil is one of the most consumed legumes in Algeria but in 2020 necrotic leaf spots were observed in leaf plants.Check out this New Disease Report of Bipolaris sorokiniana causing spot blotch of lentil.#OpenAccess >> http://ow.ly/Hkdk50EIHzW @BS_PP,2021-05-11T11:35:04.000Z,lentil one consume legume algeria 2020 necrotic leaf spot observe leaf plantscheck new disease report bipolaris sorokiniana cause spot blotch lentilopenaccess    bs_pp,pest,neutral
969,bacteria,Ed Sikora,https://twitter.com/alabamaED,Cercospora leaf spot on hydrangea. Small round purple lesions develop first enlarging into angular spots w/t tan centers & a purple border. Plants were hit by a hard freeze in late spring causing dieback. Removal of dead leaves in fall will help reduce disease #Fungi #ACES,2023-08-24T23:45:08.000Z,cercospora leaf spot hydrangea small round purple lesion develop first enlarge angular spot wt tan center   purple border plant hit hard freeze late spring cause dieback removal dead leave fall help reduce disease fungus ace,control methods,positive
970,bacteria,Patricia,https://twitter.com/patiswhereitsat,theses spots on #ti leaf plants are also symptoms of #herbicide drift,2021-07-11T02:32:56.000Z,theses spot ti leaf plant also symptom herbicide drift,pest,neutral
971,bacteria,Wiley Plant Science,https://twitter.com/wileyplantsci,Lentil is one of the most consumed legumes in Algeria but in 2020 necrotic leaf spots were observed in leaf plants.Check out this New Disease Report of Bipolaris sorokiniana causing spot blotch of lentil.#OpenAccess >> http://ow.ly/Hkdk50EIHzW @BS_PP,2021-05-11T11:35:04.000Z,lentil one consume legume algeria 2020 necrotic leaf spot observe leaf plantscheck new disease report bipolaris sorokiniana cause spot blotch lentilopenaccess    bs_pp,pest,neutral
972,bacteria,John Olive,https://twitter.com/SouthALPlantDoc,Some nice angular leaf spots on Viburnum caused by downy mildew. These plants are heavily infected and a lot of leaf drop but usually with our hot summers the disease is halted and the plants recover.,2021-05-17T14:06:12.000Z,nice angular leaf spot viburnum cause downy mildew plant heavily infect lot leaf drop usually hot summer disease halt plant recover,pest,negative
973,bacteria,Patricia,https://twitter.com/patiswhereitsat,theses spots on #ti leaf plants are also symptoms of #herbicide drift,2021-07-11T02:32:56.000Z,theses spot ti leaf plant also symptom herbicide drift,pest,neutral
974,bacteria,Wiley Plant Science,https://twitter.com/wileyplantsci,Lentil is one of the most consumed legumes in Algeria but in 2020 necrotic leaf spots were observed in leaf plants.Check out this New Disease Report of Bipolaris sorokiniana causing spot blotch of lentil.#OpenAccess >> http://ow.ly/Hkdk50EIHzW @BS_PP,2021-05-11T11:35:04.000Z,lentil one consume legume algeria 2020 necrotic leaf spot observe leaf plantscheck new disease report bipolaris sorokiniana cause spot blotch lentilopenaccess    bs_pp,pest,neutral
975,bacteria,John Olive,https://twitter.com/SouthALPlantDoc,Some nice angular leaf spots on Viburnum caused by downy mildew. These plants are heavily infected and a lot of leaf drop but usually with our hot summers the disease is halted and the plants recover.,2021-05-17T14:06:12.000Z,nice angular leaf spot viburnum cause downy mildew plant heavily infect lot leaf drop usually hot summer disease halt plant recover,pest,negative
976,bacteria,Hortikart,https://twitter.com/hortikart1,If you are not careful leaf spots can lead to the defoliation of the plant and reduced growth. Check out these quick tips to prevent leaf spots in your plants. #leafspots #plantdisease #organic #organicfarming #freshvegetables #healthy #hortikart,2022-05-10T04:49:47.000Z,careful leaf spot lead defoliation plant reduced growth check quick tip prevent leaf spot plant leafspot plantdisease organic organicfarming freshvegetable healthy hortikart,control methods,positive
977,bacteria,John Olive,https://twitter.com/SouthALPlantDoc,Some nice angular leaf spots on Viburnum caused by downy mildew. These plants are heavily infected and a lot of leaf drop but usually with our hot summers the disease is halted and the plants recover.,2021-05-17T14:06:12.000Z,nice angular leaf spot viburnum cause downy mildew plant heavily infect lot leaf drop usually hot summer disease halt plant recover,pest,negative
978,bacteria,Hortikart,https://twitter.com/hortikart1,If you are not careful leaf spots can lead to the defoliation of the plant and reduced growth. Check out these quick tips to prevent leaf spots in your plants. #leafspots #plantdisease #organic #organicfarming #freshvegetables #healthy #hortikart,2022-05-10T04:49:47.000Z,careful leaf spot lead defoliation plant reduced growth check quick tip prevent leaf spot plant leafspot plantdisease organic organicfarming freshvegetable healthy hortikart,control methods,positive
980,bacteria,Hortikart,https://twitter.com/hortikart1,If you are not careful leaf spots can lead to the defoliation of the plant and reduced growth. Check out these quick tips to prevent leaf spots in your plants. #leafspots #plantdisease #organic #organicfarming #freshvegetables #healthy #hortikart,2022-05-10T04:49:47.000Z,careful leaf spot lead defoliation plant reduced growth check quick tip prevent leaf spot plant leafspot plantdisease organic organicfarming freshvegetable healthy hortikart,control methods,positive
982,bacteria,Karius,https://twitter.com/KariusInc,The Karius Test first detected #Alternaria #alternata in 2017. This is a #fungus that causes leaf spots and rot in plants. Exposure to its airborne spores is a risk factor for #asthma and can cause upper respiratory #infections in #immunocompromised hosts. #PathogenProfile,2019-05-12T17:45:03.000Z,karius test first detect alternaria alternata 2017 fungus cause leaf spot rot plant exposure airborne spore risk factor asthma cause upper respiratory infection immunocompromise host pathogenprofile,"pest,safety","negative,negative"
984,bacteria,Karius,https://twitter.com/KariusInc,The Karius Test first detected #Alternaria #alternata in 2017. This is a #fungus that causes leaf spots and rot in plants. Exposure to its airborne spores is a risk factor for #asthma and can cause upper respiratory #infections in #immunocompromised hosts. #PathogenProfile,2019-05-12T17:45:03.000Z,karius test first detect alternaria alternata 2017 fungus cause leaf spot rot plant exposure airborne spore risk factor asthma cause upper respiratory infection immunocompromise host pathogenprofile,"pest,safety","negative,negative"
985,bacteria,nat,https://twitter.com/555natalie555,These are the plants Im appreciating today. My birkin thats thriving in my bathroom and my fiddle leaf fig that hasnt dropped leaves since changes spots  Tell your plants I said hi.,2022-10-28T00:39:39.000Z,plant I appreciate today birkin thrive bathroom fiddle leaf fig drop leave since change spot   tell plant I say hi,pest,positive
986,bacteria,Aziraphale,https://twitter.com/AZFellBooks,Do I miracle away leaf spots so Crowleys plants dont get screamed at so harshly? Noooo I would never do such a thing.,2020-05-20T15:29:23.000Z,I miracle away leaf spot crowley plant get scream harshly noooo I would never thing,control methods,negative
987,bacteria,Val Bradley,https://twitter.com/valgardening,In #SunGardening today: thoughts on Chelsea Flower show #win a @woodlodge_uk garden #fireplace supporting plants replacing our #elm trees grey water leaf spots courgettes & pruning Japanese maples.,2019-06-08T06:36:21.000Z,sungardening today thought chelsea flower show win woodlodge_uk garden fireplace support plant replace elm tree grey water leaf spot courgette   prune japanese maple,control methods,neutral
988,bacteria,Karius,https://twitter.com/KariusInc,The Karius Test first detected #Alternaria #alternata in 2017. This is a #fungus that causes leaf spots and rot in plants. Exposure to its airborne spores is a risk factor for #asthma and can cause upper respiratory #infections in #immunocompromised hosts. #PathogenProfile,2019-05-12T17:45:03.000Z,karius test first detect alternaria alternata 2017 fungus cause leaf spot rot plant exposure airborne spore risk factor asthma cause upper respiratory infection immunocompromise host pathogenprofile,"pest,safety","negative,negative"
989,bacteria,nat,https://twitter.com/555natalie555,These are the plants Im appreciating today. My birkin thats thriving in my bathroom and my fiddle leaf fig that hasnt dropped leaves since changes spots  Tell your plants I said hi.,2022-10-28T00:39:39.000Z,plant I appreciate today birkin thrive bathroom fiddle leaf fig drop leave since change spot   tell plant I say hi,pest,positive
990,bacteria,Aziraphale,https://twitter.com/AZFellBooks,Do I miracle away leaf spots so Crowleys plants dont get screamed at so harshly? Noooo I would never do such a thing.,2020-05-20T15:29:23.000Z,I miracle away leaf spot crowley plant get scream harshly noooo I would never thing,control methods,negative
991,bacteria,Val Bradley,https://twitter.com/valgardening,In #SunGardening today: thoughts on Chelsea Flower show #win a @woodlodge_uk garden #fireplace supporting plants replacing our #elm trees grey water leaf spots courgettes & pruning Japanese maples.,2019-06-08T06:36:21.000Z,sungardening today thought chelsea flower show win woodlodge_uk garden fireplace support plant replace elm tree grey water leaf spot courgette   prune japanese maple,control methods,neutral
992,bacteria,MycoKeys,https://twitter.com/MycoKeys,Тwo #NewSpecies of Scolecobasidium #fungi are described from leaf spots of true #mangrove plants in Zhuhai China.Read more: https://doi.org/10.3897/mycokeys.96.100621…,2023-03-30T14:28:03.000Z,newspecie scolecobasidium fungus describe leaf spot true mangrove plant zhuhai chinaread,control methods,neutral
993,bacteria,Aziraphale,https://twitter.com/AZFellBooks,Do I miracle away leaf spots so Crowleys plants dont get screamed at so harshly? Noooo I would never do such a thing.,2020-05-20T15:29:23.000Z,I miracle away leaf spot crowley plant get scream harshly noooo I would never thing,control methods,negative
994,bacteria,Val Bradley,https://twitter.com/valgardening,In #SunGardening today: thoughts on Chelsea Flower show #win a @woodlodge_uk garden #fireplace supporting plants replacing our #elm trees grey water leaf spots courgettes & pruning Japanese maples.,2019-06-08T06:36:21.000Z,sungardening today thought chelsea flower show win woodlodge_uk garden fireplace support plant replace elm tree grey water leaf spot courgette   prune japanese maple,control methods,neutral
995,bacteria,MycoKeys,https://twitter.com/MycoKeys,Тwo #NewSpecies of Scolecobasidium #fungi are described from leaf spots of true #mangrove plants in Zhuhai China.Read more: https://doi.org/10.3897/mycokeys.96.100621…,2023-03-30T14:28:03.000Z,newspecie scolecobasidium fungus describe leaf spot true mangrove plant zhuhai chinaread,control methods,neutral
997,bacteria,MycoKeys,https://twitter.com/MycoKeys,Тwo #NewSpecies of Scolecobasidium #fungi are described from leaf spots of true #mangrove plants in Zhuhai China.Read more: https://doi.org/10.3897/mycokeys.96.100621…,2023-03-30T14:28:03.000Z,newspecie scolecobasidium fungus describe leaf spot true mangrove plant zhuhai chinaread,control methods,neutral
999,bacteria,Gardener's Path,https://twitter.com/Gardeners_Path_,Anthracnose: Preventing Leaf Spots and Blights On Your Plants https://epicgardening.com/anthracnose/ #anthracnose #plantdiseases,2018-07-01T18:51:39.000Z,anthracnose prevent leaf spot blight plant   anthracnose plantdisease,pest,neutral
1000,bacteria,Wahito Mbugua,https://twitter.com/WahitoMbugua,Symptoms- Development of dark spots on the leaves that may partly defoliate the plants within the leaf veins.-Canker and collar rot on stems of seedlings and young plants in the field-The spots first form on older leaves and enlarge to a diameter of 0.6-1.25 cm.,2022-11-11T06:32:44.000Z,symptom development dark spot leave may partly defoliate plant within leaf veinscanker collar rot stem seedling young plant fieldthe spot first form old leave enlarge diameter 06125 cm,pest,negative
1002,bacteria,Gardener's Path,https://twitter.com/Gardeners_Path_,Anthracnose: Preventing Leaf Spots and Blights On Your Plants https://epicgardening.com/anthracnose/ #anthracnose #plantdiseases,2018-07-01T18:51:39.000Z,anthracnose prevent leaf spot blight plant   anthracnose plantdisease,pest,neutral
1003,bacteria,Wahito Mbugua,https://twitter.com/WahitoMbugua,Symptoms- Development of dark spots on the leaves that may partly defoliate the plants within the leaf veins.-Canker and collar rot on stems of seedlings and young plants in the field-The spots first form on older leaves and enlarge to a diameter of 0.6-1.25 cm.,2022-11-11T06:32:44.000Z,symptom development dark spot leave may partly defoliate plant within leaf veinscanker collar rot stem seedling young plant fieldthe spot first form old leave enlarge diameter 06125 cm,pest,negative
1004,bacteria,Demi Farms,https://twitter.com/demi_farm,Early Blight Disease-Plants infected with early blight develop small black or brown spots.-Leaf spots are leathery and often have a concentric ring pattern.-They usually appear on older leaves first.-Treating BlightIf blight has already spread to more than just a few plant…,2024-02-06T09:03:08.000Z,early blight diseaseplant infect early blight develop small black brown spotsleaf spot leathery often concentric ring patternthey usually appear old leave firsttreate blightif blight already spread plant,pest,negative
1005,bacteria,Wahito Mbugua,https://twitter.com/WahitoMbugua,Symptoms- Development of dark spots on the leaves that may partly defoliate the plants within the leaf veins.-Canker and collar rot on stems of seedlings and young plants in the field-The spots first form on older leaves and enlarge to a diameter of 0.6-1.25 cm.,2022-11-11T06:32:44.000Z,symptom development dark spot leave may partly defoliate plant within leaf veinscanker collar rot stem seedling young plant fieldthe spot first form old leave enlarge diameter 06125 cm,pest,negative
1006,bacteria,Demi Farms,https://twitter.com/demi_farm,Early Blight Disease-Plants infected with early blight develop small black or brown spots.-Leaf spots are leathery and often have a concentric ring pattern.-They usually appear on older leaves first.-Treating BlightIf blight has already spread to more than just a few plant…,2024-02-06T09:03:08.000Z,early blight diseaseplant infect early blight develop small black brown spotsleaf spot leathery often concentric ring patternthey usually appear old leave firsttreate blightif blight already spread plant,pest,negative
1007,bacteria,George R. L. Greiff,https://twitter.com/ilichenmoss,The first colour photos of the fungus Epibryon craspedum on Radula complanata from Tyrol Austria. Top left = blackish spots / fruitbodies on infected plants,2024-02-06T09:03:08.000Z,first colour photo fungus epibryon craspedum radula complanata tyrol austria top leave   blackish spot   fruitbodie infect plant,pest,neutral
1008,bacteria,Demi Farms,https://twitter.com/demi_farm,Early Blight Disease-Plants infected with early blight develop small black or brown spots.-Leaf spots are leathery and often have a concentric ring pattern.-They usually appear on older leaves first.-Treating BlightIf blight has already spread to more than just a few plant…,2024-02-06T09:03:08.000Z,early blight diseaseplant infect early blight develop small black brown spotsleaf spot leathery often concentric ring patternthey usually appear old leave firsttreate blightif blight already spread plant,pest,negative
1009,bacteria,N.P. Ranjan,https://twitter.com/Ranjan_Narayan,Spots are beautiful in this leaf...at our club house garden @GreatEasternGardens #leaf #spots #spotsarebeautiful huesofnature #nature #naturephotography #plants #nofilter… https://instagram.com/p/BrW2r3rHOa3/?utm_source=ig_twitter_share&igshid=1sfu3ja8k6wvu…,2018-12-14T06:07:27.000Z,spot beautiful leafat club house garden greateasterngarden leaf spot spotsarebeautiful huesofnature nature naturephotography plant nofilter,pest,positive
1010,bacteria,MycoKeys,https://twitter.com/MycoKeys,#FridayFungi: Leaf spots of 12 host #plants in Yunnan Province (China) reveal 8 #NewSpecies in the genus <Diaporthe>.#Mycology #Fungi #Taxonomy #PathogensStudy: https://doi.org/10.3897/mycokeys.77.59852…,2021-01-15T11:00:00.000Z,fridayfungi leaf spot 12 host plant yunnan province china reveal 8 newspecie genus mycology fungi taxonomy pathogensstudy,pest,neutral
1011,bacteria,N.P. Ranjan,https://twitter.com/Ranjan_Narayan,Spots are beautiful in this leaf...at our club house garden @GreatEasternGardens #leaf #spots #spotsarebeautiful huesofnature #nature #naturephotography #plants #nofilter… https://instagram.com/p/BrW2r3rHOa3/?utm_source=ig_twitter_share&igshid=1sfu3ja8k6wvu…,2018-12-14T06:07:27.000Z,spot beautiful leafat club house garden greateasterngarden leaf spot spotsarebeautiful huesofnature nature naturephotography plant nofilter,pest,positive
1012,bacteria,MycoKeys,https://twitter.com/MycoKeys,#FridayFungi: Leaf spots of 12 host #plants in Yunnan Province (China) reveal 8 #NewSpecies in the genus <Diaporthe>.#Mycology #Fungi #Taxonomy #PathogensStudy: https://doi.org/10.3897/mycokeys.77.59852…,2021-01-15T11:00:00.000Z,fridayfungi leaf spot 12 host plant yunnan province china reveal 8 newspecie genus mycology fungi taxonomy pathogensstudy,pest,neutral
1013,bacteria,VenetiaJane's Garden,https://twitter.com/VenetiaJane,When I looked at my photographs of Adoxa moschatellina enlarged on my computer screen I noticed these strange little flower-like spots on a leaf. After doing some research I believe they are Puccina albescens a rust fungus unique to these plants? #WildflowerHour #WildflowerID,2022-03-20T20:03:05.000Z,I look photograph adoxa moschatellina enlarge computer screen I notice strange little flowerlike spot leaf research I believe puccina albescen rust fungus unique plant wildflowerhour wildflowerid,pest,neutral
1014,bacteria,MycoKeys,https://twitter.com/MycoKeys,#FridayFungi: Leaf spots of 12 host #plants in Yunnan Province (China) reveal 8 #NewSpecies in the genus <Diaporthe>.#Mycology #Fungi #Taxonomy #PathogensStudy: https://doi.org/10.3897/mycokeys.77.59852…,2021-01-15T11:00:00.000Z,fridayfungi leaf spot 12 host plant yunnan province china reveal 8 newspecie genus mycology fungi taxonomy pathogensstudy,pest,neutral
1015,bacteria,VenetiaJane's Garden,https://twitter.com/VenetiaJane,When I looked at my photographs of Adoxa moschatellina enlarged on my computer screen I noticed these strange little flower-like spots on a leaf. After doing some research I believe they are Puccina albescens a rust fungus unique to these plants? #WildflowerHour #WildflowerID,2022-03-20T20:03:05.000Z,I look photograph adoxa moschatellina enlarge computer screen I notice strange little flowerlike spot leaf research I believe puccina albescen rust fungus unique plant wildflowerhour wildflowerid,pest,neutral
1016,bacteria,SARE in WV,https://twitter.com/SAREinWV,Bacterial spot causes lesions on all foliar portions of tomato plants. Leaf spots are usually circular 1/16 inch and dark. Where lesions are numerous upon a leaf the tissue may be chlorotic https://bit.ly/3IdloN1,2022-07-06T17:00:06.000Z,bacterial spot cause lesion foliar portion tomato plant leaf spot usually circular 116 inch dark lesion numerous upon leaf tissue may chlorotic,pest,neutral
1017,bacteria,VenetiaJane's Garden,https://twitter.com/VenetiaJane,When I looked at my photographs of Adoxa moschatellina enlarged on my computer screen I noticed these strange little flower-like spots on a leaf. After doing some research I believe they are Puccina albescens a rust fungus unique to these plants? #WildflowerHour #WildflowerID,2022-03-20T20:03:05.000Z,I look photograph adoxa moschatellina enlarge computer screen I notice strange little flowerlike spot leaf research I believe puccina albescen rust fungus unique plant wildflowerhour wildflowerid,pest,neutral
1018,bacteria,VenetiaJane's Garden,https://twitter.com/VenetiaJane,When I looked at my photographs of Adoxa moschatellina enlarged on my computer screen I noticed these strange little flower-like spots on a leaf. After doing some research I believe they are Puccina albescens a rust fungus unique to these plants? #WildflowerHour #WildflowerID,2022-03-20T20:03:05.000Z,I look photograph adoxa moschatellina enlarge computer screen I notice strange little flowerlike spot leaf research I believe puccina albescen rust fungus unique plant wildflowerhour wildflowerid,pest,neutral
1019,bacteria,#Ahinsajeevi Sameeksha,https://twitter.com/Sameeksha_India,#LessonFromMom#NeverGiveUp on something easily#HopeI had a curry leaf plant which got some infection n leaves turned yellow with black spots on them.Almost for 20 days I watered a completely dried plant with no sign of life. Today I saw a new green branch coming from the stem.,2020-06-18T09:17:48.000Z,lessonfrommomnevergiveup something easilyhopei curry leaf plant get infection n leave turn yellow black spot themalmost 20 day I water completely dry plant sign life today I see new green branch come stem,pest,positive
1020,bacteria,Putnam CCE,https://twitter.com/CCEPUTNAM,Leaf spots got you down? Bring your ailing plants to the horticulture hotline & diagnostic lab (9 to noon weekdays) For a small fee we can identify those spots & help you come up with an #IPM plan http://putnam.cce.cornell.edu,2018-07-12T17:05:24.000Z,leaf spot get bring ail plant horticulture hotline   diagnostic lab 9 noon weekday small fee identify spot   help come ipm plan,control methods,positive
1021,bacteria,#Ahinsajeevi Sameeksha,https://twitter.com/Sameeksha_India,#LessonFromMom#NeverGiveUp on something easily#HopeI had a curry leaf plant which got some infection n leaves turned yellow with black spots on them.Almost for 20 days I watered a completely dried plant with no sign of life. Today I saw a new green branch coming from the stem.,2020-06-18T09:17:48.000Z,lessonfrommomnevergiveup something easilyhopei curry leaf plant get infection n leave turn yellow black spot themalmost 20 day I water completely dry plant sign life today I see new green branch come stem,pest,positive
1022,bacteria,Putnam CCE,https://twitter.com/CCEPUTNAM,Leaf spots got you down? Bring your ailing plants to the horticulture hotline & diagnostic lab (9 to noon weekdays) For a small fee we can identify those spots & help you come up with an #IPM plan http://putnam.cce.cornell.edu,2018-07-12T17:05:24.000Z,leaf spot get bring ail plant horticulture hotline   diagnostic lab 9 noon weekday small fee identify spot   help come ipm plan,control methods,positive
1023,bacteria,Chris,https://twitter.com/MCHRISP1,I’m loving this Piranha Plant print. So much fun. This was designed to be printed in pieces and put together. But the red head and its white spots along with the multicolor leafs were printed on my @Prusa3D #XL. I’m also loving the benefits of a multitool changer!,2023-12-05T22:44:01.000Z,I love piranha plant print much fun design print piece put together red head white spot along multicolor leafs print prusa3d xl I also love benefit multitool changer,pest,positive
1024,bacteria,#Ahinsajeevi Sameeksha,https://twitter.com/Sameeksha_India,#LessonFromMom#NeverGiveUp on something easily#HopeI had a curry leaf plant which got some infection n leaves turned yellow with black spots on them.Almost for 20 days I watered a completely dried plant with no sign of life. Today I saw a new green branch coming from the stem.,2020-06-18T09:17:48.000Z,lessonfrommomnevergiveup something easilyhopei curry leaf plant get infection n leave turn yellow black spot themalmost 20 day I water completely dry plant sign life today I see new green branch come stem,pest,positive
1025,bacteria,Putnam CCE,https://twitter.com/CCEPUTNAM,Leaf spots got you down? Bring your ailing plants to the horticulture hotline & diagnostic lab (9 to noon weekdays) For a small fee we can identify those spots & help you come up with an #IPM plan http://putnam.cce.cornell.edu,2018-07-12T17:05:24.000Z,leaf spot get bring ail plant horticulture hotline   diagnostic lab 9 noon weekday small fee identify spot   help come ipm plan,control methods,positive
1026,bacteria,Chris,https://twitter.com/MCHRISP1,I’m loving this Piranha Plant print. So much fun. This was designed to be printed in pieces and put together. But the red head and its white spots along with the multicolor leafs were printed on my @Prusa3D #XL. I’m also loving the benefits of a multitool changer!,2023-12-05T22:44:01.000Z,I love piranha plant print much fun design print piece put together red head white spot along multicolor leafs print prusa3d xl I also love benefit multitool changer,pest,positive
1027,bacteria,MPSG,https://twitter.com/MbPulseGrowers,With peas at V4-V6 its time to start the pea leaf weevil survey! You can contribute to this survey by counting the total # of leaf notches on 10 plants at 5 spots along the field edge. Or let us know where the field is and well count for you! https://manitobapulse.ca/2019/04/pea-leaf-weevil/…,2023-06-06T21:29:12.000Z,pea v4v6 time start pea leaf weevil survey contribute survey count total   leaf notch 10 plant 5 spot along field edge let know field well count,pest,neutral
1028,bacteria,Putnam CCE,https://twitter.com/CCEPUTNAM,Leaf spots got you down? Bring your ailing plants to the horticulture hotline & diagnostic lab (9 to noon weekdays) For a small fee we can identify those spots & help you come up with an #IPM plan http://putnam.cce.cornell.edu,2018-07-12T17:05:24.000Z,leaf spot get bring ail plant horticulture hotline   diagnostic lab 9 noon weekday small fee identify spot   help come ipm plan,control methods,positive
1029,bacteria,Chris,https://twitter.com/MCHRISP1,I’m loving this Piranha Plant print. So much fun. This was designed to be printed in pieces and put together. But the red head and its white spots along with the multicolor leafs were printed on my @Prusa3D #XL. I’m also loving the benefits of a multitool changer!,2023-12-05T22:44:01.000Z,I love piranha plant print much fun design print piece put together red head white spot along multicolor leafs print prusa3d xl I also love benefit multitool changer,pest,positive
1030,bacteria,MPSG,https://twitter.com/MbPulseGrowers,With peas at V4-V6 its time to start the pea leaf weevil survey! You can contribute to this survey by counting the total # of leaf notches on 10 plants at 5 spots along the field edge. Or let us know where the field is and well count for you! https://manitobapulse.ca/2019/04/pea-leaf-weevil/…,2023-06-06T21:29:12.000Z,pea v4v6 time start pea leaf weevil survey contribute survey count total   leaf notch 10 plant 5 spot along field edge let know field well count,pest,neutral
1032,bacteria,David Domoney,https://twitter.com/daviddomoney,#TopTipGood hygiene applies in the garden. Check your plants regularly as this prevents the pests and dieseases from taking hold. When buying a new plant always check that it is healthy e.g. unusual leaf colour or spots before you plant at home.#GardenWithDavidDomoney,2020-06-08T08:00:13.000Z,toptipgood hygiene apply garden check plant regularly prevent pest diesease take hold buy new plant always check healthy eg unusual leaf colour spot plant homegardenwithdaviddomoney,control methods,positive
1033,bacteria,MPSG,https://twitter.com/MbPulseGrowers,With peas at V4-V6 its time to start the pea leaf weevil survey! You can contribute to this survey by counting the total # of leaf notches on 10 plants at 5 spots along the field edge. Or let us know where the field is and well count for you! https://manitobapulse.ca/2019/04/pea-leaf-weevil/…,2023-06-06T21:29:12.000Z,pea v4v6 time start pea leaf weevil survey contribute survey count total   leaf notch 10 plant 5 spot along field edge let know field well count,pest,neutral
1035,bacteria,David Domoney,https://twitter.com/daviddomoney,#TopTipGood hygiene applies in the garden. Check your plants regularly as this prevents the pests and dieseases from taking hold. When buying a new plant always check that it is healthy e.g. unusual leaf colour or spots before you plant at home.#GardenWithDavidDomoney,2020-06-08T08:00:13.000Z,toptipgood hygiene apply garden check plant regularly prevent pest diesease take hold buy new plant always check healthy eg unusual leaf colour spot plant homegardenwithdaviddomoney,control methods,positive
1036,bacteria,Wiley Food Science,https://twitter.com/wileyfoodsci,Lentil is one of the most consumed legumes in Algeria but in 2020 necrotic leaf spots were observed in leaf plants.Check out this New Disease Report of Bipolaris sorokiniana causing spot blotch of lentil.#OpenAccess >> http://ow.ly/glz250EIHNa  @BS_PP,2021-05-11T11:00:34.000Z,lentil one consume legume algeria 2020 necrotic leaf spot observe leaf plantscheck new disease report bipolaris sorokiniana cause spot blotch lentilopenaccess     bs_pp,pest,neutral
1037,bacteria,Ed Sikora,https://twitter.com/alabamaED,Black spot still active this fall. The fungal disease is favored by cool moist weather. Spots develop on upper leaf surfaces. Adjacent tissue turns yellow & leaves drop weakening plants. Use tolerant varieties & cultural practices to manage the disease #Fungi #Plantdisease #Rose,2023-11-16T03:11:36.000Z,black spot still active fall fungal disease favor cool moist weather spot develop upper leaf surface adjacent tissue turn yellow   leave drop weaken plant use tolerant variety   cultural practice manage disease fungi plantdisease rise,"pest,usage","negative,positive"
1038,bacteria,David Domoney,https://twitter.com/daviddomoney,#TopTipGood hygiene applies in the garden. Check your plants regularly as this prevents the pests and dieseases from taking hold. When buying a new plant always check that it is healthy e.g. unusual leaf colour or spots before you plant at home.#GardenWithDavidDomoney,2020-06-08T08:00:13.000Z,toptipgood hygiene apply garden check plant regularly prevent pest diesease take hold buy new plant always check healthy eg unusual leaf colour spot plant homegardenwithdaviddomoney,control methods,positive
1039,bacteria,Wiley Food Science,https://twitter.com/wileyfoodsci,Lentil is one of the most consumed legumes in Algeria but in 2020 necrotic leaf spots were observed in leaf plants.Check out this New Disease Report of Bipolaris sorokiniana causing spot blotch of lentil.#OpenAccess >> http://ow.ly/glz250EIHNa  @BS_PP,2021-05-11T11:00:34.000Z,lentil one consume legume algeria 2020 necrotic leaf spot observe leaf plantscheck new disease report bipolaris sorokiniana cause spot blotch lentilopenaccess     bs_pp,pest,neutral
1040,bacteria,Ed Sikora,https://twitter.com/alabamaED,Black spot still active this fall. The fungal disease is favored by cool moist weather. Spots develop on upper leaf surfaces. Adjacent tissue turns yellow & leaves drop weakening plants. Use tolerant varieties & cultural practices to manage the disease #Fungi #Plantdisease #Rose,2023-11-16T03:11:36.000Z,black spot still active fall fungal disease favor cool moist weather spot develop upper leaf surface adjacent tissue turn yellow   leave drop weaken plant use tolerant variety   cultural practice manage disease fungi plantdisease rise,"pest,usage","negative,positive"
1041,bacteria,Maury Juana,https://twitter.com/MauryJuana,Soaker. Spills water off the nozzle face @ 1g (ish). Wont jack up your soil/roots & wont spray a bunch of mist on leaves during daylight (beads of water + sun = bleached dead leaf spots)Source: Ive been growing a whole lotta plants for a whole lotta time.,2022-07-03T06:18:38.000Z,soaker spill water nozzle face   1 g ish jack soilroot   spray bunch mist leave daylight bead water   sun   bleach dead leaf spotssource I grow whole lotta plant whole lotta time,control methods,positive
1042,bacteria,Wiley Food Science,https://twitter.com/wileyfoodsci,Lentil is one of the most consumed legumes in Algeria but in 2020 necrotic leaf spots were observed in leaf plants.Check out this New Disease Report of Bipolaris sorokiniana causing spot blotch of lentil.#OpenAccess >> http://ow.ly/glz250EIHNa  @BS_PP,2021-05-11T11:00:34.000Z,lentil one consume legume algeria 2020 necrotic leaf spot observe leaf plantscheck new disease report bipolaris sorokiniana cause spot blotch lentilopenaccess     bs_pp,pest,neutral
1043,bacteria,Ed Sikora,https://twitter.com/alabamaED,Black spot still active this fall. The fungal disease is favored by cool moist weather. Spots develop on upper leaf surfaces. Adjacent tissue turns yellow & leaves drop weakening plants. Use tolerant varieties & cultural practices to manage the disease #Fungi #Plantdisease #Rose,2023-11-16T03:11:36.000Z,black spot still active fall fungal disease favor cool moist weather spot develop upper leaf surface adjacent tissue turn yellow   leave drop weaken plant use tolerant variety   cultural practice manage disease fungi plantdisease rise,"pest,usage","negative,positive"
1044,bacteria,Maury Juana,https://twitter.com/MauryJuana,Soaker. Spills water off the nozzle face @ 1g (ish). Wont jack up your soil/roots & wont spray a bunch of mist on leaves during daylight (beads of water + sun = bleached dead leaf spots)Source: Ive been growing a whole lotta plants for a whole lotta time.,2022-07-03T06:18:38.000Z,soaker spill water nozzle face   1 g ish jack soilroot   spray bunch mist leave daylight bead water   sun   bleach dead leaf spotssource I grow whole lotta plant whole lotta time,control methods,positive
1045,bacteria,Peg,https://twitter.com/ethnobot,Thank you for responding! No signs of disease except for a few leaf spots. Plants robust & healthy no stems or foliage damaged. The only thing that’s unusual: the piles of unripe berries w bits of fruit stem attached.Getting some nice ones but less than 1/4 of expected,2020-06-26T20:39:49.000Z,thank respond sign disease except leaf spot plant robust   healthy stem foliage damage thing unusual pile unripe berry w bit fruit stem attachedgette nice one less 14 expect,"pest,safety,toxicity","neutral,neutral,neutral"
1046,bacteria,Ed Sikora,https://twitter.com/alabamaED,Black spot still active this fall. The fungal disease is favored by cool moist weather. Spots develop on upper leaf surfaces. Adjacent tissue turns yellow & leaves drop weakening plants. Use tolerant varieties & cultural practices to manage the disease #Fungi #Plantdisease #Rose,2023-11-16T03:11:36.000Z,black spot still active fall fungal disease favor cool moist weather spot develop upper leaf surface adjacent tissue turn yellow   leave drop weaken plant use tolerant variety   cultural practice manage disease fungi plantdisease rise,"pest,usage","negative,positive"
1047,bacteria,Maury Juana,https://twitter.com/MauryJuana,Soaker. Spills water off the nozzle face @ 1g (ish). Wont jack up your soil/roots & wont spray a bunch of mist on leaves during daylight (beads of water + sun = bleached dead leaf spots)Source: Ive been growing a whole lotta plants for a whole lotta time.,2022-07-03T06:18:38.000Z,soaker spill water nozzle face   1 g ish jack soilroot   spray bunch mist leave daylight bead water   sun   bleach dead leaf spotssource I grow whole lotta plant whole lotta time,control methods,positive
1048,bacteria,Peg,https://twitter.com/ethnobot,Thank you for responding! No signs of disease except for a few leaf spots. Plants robust & healthy no stems or foliage damaged. The only thing that’s unusual: the piles of unripe berries w bits of fruit stem attached.Getting some nice ones but less than 1/4 of expected,2020-06-26T20:39:49.000Z,thank respond sign disease except leaf spot plant robust   healthy stem foliage damage thing unusual pile unripe berry w bit fruit stem attachedgette nice one less 14 expect,"pest,safety,toxicity","neutral,neutral,neutral"
1050,bacteria,CIHEAM Bari,https://twitter.com/CIHEAMBari,New varieties of groundnut plants resistant to fungi to help farmers in Ghana. Check the #PlantHealthTV video: Solving the Late leaf spots disease challenge in Ghana through research #IYPH2020  https://cutt.ly/IkohwIo You can help the video win if you like it  on Youtube,2021-02-16T08:51:00.000Z,new variety groundnut plant resistant fungi help farmer ghana check planthealthtv video solve late leaf spot disease challenge ghana research iyph2020    help video win like   youtube,control methods,positive
1051,bacteria,Peg,https://twitter.com/ethnobot,Thank you for responding! No signs of disease except for a few leaf spots. Plants robust & healthy no stems or foliage damaged. The only thing that’s unusual: the piles of unripe berries w bits of fruit stem attached.Getting some nice ones but less than 1/4 of expected,2020-06-26T20:39:49.000Z,thank respond sign disease except leaf spot plant robust   healthy stem foliage damage thing unusual pile unripe berry w bit fruit stem attachedgette nice one less 14 expect,"pest,safety,toxicity","neutral,neutral,neutral"
1053,bacteria,CIHEAM Bari,https://twitter.com/CIHEAMBari,New varieties of groundnut plants resistant to fungi to help farmers in Ghana. Check the #PlantHealthTV video: Solving the Late leaf spots disease challenge in Ghana through research #IYPH2020  https://cutt.ly/IkohwIo You can help the video win if you like it  on Youtube,2021-02-16T08:51:00.000Z,new variety groundnut plant resistant fungi help farmer ghana check planthealthtv video solve late leaf spot disease challenge ghana research iyph2020    help video win like   youtube,control methods,positive
1054,bacteria,The RHS,https://twitter.com/The_RHS,A wet July and early August coupled with the heatwave in September has seen a rise in fungal diseases such as rusts scabs and leaf spots – problems that can be even more damaging when plants are stressed Find out what to look for on our website,2023-09-20T12:41:00.000Z,wet july early august couple heatwave september see rise fungal disease rust scab leaf spot   problem even damaging plant stress find look website,pest,negative
1055,bacteria,maybe: elle,https://twitter.com/somanyelles,if you have any dead or yellowing leaves cut those babies off (it won’t hurt the plant!) to ensure all the plants energy goes towards its best and newest leaves! if there’s brown spots on a leaf you can just trim that section off. good luck friend!!,2021-01-23T04:00:15.000Z,dead yellow leave cut baby hurt plant ensure plant energy go towards good new leave brown spot leaf trim section good luck friend,control methods,positive
1056,bacteria,GPAG,https://twitter.com/gilbertspotoroo,improves water penetration creates depressions that fill with leaf litter & make nutrient rich spots for seed germination. Truffle-like fungi share nutrients with plants through their roots. Please vote to help this gorgeous little ecosystem health hero reach the Round of 6!! /2,2022-08-18T11:40:43.000Z,improve water penetration create depression fill leaf litter   make nutrient rich spot seed germination trufflelike fungi share nutrient plant root please vote help gorgeous little ecosystem health hero reach round 6 2,pest,positive
1057,bacteria,Purdue Extension,https://twitter.com/PurdueExtension,As you prepare your flower beds for winter examine your lilac plants for bacterial blight powdery mildew and fungal leaf spots. Reach out to your county #PurdueExtension agriculture and natural resources educator with any questions! @PurdueLandscape https://purduelandscapereport.org/article/lamentable-lilac-leaf-diseases/…,2022-09-14T22:00:30.000Z,prepare flower bed winter examine lilac plant bacterial blight powdery mildew fungal leaf spot reach county purdueextension agriculture natural resource educator question purduelandscape,pest,neutral
1058,bacteria,The RHS,https://twitter.com/The_RHS,A wet July and early August coupled with the heatwave in September has seen a rise in fungal diseases such as rusts scabs and leaf spots – problems that can be even more damaging when plants are stressed Find out what to look for on our website,2023-09-20T12:41:00.000Z,wet july early august couple heatwave september see rise fungal disease rust scab leaf spot   problem even damaging plant stress find look website,pest,negative
1059,bacteria,maybe: elle,https://twitter.com/somanyelles,if you have any dead or yellowing leaves cut those babies off (it won’t hurt the plant!) to ensure all the plants energy goes towards its best and newest leaves! if there’s brown spots on a leaf you can just trim that section off. good luck friend!!,2021-01-23T04:00:15.000Z,dead yellow leave cut baby hurt plant ensure plant energy go towards good new leave brown spot leaf trim section good luck friend,control methods,positive
1060,bacteria,GPAG,https://twitter.com/gilbertspotoroo,improves water penetration creates depressions that fill with leaf litter & make nutrient rich spots for seed germination. Truffle-like fungi share nutrients with plants through their roots. Please vote to help this gorgeous little ecosystem health hero reach the Round of 6!! /2,2022-08-18T11:40:43.000Z,improve water penetration create depression fill leaf litter   make nutrient rich spot seed germination trufflelike fungi share nutrient plant root please vote help gorgeous little ecosystem health hero reach round 6 2,pest,positive
1061,bacteria,BetterHomes&Gardens,https://twitter.com/BHG,Heres how to keep your plants healthy and productive including what to do about leaf spots wilts and other problems.,2023-07-05T16:00:05.000Z,keep plant healthy productive include leaf spot wilt problem,control methods,neutral
1062,bacteria,Marin Talbot Brewer,https://twitter.com/marintalbrew,It’s an Exobasidium flower gall. The ones on huckleberry are often referred to as E. vaccinii but very likely a different species. It’s a fungus! The genus Exobasidium causes deformities like leaf and flower galls witches’ brooms and spots on Ericaceous plants.,2018-06-24T16:57:50.000Z,exobasidium flower gall one huckleberry often refer e vaccinii likely different specie fungus genus exobasidium cause deformity like leaf flower gall witch broom spot ericaceous plant,pest,neutral
1063,bacteria,Moose,https://twitter.com/moosealoop,Mine did the same thing mostly on the road edges and hilltops where germination was later. Turned to necrosis of the whole leaf in spots. Plants have survived and started growing but throw on some beetle damage and they were in pain. I imagine theres significant damage done.,2023-06-17T18:11:50.000Z,mine thing mostly road edge hilltop germination later turn necrosis whole leaf spot plant survive start grow throw beetle damage pain I imagine significant damage,"pest,toxicity","negative,neutral"
1064,bacteria,GPAG,https://twitter.com/gilbertspotoroo,improves water penetration creates depressions that fill with leaf litter & make nutrient rich spots for seed germination. Truffle-like fungi share nutrients with plants through their roots. Please vote to help this gorgeous little ecosystem health hero reach the Round of 6!! /2,2022-08-18T11:40:43.000Z,improve water penetration create depression fill leaf litter   make nutrient rich spot seed germination trufflelike fungi share nutrient plant root please vote help gorgeous little ecosystem health hero reach round 6 2,pest,positive
1065,bacteria,BetterHomes&Gardens,https://twitter.com/BHG,Heres how to keep your plants healthy and productive including what to do about leaf spots wilts and other problems.,2023-07-05T16:00:05.000Z,keep plant healthy productive include leaf spot wilt problem,control methods,neutral
1066,bacteria,Marin Talbot Brewer,https://twitter.com/marintalbrew,It’s an Exobasidium flower gall. The ones on huckleberry are often referred to as E. vaccinii but very likely a different species. It’s a fungus! The genus Exobasidium causes deformities like leaf and flower galls witches’ brooms and spots on Ericaceous plants.,2018-06-24T16:57:50.000Z,exobasidium flower gall one huckleberry often refer e vaccinii likely different specie fungus genus exobasidium cause deformity like leaf flower gall witch broom spot ericaceous plant,pest,neutral
1067,bacteria,Moose,https://twitter.com/moosealoop,Mine did the same thing mostly on the road edges and hilltops where germination was later. Turned to necrosis of the whole leaf in spots. Plants have survived and started growing but throw on some beetle damage and they were in pain. I imagine theres significant damage done.,2023-06-17T18:11:50.000Z,mine thing mostly road edge hilltop germination later turn necrosis whole leaf spot plant survive start grow throw beetle damage pain I imagine significant damage,"pest,toxicity","negative,negative"
1068,bacteria,Yard and Garden Guru,https://twitter.com/YardGardenGuru,If you notice brown spots on your fiddle leaf fig or your fig may drop leaves don’t panic.Read the full article: Solving Fiddle Leaf Fig Brown Spots: Expert Tips▸ https://lttr.ai/AIoRJ#plants #expert #garden,2023-10-21T00:54:03.000Z,notice brown spot fiddle leaf fig fig may drop leave panicread full article solve fiddle leaf fig brown spot expert tip   expert garden,pest,positive
1069,bacteria,Marin Talbot Brewer,https://twitter.com/marintalbrew,It’s an Exobasidium flower gall. The ones on huckleberry are often referred to as E. vaccinii but very likely a different species. It’s a fungus! The genus Exobasidium causes deformities like leaf and flower galls witches’ brooms and spots on Ericaceous plants.,2018-06-24T16:57:50.000Z,exobasidium flower gall one huckleberry often refer e vaccinii likely different specie fungus genus exobasidium cause deformity like leaf flower gall witch broom spot ericaceous plant,pest,neutral
1070,bacteria,Moose,https://twitter.com/moosealoop,Mine did the same thing mostly on the road edges and hilltops where germination was later. Turned to necrosis of the whole leaf in spots. Plants have survived and started growing but throw on some beetle damage and they were in pain. I imagine theres significant damage done.,2023-06-17T18:11:50.000Z,mine thing mostly road edge hilltop germination later turn necrosis whole leaf spot plant survive start grow throw beetle damage pain I imagine significant damage,"pest,toxicity","negative,negative"
1071,bacteria,Yard and Garden Guru,https://twitter.com/YardGardenGuru,If you notice brown spots on your fiddle leaf fig or your fig may drop leaves don’t panic.Read the full article: Solving Fiddle Leaf Fig Brown Spots: Expert Tips▸ https://lttr.ai/AIoRJ#plants #expert #garden,2023-10-21T00:54:03.000Z,notice brown spot fiddle leaf fig fig may drop leave panicread full article solve fiddle leaf fig brown spot expert tip   expert garden,pest,positive
1073,bacteria,Tim Graham,https://twitter.com/veggiegarden1,If you notice brown spots on your fiddle leaf fig or your fig may drop leaves don’t panic.Read the full article: Solving Fiddle Leaf Fig Brown Spots: Expert Tips▸ https://lttr.ai/AIoZ7#plants #expert #garden,2023-10-21T02:32:20.000Z,notice brown spot fiddle leaf fig fig may drop leave panicread full article solve fiddle leaf fig brown spot expert tip   expert garden,pest,positive
1075,bacteria,Tim Graham,https://twitter.com/veggiegarden1,If you notice brown spots on your fiddle leaf fig or your fig may drop leaves don’t panic.Read the full article: Solving Fiddle Leaf Fig Brown Spots: Expert Tips▸ https://lttr.ai/AIoZ7#plants #expert #garden,2023-10-21T02:32:20.000Z,notice brown spot fiddle leaf fig fig may drop leave panicread full article solve fiddle leaf fig brown spot expert tip   expert garden,pest,positive
1076,bacteria,Wildlife Conservation Trust (India),https://twitter.com/WCT_India,These striking plant specialists parasitise roots of several grasses and other plants and prefer the damp shady spots on leaf-littered forest floors. #nature #plants #NaturalWorld #naturalhistory,2020-09-24T12:31:45.000Z,striking plant specialist parasitise root several grass plant prefer damp shady spot leaflittered forest floor nature plant naturalworld naturalhistory,pest,neutral
1077,bacteria,basterdtown,https://twitter.com/gremlinology,back in april i started composting in an old garbage bin w/ no drainage holes which was fine at the time bc i was aerating it and stuff and nothing too damp was going in there. then in early june i completely flipped my shit bc. 1) my tomato plants suddenly all had leaf spots &,2019-07-13T00:21:15.000Z,back april I start compost old garbage bin w drainage hole fine time bc I aerate stuff nothing damp go early june I completely flip shit bc 1 tomato plant suddenly leaf spot,pest,negative
1079,bacteria,Tim Graham,https://twitter.com/veggiegarden1,If you notice brown spots on your fiddle leaf fig or your fig may drop leaves don’t panic.Read the full article: Solving Fiddle Leaf Fig Brown Spots: Expert Tips▸ https://lttr.ai/AIoZ7#plants #expert #garden,2023-10-21T02:32:20.000Z,notice brown spot fiddle leaf fig fig may drop leave panicread full article solve fiddle leaf fig brown spot expert tip   expert garden,pest,positive
1080,bacteria,Wildlife Conservation Trust (India),https://twitter.com/WCT_India,These striking plant specialists parasitise roots of several grasses and other plants and prefer the damp shady spots on leaf-littered forest floors. #nature #plants #NaturalWorld #naturalhistory,2020-09-24T12:31:45.000Z,striking plant specialist parasitise root several grass plant prefer damp shady spot leaflittered forest floor nature plant naturalworld naturalhistory,pest,neutral
1081,bacteria,basterdtown,https://twitter.com/gremlinology,back in april i started composting in an old garbage bin w/ no drainage holes which was fine at the time bc i was aerating it and stuff and nothing too damp was going in there. then in early june i completely flipped my shit bc. 1) my tomato plants suddenly all had leaf spots &,2019-07-13T00:21:15.000Z,back april I start compost old garbage bin w drainage hole fine time bc I aerate stuff nothing damp go early june I completely flip shit bc 1 tomato plant suddenly leaf spot,pest,negative
1082,bacteria,Tim Graham,https://twitter.com/TimGraham45,If you notice brown spots on your fiddle leaf fig or your fig may drop leaves don’t panic.Read the full article: Solving Fiddle Leaf Fig Brown Spots: Expert Tips▸ https://lttr.ai/AIoH8#plants #expert #garden,2023-10-20T23:25:16.000Z,notice brown spot fiddle leaf fig fig may drop leave panicread full article solve fiddle leaf fig brown spot expert tip   expert garden,pest,positive
1083,bacteria,Steven Simpfendorfer,https://twitter.com/s_simpfendorfer,Sending some leaves will be definitive as can do humid chamber to recover causal fungus. Distribution on leaves does not look right for SFNB. Spots should be random across entire leaf blade. Also on plants should be more spots and bigger on older lower leaves.,2019-08-13T06:51:50.000Z,send leave definitive humid chamber recover causal fungus distribution leave look right sfnb spot random across entire leaf blade also plant spot big old low leave,pest,neutral
1084,bacteria,Chris Enright (Garden Fresh Veg),https://twitter.com/kizzy2003,Could be start of blackleg or just discolouring common to variety.  What variety is it.    Check the leaf of plants and look for black spots.  If any found turn over leaf and look for white mould on back of spot.  If there then blight,2018-06-01T19:27:58.000Z,could start blackleg discolour common variety   variety     check leaf plant look black spot   find turn leaf look white mould back spot   blight,pest,neutral
1085,bacteria,basterdtown,https://twitter.com/gremlinology,back in april i started composting in an old garbage bin w/ no drainage holes which was fine at the time bc i was aerating it and stuff and nothing too damp was going in there. then in early june i completely flipped my shit bc. 1) my tomato plants suddenly all had leaf spots &,2019-07-13T00:21:15.000Z,back april I start compost old garbage bin w drainage hole fine time bc I aerate stuff nothing damp go early june I completely flip shit bc 1 tomato plant suddenly leaf spot,pest,negative
1086,bacteria,Tim Graham,https://twitter.com/TimGraham45,If you notice brown spots on your fiddle leaf fig or your fig may drop leaves don’t panic.Read the full article: Solving Fiddle Leaf Fig Brown Spots: Expert Tips▸ https://lttr.ai/AIoH8#plants #expert #garden,2023-10-20T23:25:16.000Z,notice brown spot fiddle leaf fig fig may drop leave panicread full article solve fiddle leaf fig brown spot expert tip   expert garden,pest,positive
1087,bacteria,Steven Simpfendorfer,https://twitter.com/s_simpfendorfer,Sending some leaves will be definitive as can do humid chamber to recover causal fungus. Distribution on leaves does not look right for SFNB. Spots should be random across entire leaf blade. Also on plants should be more spots and bigger on older lower leaves.,2019-08-13T06:51:50.000Z,send leave definitive humid chamber recover causal fungus distribution leave look right sfnb spot random across entire leaf blade also plant spot big old low leave,pest,neutral
1088,bacteria,Chris Enright (Garden Fresh Veg),https://twitter.com/kizzy2003,Could be start of blackleg or just discolouring common to variety.  What variety is it.    Check the leaf of plants and look for black spots.  If any found turn over leaf and look for white mould on back of spot.  If there then blight,2018-06-01T19:27:58.000Z,could start blackleg discolour common variety   variety     check leaf plant look black spot   find turn leaf look white mould back spot   blight,pest,neutral
1089,bacteria,Flora Conservation UK,https://twitter.com/FloraConsUK,Hi Alex. Trying to find inopinatum this year for a study on leaf spots in plants. With the flower in your photo was it just about to open?,2024-01-11T14:12:51.000Z,hi alex try find inopinatum year study leaf spot plant flower photo open,pest,neutral
1090,bacteria,Julian Branscombe,https://twitter.com/julianbrans,Its fantastic isnt it? Lots of it in Scilly. Also does anyone know if it hybridises with Black Medick? Some very tall BM with faint leaf spots next to Toothed Medick plants here.,2022-05-07T21:35:15.000Z,fantastic lot scilly also anyone know hybridise black medick tall bm faint leaf spot next toothe medick plant,pest,positive
1091,bacteria,ABC24 Memphis,https://twitter.com/ABC24Memphis,LOCAL IN TENNESSEE: The TN Department of Agriculture says anyone who has purchased a rhododendron from Walmart or Rural King since April should monitor the plants for leaf spots and dying branches or limbs.MORE: https://localmemphis.com/news/tennessee-ag-agency-wants-to-trace-diseased-rhododendrons/?utm_medium=social&utm_source=twitter_LocalMemphis…,2019-07-16T13:00:02.000Z,local tennessee tn department agriculture say anyone purchase rhododendron walmart rural king since april monitor plant leaf spot die branch limbsmore,pest,negative
1092,bacteria,Barry white,https://twitter.com/sugarrush840,Get a ph pen. That poor plant is locked up. The necrotic spots and leaf curl are your indicators. Milwaukee 802 pro is my go to,2024-02-21T15:00:13.000Z,get ph pen poor plant lock necrotic spot leaf curl indicator milwaukee 802 pro go,pest,negative
1093,bacteria,Chris Enright (Garden Fresh Veg),https://twitter.com/kizzy2003,Could be start of blackleg or just discolouring common to variety.  What variety is it.    Check the leaf of plants and look for black spots.  If any found turn over leaf and look for white mould on back of spot.  If there then blight,2018-06-01T19:27:58.000Z,could start blackleg discolour common variety   variety     check leaf plant look black spot   find turn leaf look white mould back spot   blight,pest,neutral
1094,bacteria,MrsJ,https://twitter.com/michjay1,My mum had a mother-in-laws tongue which she still has also spider plant a big leaf plants with spots on that we used to call Dotty & a cheese plant that I had to dust!,2018-06-01T19:27:58.000Z,mum motherinlaw tongue still also spider plant big leaf plant spot use call dotty   cheese plant I dust,"pest,usage","neutral,neutral"
1095,bacteria,Flora Conservation UK,https://twitter.com/FloraConsUK,Hi Alex. Trying to find inopinatum this year for a study on leaf spots in plants. With the flower in your photo was it just about to open?,2024-01-11T14:12:51.000Z,hi alex try find inopinatum year study leaf spot plant flower photo open,pest,neutral
1096,bacteria,Julian Branscombe,https://twitter.com/julianbrans,Its fantastic isnt it? Lots of it in Scilly. Also does anyone know if it hybridises with Black Medick? Some very tall BM with faint leaf spots next to Toothed Medick plants here.,2022-05-07T21:35:15.000Z,fantastic lot scilly also anyone know hybridise black medick tall bm faint leaf spot next toothe medick plant,pest,positive
1097,bacteria,ABC24 Memphis,https://twitter.com/ABC24Memphis,LOCAL IN TENNESSEE: The TN Department of Agriculture says anyone who has purchased a rhododendron from Walmart or Rural King since April should monitor the plants for leaf spots and dying branches or limbs.MORE: https://localmemphis.com/news/tennessee-ag-agency-wants-to-trace-diseased-rhododendrons/?utm_medium=social&utm_source=twitter_LocalMemphis…,2019-07-16T13:00:02.000Z,local tennessee tn department agriculture say anyone purchase rhododendron walmart rural king since april monitor plant leaf spot die branch limbsmore,pest,negative
1098,bacteria,Barry white,https://twitter.com/sugarrush840,Get a ph pen. That poor plant is locked up. The necrotic spots and leaf curl are your indicators. Milwaukee 802 pro is my go to,2024-02-21T15:00:13.000Z,get ph pen poor plant lock necrotic spot leaf curl indicator milwaukee 802 pro go,pest,negative
1099,bacteria,TurtleArts,https://twitter.com/TurtleArts1,Todays finished project #paint #painter #painting #animal #fluffy #rabbit #bunny #cute #art #adorable #spots #creepy #eye #weird #eyes #plants #vines #plant #leaf #leaves #followforfollow #Artist #fire #ArtistOnTwitter #commissionsopen #FolloForFolloBack #RetweeetPlease,2021-01-21T00:31:01.000Z,today finish project paint painter paint animal fluffy rabbit bunny cute art adorable spot creepy eye weird eye plant vine plant leaf leave followforfollow artist fire artistontwitter commissionsopen folloforfolloback retweeetplease,pest,neutral
1100,bacteria,ABC24 Memphis,https://twitter.com/ABC24Memphis,LOCAL IN TENNESSEE: The TN Department of Agriculture says anyone who has purchased a rhododendron from Walmart or Rural King since April should monitor the plants for leaf spots and dying branches or limbs.MORE: https://localmemphis.com/news/tennessee-ag-agency-wants-to-trace-diseased-rhododendrons/?utm_medium=social&utm_source=twitter_LocalMemphis…,2019-07-16T13:00:02.000Z,local tennessee tn department agriculture say anyone purchase rhododendron walmart rural king since april monitor plant leaf spot die branch limbsmore,pest,negative
1101,bacteria,Barry white,https://twitter.com/sugarrush840,Get a ph pen. That poor plant is locked up. The necrotic spots and leaf curl are your indicators. Milwaukee 802 pro is my go to,2024-02-21T15:00:13.000Z,get ph pen poor plant lock necrotic spot leaf curl indicator milwaukee 802 pro go,pest,negative
1102,bacteria,TurtleArts,https://twitter.com/TurtleArts1,Todays finished project #paint #painter #painting #animal #fluffy #rabbit #bunny #cute #art #adorable #spots #creepy #eye #weird #eyes #plants #vines #plant #leaf #leaves #followforfollow #Artist #fire #ArtistOnTwitter #commissionsopen #FolloForFolloBack #RetweeetPlease,2021-01-21T00:31:01.000Z,today finish project paint painter paint animal fluffy rabbit bunny cute art adorable spot creepy eye weird eye plant vine plant leaf leave followforfollow artist fire artistontwitter commissionsopen folloforfolloback retweeetplease,pest,neutral
1103,bacteria,Heil Ranch Ranger,https://twitter.com/RangerGrady,Someone pulled some thistle along the Lichen Loop trail at #HeilValleyRanch in several spots. The problem is that it was the native “wavy leaf thistle”. The person probably had good intentions but misidentified the plant. Please leave the invasive weeds for staff to manage.,2019-06-18T21:34:51.000Z,someone pull thistle along lichen loop trail heilvalleyranch several spot problem native wavy leaf thistle person probably good intention misidentifie plant please leave invasive weed staff manage,control methods,negative
1104,bacteria,LawnShapes,https://twitter.com/LawnShapes,What Causes Red Spots On Fiddle Leaf Fig Plants? #lawn #lawncare https://plantcaretoday.com/red-spots-on-fiddle-leaf-fig.html…,2022-10-08T17:10:02.000Z,cause red spot fiddle leaf fig plant lawn lawncare,pest,neutral
1105,bacteria,TurtleArts,https://twitter.com/TurtleArts1,Todays finished project #paint #painter #painting #animal #fluffy #rabbit #bunny #cute #art #adorable #spots #creepy #eye #weird #eyes #plants #vines #plant #leaf #leaves #followforfollow #Artist #fire #ArtistOnTwitter #commissionsopen #FolloForFolloBack #RetweeetPlease,2021-01-21T00:31:01.000Z,today finish project paint painter paint animal fluffy rabbit bunny cute art adorable spot creepy eye weird eye plant vine plant leaf leave followforfollow artist fire artistontwitter commissionsopen folloforfolloback retweeetplease,pest,neutral
1106,bacteria,Heil Ranch Ranger,https://twitter.com/RangerGrady,Someone pulled some thistle along the Lichen Loop trail at #HeilValleyRanch in several spots. The problem is that it was the native “wavy leaf thistle”. The person probably had good intentions but misidentified the plant. Please leave the invasive weeds for staff to manage.,2019-06-18T21:34:51.000Z,someone pull thistle along lichen loop trail heilvalleyranch several spot problem native wavy leaf thistle person probably good intention misidentifie plant please leave invasive weed staff manage,control methods,positive
1107,bacteria,LawnShapes,https://twitter.com/LawnShapes,What Causes Red Spots On Fiddle Leaf Fig Plants? #lawn #lawncare https://plantcaretoday.com/red-spots-on-fiddle-leaf-fig.html…,2022-10-08T17:10:02.000Z,cause red spot fiddle leaf fig plant lawn lawncare,pest,neutral
1108,bacteria,Nnaemeka Paschal,https://twitter.com/Nna_Paschal,Improper use or application of pesticides on plants can lead to phytotoxicity presenting as leaf spots scorch or tip burn often confused with other issues. This can occur when spraying stressed plants or using seemingly harmless substances like insecticidal soaps,2023-12-02T08:24:44.000Z,improper use application pesticide plant lead phytotoxicity presenting leaf spot scorch tip burn often confuse issue occur spray stress plant use seemingly harmless substance like insecticidal soap,"usage,pest","negative,negative"
1109,bacteria,Heil Ranch Ranger,https://twitter.com/RangerGrady,Someone pulled some thistle along the Lichen Loop trail at #HeilValleyRanch in several spots. The problem is that it was the native “wavy leaf thistle”. The person probably had good intentions but misidentified the plant. Please leave the invasive weeds for staff to manage.,2019-06-18T21:34:51.000Z,someone pull thistle along lichen loop trail heilvalleyranch several spot problem native wavy leaf thistle person probably good intention misidentifie plant please leave invasive weed staff manage,control methods,positive
1110,bacteria,LawnShapes,https://twitter.com/LawnShapes,What Causes Red Spots On Fiddle Leaf Fig Plants? #lawn #lawncare https://plantcaretoday.com/red-spots-on-fiddle-leaf-fig.html…,2022-10-08T17:10:02.000Z,cause red spot fiddle leaf fig plant lawn lawncare,pest,neutral
1111,bacteria,Nnaemeka Paschal,https://twitter.com/Nna_Paschal,Improper use or application of pesticides on plants can lead to phytotoxicity presenting as leaf spots scorch or tip burn often confused with other issues. This can occur when spraying stressed plants or using seemingly harmless substances like insecticidal soaps,2023-12-02T08:24:44.000Z,improper use application pesticide plant lead phytotoxicity presenting leaf spot scorch tip burn often confuse issue occur spray stress plant use seemingly harmless substance like insecticidal soap,"usage,pest","negative,negative"
1112,bacteria,Rassin,https://twitter.com/rassinroshanseo,How to be an effective #Gardner? Hers is a link on how to identify the many plant illnesses from leaf spots root rots and insect attacks on your plants. Social distancing can be a good thing to learn more about gardening!  https://earthbox.com/common-plant-problems#anthracnose…,2020-07-09T10:02:38.000Z,effective gardner link identify many plant illness leaf spot root rot insect attack plant social distancing good thing learn garden  ,"effectiveness,pest","positive,negative"
1113,bacteria,Tropical Fish Forums,https://twitter.com/TFFUK,Java Fern browning leaf with spots: I got some aquarium plants a couple of days ago to put… https://goo.gl/fb/z5AWTD,2018-05-28T21:04:15.000Z,java fern brown leaf spot I get aquarium plant couple day ago put,pest,neutral
1114,bacteria,WayNorth Enterprises,https://twitter.com/WayNorth_ENT,Gardening North of 60 - Tomato plant leaf spots! Foamy white stuff on the squash plants! Tune in to find out what went wrong and what we did about it.Gardening in the Yukon | Drama in the Greenhouse! https://youtu.be/ZiqWBlA_HkQ via @YouTube #yukon #gardeningtips #northerngardening,2020-08-13T16:10:55.000Z,garden north 60   tomato plant leaf spot foamy white stuff squash plant tune find go wrong itgardene yukon   drama greenhouse   via youtube yukon gardeningtip northerngardening,pest,neutral
1115,bacteria,⁣ ⁣ᝰ ‘ ` 𝙉Ø✗ .ᐟ ′ ’,https://twitter.com/N0XIOUSICH0R,Theyve finished watering some of the plants tonight. No leaf spots. Currently his favorite being an orchid in fabulous condition.,2023-07-19T04:30:14.000Z,finish water plant tonight leaf spot currently favorite orchid fabulous condition,control methods,positive
1116,bacteria,Caspian: Disaster Coded,https://twitter.com/CaspianTheGeek,I just walked my teenager through watering all my plants and let me tell you that was an experience for both of us and also more than one plant has leaf spots and I resent their timing.But its probably because Im not checking them over daily sigh. Soooooon.,2021-02-15T20:21:30.000Z,I walk teenager water plant let I tell experience also one plant leaf spot I resent timingbut probably I check daily sigh soooooon,pest,negative
1117,bacteria,Nnaemeka Paschal,https://twitter.com/Nna_Paschal,Improper use or application of pesticides on plants can lead to phytotoxicity presenting as leaf spots scorch or tip burn often confused with other issues. This can occur when spraying stressed plants or using seemingly harmless substances like insecticidal soaps,2023-12-02T08:24:44.000Z,improper use application pesticide plant lead phytotoxicity presenting leaf spot scorch tip burn often confuse issue occur spray stress plant use seemingly harmless substance like insecticidal soap,"usage,pest","negative,negative"
1118,bacteria,Rassin,https://twitter.com/rassinroshanseo,How to be an effective #Gardner? Hers is a link on how to identify the many plant illnesses from leaf spots root rots and insect attacks on your plants. Social distancing can be a good thing to learn more about gardening!  https://earthbox.com/common-plant-problems#anthracnose…,2020-07-09T10:02:38.000Z,effective gardner link identify many plant illness leaf spot root rot insect attack plant social distancing good thing learn garden  ,"effectiveness,pest","positive,negative"
1119,bacteria,Tropical Fish Forums,https://twitter.com/TFFUK,Java Fern browning leaf with spots: I got some aquarium plants a couple of days ago to put… https://goo.gl/fb/z5AWTD,2018-05-28T21:04:15.000Z,java fern brown leaf spot I get aquarium plant couple day ago put,pest,neutral
1120,bacteria,WayNorth Enterprises,https://twitter.com/WayNorth_ENT,Gardening North of 60 - Tomato plant leaf spots! Foamy white stuff on the squash plants! Tune in to find out what went wrong and what we did about it.Gardening in the Yukon | Drama in the Greenhouse! https://youtu.be/ZiqWBlA_HkQ via @YouTube #yukon #gardeningtips #northerngardening,2020-08-13T16:10:55.000Z,garden north 60   tomato plant leaf spot foamy white stuff squash plant tune find go wrong itgardene yukon   drama greenhouse   via youtube yukon gardeningtip northerngardening,pest,neutral
1121,bacteria,⁣ ⁣ᝰ ‘ ` 𝙉Ø✗ .ᐟ ′ ’,https://twitter.com/N0XIOUSICH0R,Theyve finished watering some of the plants tonight. No leaf spots. Currently his favorite being an orchid in fabulous condition.,2023-07-19T04:30:14.000Z,finish water plant tonight leaf spot currently favorite orchid fabulous condition,control methods,positive
1122,bacteria,Caspian: Disaster Coded,https://twitter.com/CaspianTheGeek,I just walked my teenager through watering all my plants and let me tell you that was an experience for both of us and also more than one plant has leaf spots and I resent their timing.But its probably because Im not checking them over daily sigh. Soooooon.,2021-02-15T20:21:30.000Z,I walk teenager water plant let I tell experience also one plant leaf spot I resent timingbut probably I check daily sigh soooooon,pest,negative
1123,bacteria,Botanical University Challenge,https://twitter.com/BUCBotany,Plants as #fossils. This member of spurge family #Euphorbiaceae from #Gondwana found in #Argentina. Thread of lovely pictures #fruits and #leaves including spots from fungal infection on one leaf! Fruits food for ancient #mammals and #birds.,2023-05-03T03:09:54.000Z,plant fossil member spurge family euphorbiaceae gondwana find argentina thread lovely picture fruit leave include spot fungal infection one leaf fruit food ancient mammal bird,pest,neutral
1124,bacteria,⁣ ⁣ᝰ ‘ ` 𝙉Ø✗ .ᐟ ′ ’,https://twitter.com/N0XIOUSICH0R,Theyve finished watering some of the plants tonight. No leaf spots. Currently his favorite being an orchid in fabulous condition.,2023-07-19T04:30:14.000Z,finish water plant tonight leaf spot currently favorite orchid fabulous condition,control methods,positive
1125,bacteria,Caspian: Disaster Coded,https://twitter.com/CaspianTheGeek,I just walked my teenager through watering all my plants and let me tell you that was an experience for both of us and also more than one plant has leaf spots and I resent their timing.But its probably because Im not checking them over daily sigh. Soooooon.,2021-02-15T20:21:30.000Z,I walk teenager water plant let I tell experience also one plant leaf spot I resent timingbut probably I check daily sigh soooooon,pest,negative
1126,bacteria,Botanical University Challenge,https://twitter.com/BUCBotany,Plants as #fossils. This member of spurge family #Euphorbiaceae from #Gondwana found in #Argentina. Thread of lovely pictures #fruits and #leaves including spots from fungal infection on one leaf! Fruits food for ancient #mammals and #birds.,2023-05-03T03:09:54.000Z,plant fossil member spurge family euphorbiaceae gondwana find argentina thread lovely picture fruit leave include spot fungal infection one leaf fruit food ancient mammal bird,pest,neutral
1127,bacteria,Arber,https://twitter.com/growarber,Tip 03 — Spritz plants every 10-14 days with our Bio Protectant to boost plants defenses and protect from leaf spots. Grab your Bio Protectant here: https://growarber.com/products/bio-protectant…,2021-07-29T01:22:45.000Z,tip 03   spritz plant every 1014 day bio protectant boost plant defense protect leaf spot grab bio protectant,pest,positive
1128,bacteria,NC Botanical Garden,https://twitter.com/NCBotGarden,We have several vernal pools on our properties. Spotted salamanders lay their eggs in them in late winter anchoring their jelly-covered egg masses to plants in the water. When the larvae hatch the leaf litter at the bottom of the ponds provides plenty of spots for them to hide.,2021-02-26T22:43:16.000Z,several vernal pool property spot salamander lie egg late winter anchor jellycovered egg masse plant water larvae hatch leaf litter bottom pond provide plenty spot hide,pest,neutral
1129,bacteria,Botanical University Challenge,https://twitter.com/BUCBotany,Plants as #fossils. This member of spurge family #Euphorbiaceae from #Gondwana found in #Argentina. Thread of lovely pictures #fruits and #leaves including spots from fungal infection on one leaf! Fruits food for ancient #mammals and #birds.,2023-05-03T03:09:54.000Z,plant fossil member spurge family euphorbiaceae gondwana find argentina thread lovely picture fruit leave include spot fungal infection one leaf fruit food ancient mammal bird,pest,neutral
1130,bacteria,Arber,https://twitter.com/growarber,Tip 03 — Spritz plants every 10-14 days with our Bio Protectant to boost plants defenses and protect from leaf spots. Grab your Bio Protectant here: https://growarber.com/products/bio-protectant…,2021-07-29T01:22:45.000Z,tip 03   spritz plant every 1014 day bio protectant boost plant defense protect leaf spot grab bio protectant,pest,positive
1131,bacteria,NC Botanical Garden,https://twitter.com/NCBotGarden,We have several vernal pools on our properties. Spotted salamanders lay their eggs in them in late winter anchoring their jelly-covered egg masses to plants in the water. When the larvae hatch the leaf litter at the bottom of the ponds provides plenty of spots for them to hide.,2021-02-26T22:43:16.000Z,several vernal pool property spot salamander lie egg late winter anchor jellycovered egg masse plant water larvae hatch leaf litter bottom pond provide plenty spot hide,pest,neutral
1132,bacteria,Tom Allen,https://twitter.com/baldpathologist,Plants aren’t responding correctly and taking up what’s present in the soil (as a result of drought and heavy boll load). The organisms that cause the leaf spots in the upper foliage are “trash” fungi not aggressive and rely on the plant’s weakness to feed on the foliage.,2020-08-10T10:18:59.000Z,plant respond correctly take present soil result drought heavy boll load organism cause leaf spot upper foliage trash fungus aggressive rely plant weakness feed foliage,"effectiveness,pest","negative,negative"
1133,bacteria,NC Botanical Garden,https://twitter.com/NCBotGarden,We have several vernal pools on our properties. Spotted salamanders lay their eggs in them in late winter anchoring their jelly-covered egg masses to plants in the water. When the larvae hatch the leaf litter at the bottom of the ponds provides plenty of spots for them to hide.,2021-02-26T22:43:16.000Z,several vernal pool property spot salamander lie egg late winter anchor jellycovered egg masse plant water larvae hatch leaf litter bottom pond provide plenty spot hide,pest,neutral
1134,bacteria,Tom Allen,https://twitter.com/baldpathologist,Plants aren’t responding correctly and taking up what’s present in the soil (as a result of drought and heavy boll load). The organisms that cause the leaf spots in the upper foliage are “trash” fungi not aggressive and rely on the plant’s weakness to feed on the foliage.,2020-08-10T10:18:59.000Z,plant respond correctly take present soil result drought heavy boll load organism cause leaf spot upper foliage trash fungus aggressive rely plant weakness feed foliage,"effectiveness,pest","negative,negative"
1135,bacteria,Peter Cowlrick,https://twitter.com/PeterCowlrick,Looks a bit like it but perhaps at an earlier leaf expression stage ? Where I have seen it plants have multiple leaf spots in foci,2018-03-09T14:29:11.000Z,look bit like perhaps early leaf expression stage   I see plant multiple leaf spot foci,pest,neutral
1136,bacteria,not used,https://twitter.com/NutrixealL,WATCH AND ICON EFFECTIVE FOR CONTROL : . It protects plants against fungal & bacterial disease like powder & downy mildew  red rots  oil & dark spots on fruits  leaf burning  Bacterial plait etc.  DOSAGE : • Use 2.5 to 3ml per liter of water,2020-08-14T14:40:00.000Z,watch icon effective control    protect plant fungal   bacterial disease like powder   downy mildew   red rot   oil   dark spot fruit   leaf burn   bacterial plait etc   dosage    use 25 3ml per liter water,"effectiveness,pest,usage","positive,positive,positive"
1137,bacteria,Abra Lee,https://twitter.com/ConquerTheSoil,If I saw spots showing up on my skin I’d start asking questions  So when you see spots showing up on your plants you need to start asking questions too. This disease Bacterial Speck rudely invited its way into my Mama’s tomato garden. Not cute.,2018-07-25T23:03:28.000Z,I see spot show skin start ask question   see spot show plant need start ask question disease bacterial speck rudely invite way mama tomato garden cute,pest,negative
1138,bacteria,not used,https://twitter.com/NutrixealL,WATCH AND ICON EFFECTIVE FOR CONTROL : . It protects plants against fungal & bacterial disease like powder & downy mildew  red rots  oil & dark spots on fruits  leaf burning  Bacterial plait etc.  DOSAGE : • Use 2.5 to 3ml per liter of water,2020-08-14T14:40:00.000Z,watch icon effective control    protect plant fungal   bacterial disease like powder   downy mildew   red rot   oil   dark spot fruit   leaf burn   bacterial plait etc   dosage    use 25 3ml per liter water,"effectiveness,pest,usage","positive,positive,positive"
1139,bacteria,Abra Lee,https://twitter.com/ConquerTheSoil,If I saw spots showing up on my skin I’d start asking questions  So when you see spots showing up on your plants you need to start asking questions too. This disease Bacterial Speck rudely invited its way into my Mama’s tomato garden. Not cute.,2018-07-25T23:03:28.000Z,I see spot show skin start ask question   see spot show plant need start ask question disease bacterial speck rudely invite way mama tomato garden cute,pest,negative
1140,bacteria,John Olive,https://twitter.com/SouthALPlantDoc,Nice diagnostic treat for a late Friday afternoon. Angular leaf spots could be downy mildew or bacteria but the emerging worms from cut leaves mean it is foliar nematodes on this Salvia elegans.  For us the plants usually outgrow the damage and no control is required.,2019-02-22T22:57:03.000Z,nice diagnostic treat late friday afternoon angular leaf spot could downy mildew bacteria emerge worm cut leave mean foliar nematode salvia elegan   plant usually outgrow damage control require,control methods,negative
1141,bacteria,Abra Lee,https://twitter.com/ConquerTheSoil,If I saw spots showing up on my skin I’d start asking questions  So when you see spots showing up on your plants you need to start asking questions too. This disease Bacterial Speck rudely invited its way into my Mama’s tomato garden. Not cute.,2018-07-25T23:03:28.000Z,I see spot show skin start ask question   see spot show plant need start ask question disease bacterial speck rudely invite way mama tomato garden cute,pest,negative
1142,bacteria,John Olive,https://twitter.com/SouthALPlantDoc,Nice diagnostic treat for a late Friday afternoon. Angular leaf spots could be downy mildew or bacteria but the emerging worms from cut leaves mean it is foliar nematodes on this Salvia elegans.  For us the plants usually outgrow the damage and no control is required.,2019-02-22T22:57:03.000Z,nice diagnostic treat late friday afternoon angular leaf spot could downy mildew bacteria emerge worm cut leave mean foliar nematode salvia elegan   plant usually outgrow damage control require,control methods,negative
1143,bacteria,John Olive,https://twitter.com/SouthALPlantDoc,Nice diagnostic treat for a late Friday afternoon. Angular leaf spots could be downy mildew or bacteria but the emerging worms from cut leaves mean it is foliar nematodes on this Salvia elegans.  For us the plants usually outgrow the damage and no control is required.,2019-02-22T22:57:03.000Z,nice diagnostic treat late friday afternoon angular leaf spot could downy mildew bacteria emerge worm cut leave mean foliar nematode salvia elegan   plant usually outgrow damage control require,control methods,negative
1144,bacteria,Mercy For Animals,https://twitter.com/MercyForAnimals,Like cow pig and chicken factory farms fish farms have become hot spots for drug-resistant bacteria the spread of diseases and animal suffering.  Save fish and our oceans by choosing plant-based!,2022-04-25T01:00:02.000Z,like cow pig chicken factory farm fish farm become hot spot drugresistant bacteria spread disease animal suffering   save fish ocean choose plantbased,pest,negative
1145,bacteria,Marina Barsoum,https://twitter.com/Marina_Bio117,Brown spots on a plant in basement of the lib Potential bacterial disease or just lack of nutrition? @everydaybotany,2022-04-25T01:00:02.000Z,brown spot plant basement lib potential bacterial disease lack nutrition everydaybotany,pest,neutral
1146,bacteria,Mercy For Animals,https://twitter.com/MercyForAnimals,Like cow pig and chicken factory farms fish farms have become hot spots for drug-resistant bacteria the spread of diseases and animal suffering.  Save fish and our oceans by choosing plant-based!,2022-04-25T01:00:02.000Z,like cow pig chicken factory farm fish farm become hot spot drugresistant bacteria spread disease animal suffering   save fish ocean choose plantbased,pest,negative
1147,bacteria,Big K Fertilizer,https://twitter.com/FertilizerK,Remember to RSVP as spots are filling quickly!! Learn about humics @BEHumic Biosul and Replenish with @ElstonSolberg Plant Growth Promoting bacteria from @AdvancedAgTech and Alpine Liquids @alpinepfl  @waringaag,2020-02-28T17:09:47.000Z,remember rsvp spot fill quickly learn humic behumic biosul replenish elstonsolberg plant growth promote bacteria advancedagtech alpine liquid alpinepfl   waringaag,pest,positive
1148,bacteria,Mercy For Animals,https://twitter.com/MercyForAnimals,Like cow pig and chicken factory farms fish farms have become hot spots for drug-resistant bacteria the spread of diseases and animal suffering.  Save fish and our oceans by choosing plant-based!,2022-04-25T01:00:02.000Z,like cow pig chicken factory farm fish farm become hot spot drugresistant bacteria spread disease animal suffering   save fish ocean choose plantbased,pest,negative
1149,bacteria,Big K Fertilizer,https://twitter.com/FertilizerK,Remember to RSVP as spots are filling quickly!! Learn about humics @BEHumic Biosul and Replenish with @ElstonSolberg Plant Growth Promoting bacteria from @AdvancedAgTech and Alpine Liquids @alpinepfl  @waringaag,2020-02-28T17:09:47.000Z,remember rsvp spot fill quickly learn humic behumic biosul replenish elstonsolberg plant growth promote bacteria advancedagtech alpine liquid alpinepfl   waringaag,pest,positive
1150,bacteria,Big K Fertilizer,https://twitter.com/FertilizerK,Remember to RSVP as spots are filling quickly!! Learn about humics @BEHumic Biosul and Replenish with @ElstonSolberg Plant Growth Promoting bacteria from @AdvancedAgTech and Alpine Liquids @alpinepfl  @waringaag,2020-02-28T17:09:47.000Z,remember rsvp spot fill quickly learn humic behumic biosul replenish elstonsolberg plant growth promote bacteria advancedagtech alpine liquid alpinepfl   waringaag,pest,positive
1151,bacteria,Adesanya Omotomiwa,https://twitter.com/ImOnlyTM,Hot Slender F1Plant is very adaptable variety for growing in many regions.The plant has ability to withstand harsh growing conditions.Notable field tolerance to thrips mites and TOBAMO virus Tomato Mosaic virus and bacterial spots.Long hot chilli for the cold weather,2019-08-28T07:13:56.000Z,hot slender f1plant adaptable variety grow many regionsthe plant ability withstand harsh grow conditionsnotable field tolerance thrips mites tobamo virus tomato mosaic virus bacterial spotslong hot chilli cold weather,pest,positive
1152,bacteria,BirdSniff,https://twitter.com/BirdSniff,Will completely rearrange once I get the driftwood in.. Havent had timeBut now that the light is here transferred the plants into temp spots. Currently feeding the tank tbh might just put a raw shrimp in there the feed the bacteria,2019-08-28T07:13:56.000Z,completely rearrange I get driftwood timebut light transfer plant temp spot currently feed tank tbh might put raw shrimp feed bacteria,pest,neutral
1153,bacteria,Adesanya Omotomiwa,https://twitter.com/ImOnlyTM,Hot Slender F1Plant is very adaptable variety for growing in many regions.The plant has ability to withstand harsh growing conditions.Notable field tolerance to thrips mites and TOBAMO virus Tomato Mosaic virus and bacterial spots.Long hot chilli for the cold weather,2019-08-28T07:13:56.000Z,hot slender f1plant adaptable variety grow many regionsthe plant ability withstand harsh grow conditionsnotable field tolerance thrips mites tobamo virus tomato mosaic virus bacterial spotslong hot chilli cold weather,pest,positive
1154,bacteria,Texas A&M AgriLife Extension Service,https://twitter.com/txextension,Pepper plants bombarded with Bacterial Spots: @txplantclinic http://ow.ly/5hT33018G0X,2016-06-20T00:20:16.000Z,pepper plant bombard bacterial spot txplantclinic,pest,negative
1155,bacteria,Adesanya Omotomiwa,https://twitter.com/ImOnlyTM,Hot Slender F1Plant is very adaptable variety for growing in many regions.The plant has ability to withstand harsh growing conditions.Notable field tolerance to thrips mites and TOBAMO virus Tomato Mosaic virus and bacterial spots.Long hot chilli for the cold weather,2019-08-28T07:13:56.000Z,hot slender f1plant adaptable variety grow many regionsthe plant ability withstand harsh grow conditionsnotable field tolerance thrips mites tobamo virus tomato mosaic virus bacterial spotslong hot chilli cold weather,pest,positive
1156,bacteria,Texas A&M AgriLife Extension Service,https://twitter.com/txextension,Pepper plants bombarded with Bacterial Spots: @txplantclinic http://ow.ly/5hT33018G0X,2016-06-20T00:20:16.000Z,pepper plant bombard bacterial spot txplantclinic,pest,negative
1157,bacteria,Margc Cherry,https://twitter.com/MargcCherry,Made with all plant based ingredients our natural products nourish and rejuvenate from head to toe. Our floral blend of Natural Aloe Deodorant Spray delivers neutralizing power to eliminate odor and bacterial growth in your most sensitive spots. Natural… https://ift.tt/2Phl71Y,2019-10-25T20:29:38.000Z,make plant base ingredient natural product nourish rejuvenate head toe floral blend natural aloe deodorant spray deliver neutralize power eliminate odor bacterial growth sensitive spot natural,"usage,pest","positive,positive"
1158,bacteria,Texas A&M AgriLife Extension Service,https://twitter.com/txextension,Pepper plants bombarded with Bacterial Spots: @txplantclinic http://ow.ly/5hT33018G0X,2016-06-20T00:20:16.000Z,pepper plant bombard bacterial spot txplantclinic,pest,negative
1159,bacteria,Margc Cherry,https://twitter.com/MargcCherry,Made with all plant based ingredients our natural products nourish and rejuvenate from head to toe. Our floral blend of Natural Aloe Deodorant Spray delivers neutralizing power to eliminate odor and bacterial growth in your most sensitive spots. Natural… https://ift.tt/2Phl71Y,2019-10-25T20:29:38.000Z,make plant base ingredient natural product nourish rejuvenate head toe floral blend natural aloe deodorant spray deliver neutralize power eliminate odor bacterial growth sensitive spot natural,"usage,pest","positive,positive"
1160,bacteria,John Olive,https://twitter.com/SouthALPlantDoc,Bacterial leaf spot on Gardenia Frostproof. Diagnosed from microscopic streaming of leaf spots. Identified as a Xanthomonas on previous samples. In the past caused aesthetic damage but not long lasting and plants quickly recovered. Likely dependent on favorable environment.,2019-02-12T15:19:44.000Z,bacterial leaf spot gardenia frostproof diagnose microscopic streaming leaf spot identify xanthomonas previous sample past cause aesthetic damage long last plant quickly recover likely dependent favorable environment,"pest,toxicity","negative,neutral"
1161,bacteria,Margc Cherry,https://twitter.com/MargcCherry,Made with all plant based ingredients our natural products nourish and rejuvenate from head to toe. Our floral blend of Natural Aloe Deodorant Spray delivers neutralizing power to eliminate odor and bacterial growth in your most sensitive spots. Natural… https://ift.tt/2Phl71Y,2019-10-25T20:29:38.000Z,make plant base ingredient natural product nourish rejuvenate head toe floral blend natural aloe deodorant spray deliver neutralize power eliminate odor bacterial growth sensitive spot natural,"usage,pest","positive,positive"
1162,bacteria,John Olive,https://twitter.com/SouthALPlantDoc,Bacterial leaf spot on Gardenia Frostproof. Diagnosed from microscopic streaming of leaf spots. Identified as a Xanthomonas on previous samples. In the past caused aesthetic damage but not long lasting and plants quickly recovered. Likely dependent on favorable environment.,2019-02-12T15:19:44.000Z,bacterial leaf spot gardenia frostproof diagnose microscopic streaming leaf spot identify xanthomonas previous sample past cause aesthetic damage long last plant quickly recover likely dependent favorable environment,"pest,toxicity","negative,neutral"
1163,bacteria,Journal of Plant Pathology & Microbiology,https://twitter.com/JPlantPathol,#Bacterial #Diseases of #Plants:Bacteria as plant pathogens  can cause severe economically damaging diseases ranging from spots  mosaic patterns or pustules on leaves and fruits or smelly tuber rots  to plant death.https://omicsonline.org/scholarly/bacterial-diseases-of-plants-journals-articles-ppts-list.php…,2018-06-08T04:43:24.000Z,bacterial disease plantsbacteria plant pathogen   cause severe economically damaging disease range spot   mosaic pattern pustule leave fruit smelly tuber rot   plant death,pest,negative
1164,bacteria,Soursop Fruit,https://twitter.com/SoursopF,Soursop is so effective for the skin that the leaves of the plant are used to glow the skin it also protects your skin from #bacterial and microbial infections. Helps reduce wrinkles and fine lines and improve the appearance of pigmented spots and pimples. Shop Now,2020-03-21T11:40:37.000Z,soursop effective skin leave plant use glow skin also protect skin bacterial microbial infection help reduce wrinkle fine line improve appearance pigment spot pimple shop,"effectiveness,usage,pest",
1165,bacteria,John Olive,https://twitter.com/SouthALPlantDoc,Bacterial leaf spot on Gardenia Frostproof. Diagnosed from microscopic streaming of leaf spots. Identified as a Xanthomonas on previous samples. In the past caused aesthetic damage but not long lasting and plants quickly recovered. Likely dependent on favorable environment.,2019-02-12T15:19:44.000Z,bacterial leaf spot gardenia frostproof diagnose microscopic streaming leaf spot identify xanthomonas previous sample past cause aesthetic damage long last plant quickly recover likely dependent favorable environment,"pest,toxicity","negative,neutral"
1166,bacteria,Journal of Plant Pathology & Microbiology,https://twitter.com/JPlantPathol,#Bacterial #Diseases of #Plants:Bacteria as plant pathogens  can cause severe economically damaging diseases ranging from spots  mosaic patterns or pustules on leaves and fruits or smelly tuber rots  to plant death.https://omicsonline.org/scholarly/bacterial-diseases-of-plants-journals-articles-ppts-list.php…,2018-06-08T04:43:24.000Z,bacterial disease plantsbacteria plant pathogen   cause severe economically damaging disease range spot   mosaic pattern pustule leave fruit smelly tuber rot   plant death,pest,negative
1167,bacteria,Soursop Fruit,https://twitter.com/SoursopF,Soursop is so effective for the skin that the leaves of the plant are used to glow the skin it also protects your skin from #bacterial and microbial infections. Helps reduce wrinkles and fine lines and improve the appearance of pigmented spots and pimples. Shop Now,2020-03-21T11:40:37.000Z,soursop effective skin leave plant use glow skin also protect skin bacterial microbial infection help reduce wrinkle fine line improve appearance pigment spot pimple shop,"effectiveness,usage,pest","positive,positive,positive"
1168,bacteria,not used,https://twitter.com/NutrixealL,HOTSPOT EFFECTIVE FOR CONTROL : . It protects plants against fungal & bacterial disease like powder & downy mildew  red rots  oil & dark spots on fruits  leaf burning  Bacterial plait etc. • HOTSPOT is very effective & constant result Copper mixture.,2020-08-13T17:17:40.000Z,hotspot effective control    protect plant fungal   bacterial disease like powder   downy mildew   red rot   oil   dark spot fruit   leaf burn   bacterial plait etc   hotspot effective   constant result copper mixture,"effectiveness,pest","positive,positive"
1169,bacteria,Soursop Fruit,https://twitter.com/SoursopF,Soursop is so effective for the skin that the leaves of the plant are used to glow the skin it also protects your skin from #bacterial and microbial infections. Helps reduce wrinkles and fine lines and improve the appearance of pigmented spots and pimples. Shop Now,2020-03-21T11:40:37.000Z,soursop effective skin leave plant use glow skin also protect skin bacterial microbial infection help reduce wrinkle fine line improve appearance pigment spot pimple shop,"effectiveness,usage,pest","positive,positive,positive"
1170,bacteria,not used,https://twitter.com/NutrixealL,HOTSPOT EFFECTIVE FOR CONTROL : . It protects plants against fungal & bacterial disease like powder & downy mildew  red rots  oil & dark spots on fruits  leaf burning  Bacterial plait etc. • HOTSPOT is very effective & constant result Copper mixture.,2020-08-13T17:17:40.000Z,hotspot effective control    protect plant fungal   bacterial disease like powder   downy mildew   red rot   oil   dark spot fruit   leaf burn   bacterial plait etc   hotspot effective   constant result copper mixture,"effectiveness,pest","positive,positive"
1171,bacteria,Lagrange Point,https://twitter.com/LagrangePodcast,Bacteria ends up in spots its not meant to be and redirects food away from plant cells.  #podcast #science https://podbean.com/media/share/pb-gav46-120cb5c…,2022-04-28T01:13:00.000Z,bacteria end spot mean redirect food away plant cell   podcast science,pest,negative
1172,bacteria,Kurai Agricultural Technology,https://twitter.com/KuraiAgriTech,Today we take a minute to examine the Varnish Spot. This is caused by bacteria called Pseudomonas cichorii and leaves brown spots in the midrib of the lettuce plant. #Kurai #agritech #precisionagriculture #ThursdayThoughts,2020-03-12T13:38:40.000Z,today take minute examine varnish spot cause bacteria call pseudomonas cichorii leave brown spot midrib lettuce plant kurai agritech precisionagriculture thursdaythought,pest,neutral
1173,bacteria,not used,https://twitter.com/NutrixealL,HOTSPOT EFFECTIVE FOR CONTROL : . It protects plants against fungal & bacterial disease like powder & downy mildew  red rots  oil & dark spots on fruits  leaf burning  Bacterial plait etc. • HOTSPOT is very effective & constant result Copper mixture.,2020-08-13T17:17:40.000Z,hotspot effective control    protect plant fungal   bacterial disease like powder   downy mildew   red rot   oil   dark spot fruit   leaf burn   bacterial plait etc   hotspot effective   constant result copper mixture,"effectiveness,pest","positive,positive"
1174,bacteria,Lagrange Point,https://twitter.com/LagrangePodcast,Bacteria ends up in spots its not meant to be and redirects food away from plant cells.  #podcast #science https://podbean.com/media/share/pb-gav46-120cb5c…,2022-04-28T01:13:00.000Z,bacteria end spot mean redirect food away plant cell   podcast science,pest,negative
1175,bacteria,Kurai Agricultural Technology,https://twitter.com/KuraiAgriTech,Today we take a minute to examine the Varnish Spot. This is caused by bacteria called Pseudomonas cichorii and leaves brown spots in the midrib of the lettuce plant. #Kurai #agritech #precisionagriculture #ThursdayThoughts,2020-03-12T13:38:40.000Z,today take minute examine varnish spot cause bacteria call pseudomonas cichorii leave brown spot midrib lettuce plant kurai agritech precisionagriculture thursdaythought,pest,neutral
1176,bacteria,Mary Smith Gardening Tools & gift Ideas,https://twitter.com/MaryTools,Image result for bacterial spot of plantsMany ornamental and edible plants display dark necrotic-looking spots on their leaves. This is a symptom of bacterial leaf spot disease. Bacterial leaf spots on plants will discolor and in extreme cases kill leaves.,2021-02-25T08:33:13.000Z,image result bacterial spot plantsmany ornamental edible plant display dark necroticlooking spot leave symptom bacterial leaf spot disease bacterial leaf spot plant discolor extreme case kill leave,"effectiveness,pest","negative,negative"
1177,bacteria,Ruhaani.BeBeautiful,https://twitter.com/RBebeautiful,The berries from the Sea Buckthorn plant actually contain up to a whopping 12 times the amount of Vitamin C in Oranges!This makes it great for brightening the skin and evening out any pigmentation or age spots. acne-causing bacteria.https://m.facebook.com/story.php?story_fbid=2788991837847248&id=1389260347820411…,2020-02-18T09:58:07.000Z,berry sea buckthorn plant actually contain whopping 12 time amount vitamin c orangesthis make great brighten skin evening pigmentation age spot acnecause bacteria,pest,positive
1178,bacteria,Juniper Kiss,https://twitter.com/GOESbyJuniper,Im touching wood whilst writing this tweet - but yeey I seem to have induced spontaneous mutation in my awesome plant-growth promoting #bacteria!!   Those little spots are a sign that my experiments at @edenproject are a possibility!  @rachywarmington #phdlife,2020-02-25T07:51:25.000Z,I touch wood whilst write tweet   yeey I seem induce spontaneous mutation awesome plantgrowth promote bacteria    little spot sign experiment edenproject possibility   rachywarmington phdlife,pest,positive
1179,bacteria,Irina Shayk,https://twitter.com/IrinaSh28365455,Solids sitting in the tank for an extended period of time can also lead to the growth of harmful bacteria that can cause odors and root intrusion into nearby plants causing brown spots. To get more info visit here #Degorgementfosseseptique https://ak-assainissement.com/vidange-fosse-septique/…,2022-07-14T05:15:08.000Z,solid sit tank extended period time also lead growth harmful bacteria cause odor root intrusion nearby plant cause brown spot get info visit degorgementfosseseptique,"toxicity,pest","negative,negative"
1180,bacteria,Plant Pathology & Agriculture,https://twitter.com/PathologyPlant,#Xanthomonas #campestris pv. #vesicatora is a bacterium that causes bacterial leaf spot on #peppers and #tomatoes. It is a #gram-negative and rod-shaped. It causes #symptoms throughout the above-ground portion of the plant including leaf spots fruit spots and stem cankers,2018-11-14T22:31:22.000Z,xanthomonas campestris pv vesicatora bacterium cause bacterial leaf spot pepper tomatoe gramnegative rodshape cause symptom throughout aboveground portion plant include leaf spot fruit spot stem canker,pest,neutral
1181,bacteria,Aa Facility Services,https://twitter.com/Aa_Facility_Svc,These areas in a food processing plant are hot spots for bacteria! http://ow.ly/zehQ50MmfPl #Aa_Facility_Svc #Janitorial #cleaning #industrial | http://AaServiceAndSupply.com,2023-01-10T01:55:50.000Z,area food processing plant hot spot bacteria   aa_facility_svc janitorial clean industrial  ,pest,negative
1182,bacteria,Kamal Nahas,https://twitter.com/KLNahas,What causes brown spots on leaves?Bacteria that drain water & nutrients out of plant cells are one culprit. @DukeU scientists found a way to save crops by blocking this attack. New piece at @TheScientistLLC  Thx to @wenboEffector @minu_pr @dmgerhard,2023-11-09T17:41:47.000Z,cause brown spot leavesbacteria drain water   nutrient plant cell one culprit dukeu scientist find way save crop block attack new piece thescientistllc   thx wenboeffector minu_pr dmgerhard,control methods,positive
1183,bacteria,Cori George,https://twitter.com/heyletsmakestuf,*googles why my pothos plant has some brown spots*Internet: Pothos leaves turn brown because of overwatering underwatering too little or too much light too little or too much fertilizer or bacterial leaf spot disease. Cleared that right up.,2021-01-31T17:08:19.000Z,google pothos plant brown spotsinternet pothos leave turn brown overwatere underwatere little much light little much fertilizer bacterial leaf spot disease clear right,pest,neutral
1184,bacteria,𝕾𝖊𝖙𝖍,https://twitter.com/hellebxrus,2 of my plants have brown spots on them I’m thinking it’s fungus or bacterial problem. Anyone know any solution to help ?,2020-08-26T04:35:36.000Z,2 plant brown spot I think fungus bacterial problem anyone know solution help,pest,neutral
1185,bacteria,Kent Tsom,https://twitter.com/kent_ts,Has anyone used fabric grow bags for indoor plants? Thinking of switching my giant peace lily into one which has brown leaf and stem spots (maybe fugal or bacterial maybe environmentally caused) to get the roots some air. Thoughts? via:,2018-04-07T00:15:56.000Z,anyone use fabric grow bag indoor plant think switch giant peace lily one brown leaf stem spot maybe fugal bacterial maybe environmentally cause get root air thought via,"usage,pest","neutral,neutral"
1186,bacteria,Farm Option,https://twitter.com/FarmOption,There are an array of different fungal and bacterial diseases that cause spots to form on the fruit and/or leaves in passion fruits. These spots often reduce the vigour of the plant cause leaves to yellow and fall off and/or can cause fruit to become inedible. #TalkAgriBiz,2020-02-15T12:41:21.000Z,array different fungal bacterial disease cause spot form fruit andor leave passion fruit spot often reduce vigour plant cause leave yellow fall andor cause fruit become inedible talkagribiz,pest,negative
1187,bacteria,Criss Cross Tamizh - CCT,https://twitter.com/CrissCrossTamiz,Tiny microorganisms are spread to humans and cause several viral diseases. Spreading of bacteria or through gardening plants such micro spots are formed.,2022-07-23T02:34:57.000Z,tiny microorganism spread human cause several viral disease spread bacteria gardening plant micro spot form,pest,negative
1188,bacteria,Mr Tree Inc,https://twitter.com/MrTreeInc,#MrTreeDidYouKnow: Do you ever wonder why leaves get brown spots on them? The brown spots seen on leaves are usually caused by a fungal infection or bacteria. Despite possible concerns for the tree this is a common issue and the plant is normally in good health.,2019-01-18T18:05:09.000Z,mrtreedidyouknow ever wonder leave get brown spot brown spot see leave usually cause fungal infection bacteria despite possible concern tree common issue plant normally good health,pest,positive
1189,bacteria,Journal of Plant Pathology & Microbiology,https://twitter.com/JPlantPathol,Bacteria as plant pathogens can cause severe economically damaging diseases ranging from spots mosaic patterns or pustules on leaves and fruits or smelly tuber rots to plant death.https://walshmedicalmedia.com/plant-pathology-microbiology.html…https://walshmedicalmedia.com/submissions/plant-pathology-microbiology.html…#plants #microbiology,2022-03-25T12:33:14.000Z,bacteria plant pathogen cause severe economically damaging disease range spot mosaic pattern pustule leave fruit smelly tuber rot plant death microbiology,pest,negative
1191,bacteria,Nadine Hillock,https://twitter.com/nadinehillock,Need to target disposal of unused antibiotics - wastewater treatment plants hot spots for spread of #resistance by horizontal gene transfer due to high bacterial density & nutrient richness #antibiotics #PublicHealth #Environment https://unenvironment.org/resources/frontiers-2017-emerging-issues-environmental-concern…,2018-01-08T05:51:08.000Z,need target disposal unused antibiotic   wastewater treatment plant hot spot spread resistance horizontal gene transfer due high bacterial density   nutrient richness antibiotic publichealth environment,pest,negative
1192,bacteria,Med Dictionary Bot,https://twitter.com/med_words,Definition of BLACK SPOT :  any of several bacterial or fungal diseases of plants characterized by black spots or blotches especially on the,2016-09-02T03:32:16.000Z,definition black spot   several bacterial fungal disease plant characterize black spot blotch especially,pest,neutral
1193,bacteria,Bob Stewart,https://twitter.com/BobStewart723,Warm/hot temperatures and nearly daily rain showers and thunderstorms are a perfect environment for the disease  bacterial leaf spot of tomatoes.  Symptoms include very small brown spots surrounded by a yellow halo.  In a short time infected leaves will drop from the plant.,2019-08-05T20:19:59.000Z,warmhot temperature nearly daily rain shower thunderstorm perfect environment disease   bacterial leaf spot tomato   symptom include small brown spot surround yellow halo   short time infect leave drop plant,pest,negative
1195,bacteria,Fossil Agro,https://twitter.com/fossil_agro,BACTERIAL CANKER OF TOMATOESCankers cause yield losses that range from 70-80%. Bacterial canker is seen on each growth stage of the plants’ life. Small white raised spots may form on leaves of seedlings.http://fossilagro.com/.../bacterial-canker-of-tomatoes… #fossilagrozim #smartfarming #cankeroftomatoes,2021-02-20T09:58:27.000Z,bacterial canker tomatoescanker cause yield loss range 7080 bacterial canker see growth stage plant life small white raise spot may form leave seedling fossilagrozim smartfarming cankeroftomatoe,pest,negative
1196,bacteria,NaturaTech,https://twitter.com/natura_tech,Unusual plant immune response to bacterial infection characterized When you see brown spots on ot https://sciencedaily.com/releases/2018/01/180108130201.htm…,2018-01-09T10:21:15.000Z,unusual plant immune response bacterial infection characterize see brown spot ot,pest,neutral
1198,bacteria,Natural Silver Solution KE,https://twitter.com/naturalsilvers1,Good news!!Did you know that plants love Colloidal Silver too?Using colloidal silver in watering plants helps remove pests from plants shrubs and fruits. Helps fight white spots bacteria fungus mold and dust mites.,2023-05-23T06:26:27.000Z,good newsdid know plant love colloidal silver toouse colloidal silver watering plant help remove pest plant shrub fruit helps fight white spot bacteria fungus mold dust mite,control methods,positive
1199,bacteria,Butterflies Eyecare,https://twitter.com/ButterfliesEC,Do you have spot-prone skin?For spots pimples and acne our purifying cream contains anti-bacterial zinc and anti-inflammatory plant extracts to soothe teenage or hormonal skin. http://ow.ly/KmAr30kesBN,2018-06-05T16:01:23.000Z,spotprone skinfor spot pimple acne purify cream contain antibacterial zinc antiinflammatory plant extract soothe teenage hormonal skin,pest,positive
1200,bacteria,Leibniz-Institut DSMZ,https://twitter.com/Leibniz_DSMZ_en,2/2 … discuss with Selma Vieira the „Blind spots of bacterial diversity: bacterial communities of endemic plants of Afromontane and Páramo ecosystem“#FEMS2023,2023-07-12T07:08:10.000Z,22   discuss selma vieira blind spot bacterial diversity bacterial community endemic plant afromontane pramo ecosystemfems2023,pest,neutral
1201,bacteria,Farmhut Africa,https://twitter.com/farmhutafrica,Disease FocusBacterial blight:When plants are infected early in the season they may be stunted and die.Symptoms in later growth stages consist of angular lesions which begin as small water- soaked yellow to light brown spots on the leaves.The centres of the…,2023-09-09T11:17:06.000Z,disease focusbacterial blightwhen plant infect early season may stunt diesymptom later growth stage consist angular lesion begin small water soak yellow light brown spot leavesthe centre,pest,negative
1202,bacteria,LittleMissDebbie,https://twitter.com/LittleMissDebb1,If its a Euonymus it could be a bacterial blight - difficult to tell without plant ID as some plant have pink spots naturally. http://bit.ly/2Np2V3q,2019-02-23T13:14:02.000Z,euonymus could bacterial blight   difficult tell without plant plant pink spot naturally,pest,neutral
1203,bacteria,Laarni Aquino Alarcio,https://twitter.com/laarniaquino,NLIGHTEN FACIAL CLEANSER  plant based! Safe na safe! Deep CleansingMinimize PoresBalances Skin PH LevelWhitens dark spotsFights acne causing bacteriaPM for orders… https://instagram.com/p/B1nHND4lbFs/?igshid=c2p6kqlx4rgk…,2019-08-26T02:53:32.000Z,nlighten facial cleanser   plant base safe na safe deep cleansingminimize poresbalance skin ph levelwhitens dark spotsfights acne cause bacteriapm order,safety,positive
1204,bacteria,Campbell & Ferrara,https://twitter.com/CampbellFerrara,Leaf Spot On Mums – Treating Chrysanthemum Bacterial Leaf Spots:When it comes to easy growing and general disease resistance few plants can compare to… #Landscaping #Gardening #Design #OutdoorLiving #CampbellFerrarahttps://gardeningknowhow.com/ornamental/flowers/chrysanthemum/treating-bacterial-leaf-spot-on-mums.htm…,2019-10-29T21:30:20.000Z,leaf spot mum   treat chrysanthemum bacterial leaf spotswhen come easy grow general disease resistance plant compare landscape gardening design outdoorlive campbellferrara,pest,neutral
1205,bacteria,UNH Extension,https://twitter.com/UNHExtension,One sign: the leaves mat start to yellow and bacterial spots form on the pepper plant. #NEVFC17,2017-12-13T15:04:43.000Z,one sign leave mat start yellow bacterial spot form pepper plant nevfc17,pest,neutral
1206,bacteria,My Soulmate Reincarnated as my Bias,https://twitter.com/MezameCosplay,Ive given up on trying to make these plants live. Every day I pull off the ones with the spots and spray it down to kill the bacteria. At this point theyre already dead. We dont have window son the side of the house the sun comes in so I really cant salvage them.,2020-10-20T19:28:28.000Z,I give try make plant live every day I pull one spot spray kill bacteria point already dead window son side house sun come I really salvage,"pest,usage","negative,negative"
1207,bacteria,Joao Salvador,https://twitter.com/JSalvador12,now chlorella is incapable of stopping the ammoniak from the continental ferrous sulfate emission spots but the atmosphere accumulates oxygen:instead land plants sequester the nitrogens through alliance with the nitrifying bacteria,2020-10-20T19:28:28.000Z,chlorella incapable stop ammoniak continental ferrous sulfate emission spot atmosphere accumulate oxygeninstead land plant sequester nitrogen alliance nitrifying bacteria,control methods,neutral
1208,bacteria,Superdrug,https://twitter.com/superdrug,Hello Starface!  Space Wash is a gentle oil-free cleanser packed with dermatologist-approved plant-derived ingredients Hydro-Stars are hydrocolloid pimple-protectors clinically proven to absorb fluid shield spots from outside bacteria Shop: https://bit.ly/3cwj2Ls,2021-02-02T12:35:02.000Z,hello starface   space wash gentle oilfree cleanser pack dermatologistapprove plantderive ingredient hydrostar hydrocolloid pimpleprotector clinically prove absorb fluid shield spot outside bacteria shop,pest,positive
1209,bacteria,G R E E N✩D U K E,https://twitter.com/jerrkyy,I just noticed a few of my plants have bacterial spots and another had a fungal patch what the eff I look at these guys every day for pure fun and enjoyment and these all suddenly appear??,2019-09-14T03:54:58.000Z,I notice plant bacterial spot another fungal patch eff I look guy every day pure fun enjoyment suddenly appear,pest,negative
1210,bacteria,Purdue Extension,https://twitter.com/PurdueExtension,As you prepare your flower beds for winter examine your lilac plants for bacterial blight powdery mildew and fungal leaf spots. Reach out to your county #PurdueExtension agriculture and natural resources educator with any questions! @PurdueLandscape https://purduelandscapereport.org/article/lamentable-lilac-leaf-diseases/…,2022-09-14T22:00:30.000Z,prepare flower bed winter examine lilac plant bacterial blight powdery mildew fungal leaf spot reach county purdueextension agriculture natural resource educator question purduelandscape,pest,neutral
1211,bacteria,Stephen Baruch,https://twitter.com/bcpexpert,...sewage treatment plants are hot spots of antibiotic resistance:... bacterial ecosystems in developing countries http://buff.ly/1TTxacY,2016-05-22T07:33:11.000Z,sewage treatment plant hot spot antibiotic resistance bacterial ecosystem develop country,pest,neutral
1212,bacteria,Crimson Rock American Pitbulls,https://twitter.com/CrimsonRockAmer,@SugarCaneStalk my squash plants are getting yellow spots on the leaves. Weve had a whole lot of rain lately. How can I be sure that its just too much water vs something else like a bacterial problem?,2018-07-10T11:43:27.000Z,sugarcanestalk squash plant get yellow spot leave whole lot rain lately I sure much water vs something else like bacterial problem,pest,neutral
1213,bacteria,Ros,https://twitter.com/BIGFROGS_,I got the betta co2 booster for my plants plant food water test strips special leaves that help balance and maintain good bacteria in the tank 6 new plants to add more hiding spots for the new betta....,2019-01-06T17:21:51.000Z,I get betta co2 booster plant plant food water test strip special leave help balance maintain good bacteria tank 6 new plant add hiding spot new betta,control methods,positive
1214,bacteria,witchy ✶ shop update feb 10th,https://twitter.com/morningwitchy,o boy my big chinese evergreen is showing spots of like. bacterial infection i think??? i am NEVER buying mature plants ever again lmao,2019-04-21T22:27:40.000Z,boy big chinese evergreen show spot like bacterial infection I think I never buy mature plant ever lmao,pest,negative
1215,bacteria,shotgun ammo shutdown,https://twitter.com/PacScraps,welp. my pepper plant is overrun with bacterial leaf spots. so much for that.,2018-11-22T20:18:13.000Z,welp pepper plant overrun bacterial leaf spot much,pest,negative
1217,bacteria,Marijuana,https://twitter.com/marijuanacomau,Some bacteria causing infecting Cannabis plants include Pseudomonas syringae and Xanthomonas campestris pv. Cannabis. The symptoms of Pseudomonas syringae are small water-soaked leaf spots that may enlarge along the veins turning brown. https://plantcelltechnology.com/blog/diseases-affecting-cannabis-propagation-and-prevention-solution/…,2023-06-30T04:56:08.000Z,bacteria cause infect cannabis plant include pseudomonas syringae xanthomonas campestris pv cannabi symptom pseudomonas syringae small watersoaked leaf spot may enlarge along vein turn brown,pest,neutral
1218,bacteria,BrewPub,https://twitter.com/IPABrewpub,Leaf spots are round blemishes found on the leaves of many species of plants mostly caused by parasitic fungi or bacteria,2018-07-26T21:41:56.000Z,leaf spot round blemish find leave many specie plant mostly cause parasitic fungus bacteria,pest,neutral
1219,bacteria,Nuclear_Circus,https://twitter.com/Nuclear_Circus,It’s an easier source of nutrition for you bacteria’s. I’ll find the anything com spots pop if it’s on my YouTube history and send it your way. Blood has just about everything a plant needs minus Humus.,2021-08-22T16:02:48.000Z,easy source nutrition bacterias ill find anything com spot pop youtube history send way blood everything plant need minus humus,pest,neutral
1221,bacteria,"Old greenone (Jaime Cooke), space pirate.",https://twitter.com/GreenoneOld,Some of those pictures are not of plastic on fish but of black spots caused by bacteria ect. Im no expert but Ive worked in fish plants before.,2024-01-21T22:06:04.000Z,picture plastic fish black spot cause bacteria ect I expert I work fish plant,"pest,effectiveness","neutral,neutral"
1224,bacteria,Bill Greider,https://twitter.com/billgreider,I get and it’s funny timing. Hannah and I were up late last night trying to diagnose our own recent brown spots. 99% of the time it’s a drainage issues which leads to overwatering and then to root rot (either via bacteria or fungi) in these lovely plants.,2021-01-25T22:46:59.000Z,I get funny timing hannah I late last night try diagnose recent brown spot 99 time drainage issue lead overwatere root rot either via bacteria fungus lovely plant,pest,negative
1225,bacteria,M A R,https://twitter.com/marberry85,Brown spots on plant indicate a fungal or bacterial disease. Adjust the watering schedule and do not allow plants to sit in water. Often that alone is enough to stop the diseases progress. Remove and dispose of any soft discolored eaves.,2021-10-16T21:13:53.000Z,brown spot plant indicatea fungal bacterial disease adjust watering schedule allow plant sit water often alone enough stop disease progress remove dispose soft discolored eave,control methods,positive
1227,bacteria,FarmDistributorsZimbabwe,https://twitter.com/FarmZimbabwe,spots with tan or brown centre called bird eye spot.*TREATMENT OF BACTERIAL CANKER*-Keep tomato leaves dry as much as possible.-Water with drip irrigation or a soaker horse.- Water in the morning so that leaves dry quickly in the sun.- Space plants so that airflows,2023-07-25T10:34:05.000Z,spot tan brown centre call bird eye spottreatment bacterial cankerkeep tomato leave dry much possiblewater drip irrigation soaker horse water morning leave dry quickly sun space plant airflow,control methods,positive
1228,bacteria,Natural Snark,https://twitter.com/hessenjunge76,Dead. No pants means also m animals living of plants. At best there would be a few deep sea hot spots with bacteria living directly off minerals and maybrle a few hunting others but there would be no higher life.And that is the most generous interpretation ignoring that,2022-05-15T12:40:10.000Z,dead pant mean also animal live plant good would deep sea hot spot bacteria live directly mineral maybrle hunt would high lifeand generous interpretation ignore,pest,neutral
1229,bacteria,skedone,https://twitter.com/skedone,Yellow not black spots is bacterial will look like water burn that looks like nutrition mising phosphorous and nitrogen need adjusting potting soil dont have enough for chilli plants,2020-06-12T17:10:13.000Z,yellow black spot bacterial look like water burn look like nutrition mise phosphorous nitrogen need adjust potting soil enough chilli plant,pest,neutral
1230,bacteria,Agribusiness(Amricfoundation),https://twitter.com/amricfoundation,the fermentation box. The husks are allowed to decompose around these multiple small packs or heaps around the farms. The more persistent the rainsthe quicker they disintegrate with a little help of saprophytic bacteria. Women usually plant vegetables on such spots 4 high yields,2020-07-30T22:46:00.000Z,fermentation box husk allow decompose around multiple small pack heap around farm persistent rainsthe quick disintegrate little help saprophytic bacteria woman usually plant vegetable spot 4 high yield,control methods,positive
1231,bacteria,A Fata Morgana,https://twitter.com/IAmLazarusJones,Also I found this Yellow leaves on bean plants might be from blight. Halo blight is a disease that causes round yellow spots which slowly blend to turn the entire leaf yellow. The bacteria that cause this disease live in soil or are introduced in infected seed..,2020-06-21T01:13:26.000Z,also I find yellow leavesonbeanplant might blight halo blight disease cause roundyellowspot slowly blend turn entire leafyellow bacteria cause disease live soil introduce infected seed,pest,negative
1232,bacteria,Worm,https://twitter.com/CephalopodsRule,The distilled water will help avoid any white spots if youre spraying but the chloramine in it should prevent bacteria (if its fresh from the tap!)Also be careful with too much neem as it can harm some very sensitive plants too (Id avoid for carnivores and epiphytes!),2021-04-05T12:49:51.000Z,distilled water help avoid white spot spray chloramine prevent bacteria fresh tapalso careful much neem harm sensitive plant I avoid carnivore epiphyte,control methods,positive
1233,bacteria,alice,https://twitter.com/riders1friend2,Fortunately the plants are both recovering making lots of new leaves & enjoying the outdoors. I think it was a fungal or bacterial disease tiny black spore like spots on the leaves & dried up in those areas of the leaves. Either too wet in winter or too dry. Which dont k,2020-08-30T01:36:29.000Z,fortunately plant recover make lot new leave   enjoy outdoor I think fungal bacterial disease tiny black spore like spot leave   dry area leave either wet winter dry k,pest,positive
1234,bacteria,WLRN Public Media,https://twitter.com/WLRN,Bacterial spot first affects the leaves of the plant developing black spots the size of shotgun pellets. Then the leaves blacken and ultimately drop. It creates major challenges for commercial production throughout Florida and across the U.S. https://wlrn.us/3WogsLU,2022-11-03T09:00:51.000Z,bacterial spot first affect leave plant develop black spot size shotgun pellet leave blacken ultimately drop create major challenge commercial production throughout florida across us,pest,negative
1235,nematodes,David A. Moreira Cálix,https://twitter.com/daanmoca,This is a video of a bacterial feeding nematode moving about in a 500 ppm solution of a non-fumigant nematicide while all root-knot juveniles are dead.*Our data suggests product selectivity towards plant-parasitic nematodes exists among newer nematicides!#UFBugs #UFNematodes,2019-12-09T02:08:36.000Z,video bacterial feeding nematode move 500 ppm solution nonfumigant nematicide rootknot juvenile deadour datum suggest product selectivity towards plantparasitic nematode exist among new nematicidesufbug ufnematode,control methods,positive
1236,nematodes,David A. Moreira Cálix,https://twitter.com/daanmoca,Setting up a new in-vitro experiment looking at the effect on mortality of different nematicides targetting the guava root-knot nematode (Meloidogyne enterolobii).*Has recently been found infecting RKN resistant sweetpotato cotton and soybean in the US.#UFBugs #UFNematodes,2019-10-22T21:02:33.000Z,set new invitro experiment look effect mortality different nematicide targette guava rootknot nematode meloidogyne enterolobiiha recently find infect rkn resistant sweetpotato cotton soybean usufbug ufnematode,"effectiveness,pest","positive,negative"
1237,nematodes,UF/IFAS Panhandle Ag,https://twitter.com/PanhandleAg,Effectiveness of Nematicides and Resistant Cultivars for Managing Root-Knot Nematodes in 2022 Peanut Trials http://dlvr.it/ScdgN1,2022-11-12T00:30:36.000Z,effectiveness nematicide resistant cultivar manage rootknot nematode 2022 peanut trial,"effectiveness,pest","positive,neutral"
1238,nematodes,Joseph Roberts,https://twitter.com/ClemsonTurfPath,Two plots treated with the same fungicide program over the past year and fungicides were great to combat diseases. Plot on the right also received nematicides needed for root knot nematodes.  Come learn more on our full programs at https://news.clemson.edu/clemson-turfgrass-and-small-grains-field-days-at-pee-dee-rec/… #Nematuesday,2023-04-12T01:46:10.000Z,two plot treat fungicide program past year fungicide great combat disease plot right also receive nematicide need root knot nematode   come learn full program   nematuesday,control methods,positive
1239,nematodes,Derek Settle,https://twitter.com/turfdom,Roots at midsummer? Well we are going to find out. Spring applied nematicides vs Root knot nematodes #Atlanta #Bentgrass,2021-07-26T18:11:33.000Z,root midsummer well go find spring apply nematicide vs root knot nematode atlanta bentgrass,control methods,neutral
1240,nematodes,David A. Moreira Cálix,https://twitter.com/daanmoca,Rare footage of me helping one of our interns set up a greenhouse pot trial.*We are looking at how the peach root-knot nematode Meloidogyne floridensis behaves against currently available commercial nematicides.#UFBugs #UFNematodes,2019-11-14T03:53:56.000Z,rare footage I help one intern set greenhouse pot trialwe look peach rootknot nematode meloidogyne floridensis behave currently available commercial nematicidesufbug ufnematode,pest,neutral
1241,nematodes,UF crop nematology,https://twitter.com/UFcropnematodes,Harvesting peanuts @nfrec_sv. Testing nematicides and a resistant cultivar for peanut root-knot nematode management. #UFBugs,2022-10-06T12:58:23.000Z,harvesting peanut nfrec_sv testing nematicide resistant cultivar peanut rootknot nematode management ufbug,control methods,neutral
1242,nematodes,UF crop nematology,https://twitter.com/UFcropnematodes,1/3 Harvested sweetpotato testing nematicides for guava root-knot nematode management. Lots of galling. Very little yield.Covington cultivar which has resistance to southern root-knot nematode.,2023-10-10T19:15:08.000Z,13 harvest sweetpotato testing nematicide guava rootknot nematode management lot gall little yieldcovington cultivar resistance southern rootknot nematode,control methods,negative
1243,nematodes,Hajihassani Nematology Lab,https://twitter.com/UFnema_southFL,Glad that the rainy weather finally allowed us to fumigate the soil and lay plastic. This is a two-year student project looking at different fumigants and non-fumigant nematicides for root-knot #nematodes + #weeds.,2019-03-25T18:05:18.000Z,glad rainy weather finally allow fumigate soil lie plastic twoyear student project look different fumigant nonfumigant nematicide rootknot nematode   weed,control methods,positive
1244,nematodes,Hajihassani Nematology Lab,https://twitter.com/UFnema_southFL,Root knot #nematode produces huge galls on cucumber compared to other vegetables. Here are roots of nematicide-treated plots via the drip irrigation system. Even new non-fumigant nematicides can not reduce the damage in fields with high infestation pressure.,2020-11-23T18:45:52.000Z,root knot nematode produce huge gall cucumber compare vegetable root nematicidetreated plot via drip irrigation system even new nonfumigant nematicide reduce damage field high infestation pressure,control methods,negative
1245,nematodes,NC State Veggie Pathology,https://twitter.com/QuesadaLabNCSU,Hunter Collins giving an update on management of the guava root knot nematode in sweetpotato combining  effective fumigant and non-fumigant nematicides are needed at the moment to reduce damage #SEVegExpo18,2018-12-14T19:14:27.000Z,hunter collin give update management guava root knot nematode sweetpotato combine   effective fumigant nonfumigant nematicide need moment reduce damage sevegexpo18,control methods,neutral
1246,nematodes,UF crop nematology,https://twitter.com/UFcropnematodes,Yesterday we harvested peanut trials at the Plant Science Unit (Citra).Trials with runner and Virginia peanuts testing nematicides and varieties for management of peanut root-knot nematode.,2023-09-26T12:19:47.000Z,yesterday harvest peanut trial plant science unit citratrial runner virginia peanut testing nematicide variety management peanut rootknot nematode,control methods,neutral
1247,nematodes,Derek Settle,https://twitter.com/turfdom,Root Knot! A bermudagrass green w endo-parasitic nematodes. 1) Sample a grid of plots pre-treatment. 2) Map peaks and valleys across the green (initial populations) 3) Eventually will be able to make sense of post-treatment effects.   #Champion #Meloidogyne #Nematicides #Atlanta,2020-04-02T20:51:46.000Z,root knot bermudagrass green w endoparasitic nematode 1 sample grid plot pretreatment 2 map peak valley across green initial population 3 eventually able make sense posttreatment effect    champion meloidogyne nematicide atlanta,control methods,neutral
1248,nematodes,Tim,https://twitter.com/tim54361,Nematicides Market by Type (Fumigants Carbamates Organophosphates Bionematicides) Mode of Application (Fumigation Drenching Soil Dressing Seed Treatment) Nematode Type (Root Knot Cyst) Cr... https://reportsnreports.com/reports/291685-nematicides-market-by-types-fumigants-organophosphates-carbamate-and-bio-nematicides-applications-agrochemicals-industrial-and-others-and-geography-north-america-europe-asia-pacific-row-global-trends-forecasts-to-2019.html?utm_medium=social&utm_source=twitter…,2020-07-01T11:25:31.000Z,nematicide market type fumigant carbamate organophosphate bionematicide mode application fumigation drench soil dress seed treatment nematode type root knot cyst cr,"usage,pest","neutral,neutral"
1250,nematodes,UF crop nematology,https://twitter.com/UFcropnematodes,1/ Some photos from our trial testing nematicides against guava root-knot nematode on sweetpotato. Part of @FINDMeNematode project. About 100 days after planting.Severe galling on roots.,2023-09-22T20:17:31.000Z,1 photo trial testing nematicide guava rootknot nematode sweetpotato part findmenematode project 100 day plantingsevere galling root,control methods,neutral
1251,nematodes,Hajihassani Nematology Lab,https://twitter.com/UFnema_southFL,Our new publication shows that guava growers in South FL are struggling with high prevalence of #guava root-knot #nematode due to very limited control options (specially nematicides) available for use. https://rdcu.be/dd0MQ,2023-06-08T02:32:11.000Z,new publication show guava grower south fl struggle high prevalence guava rootknot nematode due limited control option specially nematicide available use,control methods,negative
1252,nematodes,Society of Nematologists,https://twitter.com/SON_nemaweb,PhD student Elisabeth Darling from Michigan State University.Speaking about nematicides and cover crops effects on lesion and northern root-knot nematode management in carrot and parsnips.,2023-07-11T13:29:08.000Z,phd student elisabeth darling michigan state universityspeake nematicide cover crop effect lesion northern rootknot nematode management carrot parsnip,"effectiveness,pest","positive,neutral"
1253,nematodes,UF crop nematology,https://twitter.com/UFcropnematodes,Hand harvested cotton trial @nfrec_sv yesterday. Testing nematicides (seed treatment or in-furrow) and resistance for southern root-knot nematode management. #UFBugs,2022-11-23T13:51:18.000Z,hand harvest cotton trial nfrec_sv yesterday testing nematicide seed treatment infurrow resistance southern rootknot nematode management ufbug,control methods,neutral
1254,nematodes,Current Agriculture Research Journal,https://twitter.com/curr_agri_res,Assessment of the Potential of Eco-Friendly Nematicides in the Management of Root-Knot Nematodes on French Beans in Kenya#UniversityofNairobihttps://bit.ly/2LtDvVp#Farming #Agriculture #SoilTechnology #FoodSecurity #jobs #Africa #farmers #farm #climatechange #US #agtech,2019-05-20T10:28:10.000Z,assessment potential ecofriendly nematicide management rootknot nematode french bean kenyauniversityofnairobi agriculture soiltechnology foodsecurity job africa farmers farm climatechange us agtech,pest,positive
1255,nematodes,MSU Entomology,https://twitter.com/MSUEntomology,New combinations of nematicides bleach dips and ultraviolet treatments are successful in reducing the northern root knot #nematode pressure on daylily rootstock. http://bit.ly/NemaGH2 @MSUExtension,2018-10-19T13:30:50.000Z,new combination nematicides bleach dip ultraviolet treatment successful reduce northern root knot nematode pressure daylily rootstock   msuextension,pest,positive
1256,nematodes,Comrade Weez,https://twitter.com/weezmgk,This bed hosted last years Rouge de Marmande crop. There was evidence of root knot nematodes in that lot. Absent any nematicides available to home gardeners we hit the soil heavily with a molasses and full cream milk treatment in hopes the garlic would do ok. So far so good.,2019-10-01T02:20:29.000Z,bed host last year rouge de marmande crop evidence root knot nematode lot absent nematicide available home gardener hit soil heavily molasse full cream milk treatment hope garlic would ok far good,control methods,positive
1257,nematodes,Comrade Weez,https://twitter.com/weezmgk,Lifted about a quarter of the crop. Nice healthy roots. The previous tomato crop in the bed had root-knot nematodes. The molasses  & whole milk treatment apparently worked. We couldnt buy nematicides so it was that or nothing. Happy so far.,2019-11-07T01:58:04.000Z,lift quarter crop nice healthy root previous tomato crop bed rootknot nematode molasse    whole milk treatment apparently work could buy nematicide nothing happy far,control methods,positive
1258,nematodes,Technology Insights,https://twitter.com/CoherentTk,#Nematicides Market by Type (#Fumigants Carbamates Organophosphates Bionematicides) Mode of Application (Fumigation Drenching Soil Dressing #Seed Treatment) #Nematode Type (Root Knot Cyst) #Crop Type Form and Region - 2025Download PDF :https://meticulousblog.org/top-10-companies-in-global-nematicides-market/…,2022-03-07T05:45:03.000Z,nematicide market type fumigant carbamate organophosphate bionematicide mode application fumigation drench soil dress seed treatment nematode type root knot cyst crop type form region   2025download pdf,"usage,pest","neutral,neutral"
1259,nematodes,UF crop nematology,https://twitter.com/UFcropnematodes,Reniform nematode cotton trials @ufifasnfrec. Testing new cultivars with stacked reniform and root-knot resistance plus nematicides.Variation in height canopy size defoliation and (possibly) boll load among cultivars. 2141NR is resistant. Less visual nematicide variation.,2022-10-27T14:40:53.000Z,reniform nematode cotton trial ufifasnfrec test new cultivar stack reniform rootknot resistance plus nematicidesvariation height canopy size defoliation possibly boll load among cultivar 2141nr resistant less visual nematicide variation,control methods,positive
1260,nematodes,Life Sciences,https://twitter.com/Life_Sciences_,Factors affecting the efficacy of non-fumigant nematicides for controlling root-knot nematodes https://eurekamag.com/research/004/158/004158984.php…,2024-02-18T08:06:34.000Z,factor affect efficacy nonfumigant nematicide control rootknot nematode,"effectiveness,pest","neutral,negative"
1261,nematodes,UF crop nematology,https://twitter.com/UFcropnematodes,Our labs latest paper is available open-access in Nematropica. Under severe pressure from peanut root-knot nematode resistance is highly effective at preserving peanut yield and is more effective than non-fumigant nematicides.https://journals.flvc.org/nematropica/article/view/135162…,2024-02-15T13:35:24.000Z,lab late paper available openaccess nematropica severe pressure peanut rootknot nematode resistance highly effective preserve peanut yield effective nonfumigant nematicide,"pest,effectiveness","negative,positive"
1262,nematodes,Multistate Research Fund Impacts Program,https://twitter.com/MRFImpacts,As part of a multistate project on nematodes @UF_IFAS developed nematicides including ones that are now the standard for managing sting & grass root knot nematodes on golf courses & the first one for lance nematodes in turfgrass. https://bit.ly/MRF-Nematodes @NematodeGuy,2023-08-25T15:00:02.000Z,part multistate project nematode uf_ifas develop nematicide include one standard manage sting   grass root knot nematode golf course   first one lance nematode turfgrass   nematodeguy,pest,positive
1263,nematodes,NC Soybean Producers Association,https://twitter.com/ncsoybeans,Research suggests the guava root-knot nematode can be mitigated in soybean fields following a non-host cover crop like grass and cereal plants and through the application of in-furrow nematicides. Cozy up with the #2023researchreport,2023-08-12T14:00:01.000Z,research suggest guava rootknot nematode mitigate soybean field follow nonhost cover crop like grass cereal plant application infurrow nematicide cozy 2023researchreport,control methods,positive
1264,nematodes,DrugGenius,https://twitter.com/BioPortfolio,Nematicides Market by Type Fumigants Carbamates Organophosphates Bionematicides Mode of Application Fumigation Drenching Soil Dressing Seed Treatment Nematode Type Root Knot Cyst Crop Type Form and Region Global Forecast to 2025 [Published by… http://bioportfol.io/RLmjvx,2019-12-23T00:05:03.000Z,nematicide market type fumigant carbamate organophosphate bionematicide mode application fumigation drench soil dress seed treatment nematode type root knot cyst crop type form region global forecast 2025 publish,"usage,pest","neutral,neutral"
1265,nematodes,Frontiers - Plant Science,https://twitter.com/FrontPlantSci,New Research: Juglone and 14-Naphthoquinone—Promising Nematicides for Sustainable Control of the Root Knot Nematode Meloidogyne luci: The scarce availability of efficient and eco-friendly nematicides to control root-knot… https://frontiersin.org/articles/10.3389/fpls.2022.867803?utm_source=S-TWT&utm_medium=SNET&utm_campaign=ECO_FPLS_XXXXXXXX_auto-dlvrit… #PlantScience #PlantSci,2022-05-17T08:21:02.000Z,new research juglone 14naphthoquinonepromising nematicide sustainable control root knot nematode meloidogyne luci scarce availability efficient ecofriendly nematicide control rootknot   plantscience plantsci,pest,positive
1266,nematodes,Frontiers - Plant Science,https://twitter.com/FrontPlantSci,New Research: Cucurbitaceae COld Peeling Extracts (CCOPEs) Protect Plants From Root-Knot Nematode Infections Through Induced Resistance and Nematicidal Effects: With nematicides progressively being banned due to their… https://frontiersin.org/articles/10.3389/fpls.2021.785699?utm_source=S-TWT&utm_medium=SNET&utm_campaign=ECO_FPLS_XXXXXXXX_auto-dlvrit… #PlantScience #PlantSci,2022-01-26T16:56:32.000Z,new research cucurbitaceae cold peel extract ccope protect plant rootknot nematode infection induce resistance nematicidal effect nematicide progressively ban due   plantscience plantsci,control methods,positive
1267,nematodes,Farm Press,https://twitter.com/farmpress,Nuisance #nematodes in South Carolina corn : Get recommendations for crop rotation and nematicides to combat the Stubby Root nematode Columbia Lance nematode Lesion nematode and Root Knot nematode. #CropProtection #AgX @CUESNews,2024-01-17T13:00:04.000Z,nuisance nematode south carolina corn   get recommendation crop rotation nematicide combat stubby root nematode columbia lance nematode lesion nematode root knot nematode cropprotection agx cuesnew,control methods,neutral
1269,nematodes,RaymondCollett,https://twitter.com/RaymondCollett1,We have notice with various Honours MSc diagnostic and hands-on project and trials of fumigant and non-fumigant nematicides (4 years of research). That a small percentage of root-knot eggs survive the treatment. Thus causing a recurring presence of root knot.,2021-06-23T16:39:10.000Z,notice various honours msc diagnostic handson project trial fumigant nonfumigant nematicide 4 year research small percentage rootknot egg survive treatment thus cause recur presence root knot,overall,negative
1270,nematodes,Wellington Rodrigues,https://twitter.com/wellmsr,Soybean cyst nematode (Heterodera glycines). One of the most devastating plant parasitic nematode to soybean crops in Brazil.,2023-02-08T01:45:23.000Z,soybean cyst nematode heterodera glycine one devastating plant parasitic nematode soybean crop brazil,pest,negative
1271,nematodes,Dr. Lesley Schumacher,https://twitter.com/LesSchumacher,The majestic Heterodera glycines #soybean cyst #nematode #SCN on a soybean root @activeplantnema @SON_nemaweb @epp_tn,2023-07-05T18:14:15.000Z,majestic heterodera glycine soybean cyst nematode scn soybean root activeplantnema son_nemaweb epp_tn,pest,neutral
1272,nematodes,Dr. Lesley Schumacher,https://twitter.com/LesSchumacher,The OG cyst #nematode Heterodera schachtii (sugar beet #cyst nematode). Such history with this one! Responsible for “beet weariness” in Germany in the 1800s. White females can be seen on the developing #root system (red arrow). @activeplantnema @SON_nemaweb,2023-01-07T16:17:30.000Z,og cyst nematode heterodera schachtii sugar beet cyst nematode history one responsible beet weariness germany 1800s white female see develop root system red arrow activeplantnema son_nemaweb,pest,neutral
1273,nematodes,Mayowa Aderoju,https://twitter.com/Mayowa_Nema,Final lab session..diving deeper into the world of Nematology    Soybean cyst nematode (Heterodera glycines) is a sedentary endoparasite considered as the most devastating pathogen of soybean causing an estimated annual yield loss of $1.5 billion in the United States.,2023-10-26T21:02:58.000Z,final lab sessiondive deeply world nematology     soybean cyst nematode heterodera glycine sedentary endoparasite consider devastating pathogen soybean cause estimate annual yield loss 15 billion united states,pest,negative
1274,nematodes,Pestinfo Wiki,https://twitter.com/PestinfoW,Heterodera humuli the hop cyst #nematode can limit #hop yields substantially - review of its biology pathogenicity damage and management in @PhytopathologyJ by Elisabeth Darling and others like @henryhwchung at @MSUEntomology - https://doi.org/10.1094/PHYTO-04-22-0121-RVW…,2023-03-24T11:48:17.000Z,heterodera humuli hop cyst nematode limit hop yield substantially   review biology pathogenicity damage management phytopathologyj elisabeth darling like henryhwchung msuentomology  ,"pest,toxicity","negative,negative"
1275,nematodes,Mehmet Ozbayrak,https://twitter.com/mehmetozbayrak2,Heterodera filipjevi from a heavily infested wheat field #nematode #BPN #heterodera,2024-01-23T08:48:09.000Z,heterodera filipjevi heavily infest wheat field nematode bpn heterodera,pest,negative
1276,nematodes,"Documents Delivered, LLC",https://twitter.com/DocsDel,Ontogenesis of the cereal cyst nematode heterodera avenae on oat under the climatic conditions of slovakia czechoslovakia http://dlvr.it/Spl06W,2023-05-28T01:06:32.000Z,ontogenesis cereal cyst nematode heterodera avenae oat climatic condition slovakia czechoslovakia,pest,neutral
1277,nematodes,"Documents Delivered, LLC",https://twitter.com/DocsDel,Occurrence of sugar beet nematode Heterodera schachtii Schmidt 1871 in the Slovak Republic http://dlvr.it/SpkL4f,2023-05-27T17:26:03.000Z,occurrence sugar beet nematode heterodera schachtii schmidt 1871 slovak republic,pest,neutral
1278,nematodes,Wikipedia Awesome Pictures,https://twitter.com/WikipediaAweso1,A soybean cyst nematode (Heterodera glycines) together with an egg as viewed through a low-temperature scannSee more: https://en.wikipedia.org/wiki/File:Soybean_cyst_nematode_and_egg_SEM.jpg…,2023-06-08T22:08:35.000Z,soybean cyst nematode heterodera glycine together egg view lowtemperature scannsee,pest,neutral
1279,nematodes,Vikas K singh,https://twitter.com/vikasgpb,Pleased to share our recent paper on QTL mapping and metQTL analysis for Heterodera avenae (cereal cyst nematode) resistance in wheat @BioMedCentral@activeplantnema,2023-11-01T02:48:24.000Z,please share recent paper qtl mapping metqtl analysis heterodera avenae cereal cyst nematode resistance wheat biomedcentralactiveplantnema,pest,neutral
1280,nematodes,Matthew Back,https://twitter.com/DrMattBack,@HarperAdamsUni Nematology Group journal club discussing parasitism by the beet cyst nematode Heterodera schachtii - cellulose binding proteins - Paper selected by @KAWALYAFRANCIS1 Also with @DrKasiaDybal @Nyamburakabura7 @vongaichekanai @tripathi_niru and Fisayo and Nikoletta,2023-07-21T12:32:47.000Z,harperadamsuni nematology group journal club discuss parasitism beet cyst nematode heterodera schachtii   cellulose bind protein   paper select kawalyafrancis1 also drkasiadybal nyamburakabura7 vongaichekanai tripathi_niru fisayo nikoletta,pest,neutral
1281,nematodes,Society of Nematologists,https://twitter.com/SON_nemaweb,Lester Nunez-Rodriguez from Oregon State University presenting his graduate student research in the #SON2023 student competition.Hop cyst nematode (Heterodera humuli) population dynamics and distribution in the Pacifica Northwest.,2023-07-11T14:44:50.000Z,lester nunezrodriguez oregon state university present graduate student research son2023 student competitionhop cyst nematode heterodera humuli population dynamic distribution pacifica northwest,pest,neutral
1282,nematodes,Journal of Integrative Agriculture,https://twitter.com/JIA_JIntegrAgri,Molecular diagnosis and direct quantification of cereal cyst #nematode (Heterodera filipjevi) from field #soil using #TaqMan real-time PCRPENG De-liang team from Chinese Academy of Agricultural Scienceshttps://doi.org/10.1016/j.jia.2022.09.016…#plantpathology,2023-09-07T07:50:34.000Z,molecular diagnosis direct quantification cereal cyst nematode heterodera filipjevi field soil use taqman realtime pcrpeng deliang team chinese academy agricultural science,"pest,usage","neutral,neutral"
1283,nematodes,EurekaMag,https://twitter.com/EurekaMag,Treating potato ridges in spring with aldicarb D-D or dazomet to control potato cyst-nematode Heterodera rostochiensis in sandy clay and peat loam soils https://eurekamag.com/research/000/253/000253160.php?v=166&utm_source=dlvr.it&utm_medium=twitter…,2023-11-15T01:19:13.000Z,treat potato ridge spring aldicarb dd dazomet control potato cystnematode heterodera rostochiensis sandy clay peat loam soil,overall,neutral
1284,nematodes,Darko Dlaka,https://twitter.com/DlakaDarko,Virulence of Heterodera schachtii & glycines diploid soil cyst root nematode parasite spp(eelworms) transmission on culture of sugar-beettomato soybean by hybridation between Beta vulgaris&procumbens..hmmm how that hapend scientists?..where is plants viruses?,2023-01-05T15:52:16.000Z,virulence heterodera schachtii   glycine diploid soil cyst root nematode parasite sppeelworm transmission culture sugarbeettomato soybean hybridation beta vulgarisprocumbenshmmm hapend scientistswhere plant virus,pest,neutral
1285,nematodes,SoybeanPapers,https://twitter.com/SoybeanPapers,Seed Treatments for Management of Soybean Cyst Nematode Heterodera glycines in Mid-Atlantic Soybean Production http://dlvr.it/StCCW4,2023-08-04T15:52:13.000Z,seed treatment management soybean cyst nematode heterodera glycine midatlantic soybean production,control methods,neutral
1286,nematodes,SoybeanPapers,https://twitter.com/SoybeanPapers,Full-Length Transcriptome Analysis of Soybean Cyst Nematode (Heterodera glycines) Reveals an Association of Behaviors in Response to Attractive pH and Salt Solutions with Activation of Transmembrane Receptors Ion Channels and Ca2+ Transporters http://dlvr.it/Sq7cbf,2023-06-04T15:53:08.000Z,fulllength transcriptome analysis soybean cyst nematode heterodera glycine reveal association behavior response attractive ph salt solution activation transmembrane receptor ion channel ca2 transporter,control methods,positive
1287,nematodes,One Health Genomics Edinburgh,https://twitter.com/GenomicsEdi,New paper:Identification of genomic regions associated with cereal cyst nematode (Heterodera avenae Woll.) resistance in spring and winter wheat @SRUC https://pubmed.ncbi.nlm.nih.gov/37041155/,2023-04-12T08:52:02.000Z,new paperidentification genomic region associate cereal cyst nematode heterodera avenae woll resistance spring winter wheat sruc,control methods,neutral
1288,nematodes,Animal and Plant Sci,https://twitter.com/animalplantsci,#PR journal published a research article on population genetics of the cereal cyst nematode Heterodera avenae reveal geographical segregation and host adaptation. Free access the full article at: https://phytopatholres.biomedcentral.com/articles/10.1186/s42483-023-00185-x…,2023-11-06T03:34:27.000Z,pr journal publish research article population genetic cereal cyst nematode heterodera avenae reveal geographical segregation host adaptation free access full article,pest,neutral
1289,nematodes,"Dr. JD Farrell-Campbell, Ph.D.",https://twitter.com/Campbell_JD_PhD,Next speaker is Kyung Do Kim presenting about Development of Molecular Marker Linked to White Soybean Cyst Nematode (Heterodera sojae) Resistance in Soybean*Note different from online because Jamie ORoucke could not attend. #PAG30,2023-01-17T18:58:09.000Z,next speaker kyung kim present development molecular marker link white soybean cyst nematode heterodera sojae resistance soybeannote different online jamie oroucke could attend pag30,pest,neutral
1290,nematodes,Agronomy MDPI,https://twitter.com/Agronomy_Mdpi,Evaluation of #Soil Suppressiveness of Various Japanese Soils against the Soybean Cyst #Nematode Heterodera glycines and Its Relation with the Soil Chemical and Biological Properties by Yanyan Yang Junnan Wu Roland N. Perry and Koki Toyota https://mdpi.com/2073-4395/13/11/2826…#soilfungi,2023-12-06T06:43:26.000Z,evaluation soil suppressiveness various japanese soil soybean cyst nematode heterodera glycine relation soil chemical biological property yanyan yang junnan wu roland n perry koki toyota,"pest,toxicity","negative,neutral"
1291,nematodes,Root Papers,https://twitter.com/RootPapers,Pubmed First record of cyst nematode (Heterodera filipjevi) on winter wheat from Shanxi Province in North China,2023-07-23T13:58:46.000Z,pubme first record cyst nematode heterodera filipjevi winter wheat shanxi province north china,pest,neutral
1292,nematodes,GeoScience.net,https://twitter.com/GeoSciences,Evaluation of insecticides as seed soaking treatment against pigeonpea cyst nematode (Heterodera cajani) in green gram and cowpea,2024-02-11T16:48:04.000Z,evaluation insecticide seed soak treatment pigeonpea cyst nematode heterodera cajani green gram cowpea,control methods,neutral
1293,nematodes,AmirAli Toghani,https://twitter.com/amiralito_,Sugarbeet cyst nematode Heterodera schachtii all the way,2023-06-05T15:19:11.000Z,sugarbeet cyst nematode heterodera schachtii way,pest,negative
1294,nematodes,MyJournals,https://twitter.com/myjournals,IJMS Vol. 24 Pages 9440: Single Nematode Transcriptomic Analysis Using Long-Read Technology Reveals Two Novel Virulence Gene Candidates in the Soybean Cyst Nematode Heterodera glycines https://myjournals.org/?nr=758677,2023-05-29T11:21:53.000Z,ijms vol 24 page 9440 single nematode transcriptomic analysis use longread technology reveal two novel virulence gene candidate soybean cyst nematode heterodera glycine,"pest,usage","neutral,neutral"
1295,nematodes,Nematode_papers,https://twitter.com/Nematode_papers,Development and Validation of a Resistance Management Model for the Soybean Cyst Nematode Heterodera glycines,2023-10-18T11:45:11.000Z,development validation resistance management model soybean cyst nematode heterodera glycine,control methods,neutral
1296,nematodes,"Rufus J. Akinrinlola, PhD",https://twitter.com/roofusever,javanica) soybean cyst nematode (Heterodera glycines) lesion nematode (Pratylenchus spp.) dagger nematode (Xiphinema americanum) reniform nematode (Rotylenchulus spp.) spiral nematode (Helicotylenchus pseudorobustus) and stunt nematode (Tylenchorhynchus claytoni)…,2023-01-21T05:17:00.000Z,javanica soybean cyst nematode heterodera glycine lesion nematode pratylenchus spp dagger nematode xiphinema americanum reniform nematode rotylenchulus spp spiral nematode helicotylenchus pseudorobustus stunt nematode tylenchorhynchus claytoni,pest,neutral
1297,nematodes,Nematode_papers,https://twitter.com/Nematode_papers,Haplotype diversity of Heterodera koreana (Tylenchida: Heteroderidae) affecting bamboo in Korea,2023-09-18T11:45:15.000Z,haplotype diversity heterodera koreana tylenchida heteroderidae affect bamboo korea,overall,neutral
1298,nematodes,Mehmet Ozbayrak,https://twitter.com/mehmetozbayrak2,The king #nematodes #Meloidogyne,2020-06-29T12:01:20.000Z,king nematode meloidogyne,pest,neutral
1299,nematodes,Zaii Arunee,https://twitter.com/ZaiiArunee,Crotalaria is one of the crops used by Thai farmers to control plant-parasitic nematodes especially Meloidogyne and improve soil quality,2023-01-28T04:37:29.000Z,crotalaria one crop use thai farmer control plantparasitic nematode especially meloidogyne improve soil quality,control methods,positive
1300,nematodes,Ed Sikora,https://twitter.com/alabamaED,NEMATODE MONDAY: Root-knot nematode symptoms (galls/knots) on roots of tomato plants. The amount of galling can vary with population density Meloidogyne species involved and the host. Large numbers of nematodes penetrating roots in close proximity can result in larger galls.,2023-06-26T04:01:27.000Z,nematode monday rootknot nematode symptom gallsknot root tomato plant amount galling vary population density meloidogyne specie involve host large number nematode penetrate root close proximity result large gall,"pest,effectiveness","negative,neutral"
1301,nematodes,Journal of Helminthology,https://twitter.com/JHelminthology,Making bells off the Turnip Stalk Market in #AnimalCrossing? Make sure you watch out for root-knot nematodes like Meloidogyne - they are known for destroying economically valuable crops all around the world and will totally spoil your #turnips! #ACNHhttps://cambridge.org/core/journals/journal-of-helminthology/article/molecular-characterization-of-putative-parasitism-genes-in-the-plantparasitic-nematode-meloidogyne-hispanica/41A1F0132674079B7F779ECF6BC4BA40…,2020-06-19T03:30:38.000Z,make bell turnip stalk market animalcrosse make sure watch rootknot nematode like meloidogyne   know destroy economically valuable crop around world totally spoil turnip acnh,pest,negative
1302,nematodes,Ed Sikora,https://twitter.com/alabamaED,NEMATODE MONDAY:  Some heavy galling on the roots of cantaloupe caused by southern root-knot nematodes (Meloidogyne incognita). Still provided some decent sized fruit for the table #Nematode #Plantdisease,2022-07-25T03:28:50.000Z,nematode monday   heavy galling root cantaloupe cause southern rootknot nematodes meloidogyne incognita still provide decent sized fruit table nematode plantdisease,pest,negative
1303,nematodes,SCIHorticulture,https://twitter.com/SCIHorticulture,Host genetic resistance to root‐knot nematodes Meloidogyne spp. in Solanaceae: from genes to the field http://tinyurl.com/q8fmpwh,2015-08-11T08:28:55.000Z,host genetic resistance rootknot nematode meloidogyne spp solanaceae gene field,pest,neutral
1304,nematodes,Dr Deborah Cox,https://twitter.com/Deborah_LVS,These patchy spots of discolouration are due to plant parasitic nematodes belonging to the meloidogyne group.  (1/2),2019-09-14T07:49:01.000Z,patchy spot discolouration due plant parasitic nematode belong meloidogyne group   12,pest,negative
1305,nematodes,「VεεLoΧΧγ・BITΞƧ」,https://twitter.com/The_Episiarch,Solanum torvum: A plant widely used as rootstock for eggplants due to its resistance to a variety of soil-borne plant parasites such as root-knot nematodesMeloidogyne hapla a root-knot nematode: imma ruin your whole horticultural practicehttps://onlinelibrary.wiley.com/doi/full/10.1111/jph.12966…,2021-05-13T01:28:29.000Z,solanum torvum plant widely use rootstock eggplant due resistance variety soilborne plant parasite rootknot nematodesmeloidogyne hapla rootknot nematode imma ruin whole horticultural practice,control methods,positive
1306,nematodes,Plant Pathology,https://twitter.com/BSPPjournals,Mi-1.2 gene/locus in tomato works against root knot nematodes Meloidogyne incognita M. javanica andM. arenaria and also may reduce losses induced by a wide range of other RKN species too! https://bsppjournals.onlinelibrary.wiley.com/doi/abs/10.1111/ppa.13179…,2020-04-09T08:26:20.000Z,mi12 genelocus tomato work root knot nematode meloidogyne incognita javanica andm arenaria also may reduce loss induce wide range rkn specie,"effectiveness,pest","positive,positive"
1307,nematodes,Divah Phiri,https://twitter.com/PhiriDivah,Root knot nematodes in Swisschard.Meloidogyne spp. @cmashx @yofavagronomist,2022-02-11T07:21:40.000Z,root knot nematode swisschardmeloidogyne spp cmashx yofavagronomist,pest,neutral
1308,nematodes,Anil,https://twitter.com/Anilm58,We are excited to share our chapter  on root-knot nematode #CABI #Nematodes as Model Organisms #Chapter 4: The use of the root-knot nematodes Meloidogyne spp. for studying biotrophic parasitic interactions,2022-06-29T11:42:50.000Z,excited share chapter   rootknot nematode cabi nematode model organism chapter 4 use rootknot nematodes meloidogyne spp study biotrophic parasitic interaction,"pest,usage","negative,neutral"
1309,nematodes,Lava Kumar,https://twitter.com/l_lava,New publication on Distribution & Severity of Damages caused by Nematodes on Yam in Nigeria show Meloidogyne and Scutellonema species as the major constraints to yam in Nigeria & likely in other parts of West Africahttps://journals.flvc.org/nematropica/article/view/121850…@IITA_CGIAR #IYPH2020 @ippcnews,2020-07-13T13:27:15.000Z,new publication distribution   severity damage cause nematode yam nigeria show meloidogyne scutellonema specie major constraint yam nigeria   likely part west africa iyph2020 ippcnew,"toxicity,pest","negative,negative"
1310,nematodes,Derek Settle,https://twitter.com/turfdom,Root Knot! Pretty cool to see a side by side size comparison of a male vs a J2 (inside an egg). Drum roll... one is about to hatch.  #Nematodes #Meloidogyne #Bermudagrass cc @NematodeGuy @BruceMrtn,2020-12-18T23:09:00.000Z,root knot pretty cool see side side size comparison male vs j2 inside egg drum roll one hatch   nematode meloidogyne bermudagrass cc nematodeguy brucemrtn,pest,neutral
1311,nematodes,Scien.net,https://twitter.com/Scien_net,Effect of mycorrhiza on kiwi infected by the nematodes Meloidogyne hapla and M. javanica http://bit.ly/1l8zgbq,2014-04-24T18:42:45.000Z,effect mycorrhiza kiwi infect nematode meloidogyne hapla javanica,"effectiveness,pest","positive,positive"
1312,nematodes,New Phytologist,https://twitter.com/NewPhyt,#Tansleyreview: Resistance to root-knot nematodes Meloidogyne spp. in woody plants http://onlinelibrary.wiley.com/doi/10.1111/nph.13933/abstract…,2016-06-05T20:30:45.000Z,tansleyreview resistance rootknot nematode meloidogyne spp woody plant,pest,neutral
1313,nematodes,Dr.farmar crop,https://twitter.com/rajkumarberwal,This is pomegranate plant he is affected nematodes (Meloidogyne spp.)@agribusiness110 @AgBioWorld @Farming_mfs,2023-03-15T05:34:11.000Z,pomegranate plant affect nematode meloidogyne sppagribusiness110 agbioworld farming_mfs,pest,neutral
1314,nematodes,Shahid Siddique,https://twitter.com/NemaPlant,Resistance to root-knot nematodes Meloidogyne spp. in woody plants - Saucet - 2016 - New Phytologist - http://onlinelibrary.wiley.com/resolve/doi?DOI=10.1111%2Fnph.13933#.VzbOBRfhgGQ.twitter…,2016-05-14T07:04:54.000Z,resistance rootknot nematode meloidogyne spp woody plant   saucet   2016   new phytologist  ,pest,neutral
1315,nematodes,NEMDETECT,https://twitter.com/nemdetect,Growing 42 plants at @ILVOvlaanderen w/ or w/o root-knot nematodes (Meloidogyne chitwoodi) and water stress (red&blue labels) while monitoring physiological parameters and imaging with thermal & hyperspectral sensors in an attempt to distinguish b/w water and nematode stress,2021-01-21T11:06:55.000Z,grow 42 plant ilvovlaanderen w rootknot nematode meloidogyne chitwoodi water stress redblue label monitor physiological parameter image thermal   hyperspectral sensor attempt distinguish bw water nematode stress,pest,neutral
1316,nematodes,Dr. Lesley Schumacher,https://twitter.com/LesSchumacher,Inoculating a field with root-knot nematodes (Meloidogyne incognita RKN) in advance of spring tomato planting. Use chopped galled tomato roots a rototiller and a follow with okra to increase RKN population densities @wbrutter,2020-08-11T14:01:55.000Z,inoculate field rootknot nematodes meloidogyne incognita rkn advance spring tomato planting use chopped gall tomato root rototiller follow okra increase rkn population density wbrutter,usage,positive
1317,nematodes,Rutger Wilschut,https://twitter.com/WilschutRutger,Good to see some #nematode action in my plant-soil feedback experiment @NematologyW! Root-knot nematodes (Meloidogyne spec.) on roots of Centaurea jacea!,2023-06-06T18:16:33.000Z,good see nematode action plantsoil feedback experiment nematologyw rootknot nematodes meloidogyne spec root centaurea jacea,pest,positive
1318,nematodes,Edward Beasley,https://twitter.com/thebuffsciguy,It’s that time again. Soil sampling to identify areas/fields with plant parasitic nematodes is very important for planning crop rotation and management practices for the next growing season. #nematodes #plantpathology #cotton #meloidogyne,2021-10-16T18:29:47.000Z,time soil sample identify areasfield plant parasitic nematode important plan crop rotation management practice next grow season nematode plantpathology cotton meloidogyne,control methods,positive
1319,nematodes,Sophien Kamoun,https://twitter.com/KamounLab,.@NewPhyt Simon Saucet et al. Resistance to root-knot nematodes Meloidogyne spp. in woody plants  http://sco.lt/93e7vd,2016-05-31T16:40:45.000Z,newphyt simon saucet et al resistance rootknot nematode meloidogyne spp woody plant  ,pest,neutral
1320,nematodes,NEVAL,https://twitter.com/NEVALLABS,Starting a new trial against nematodes #meloidogyne #tomatoes #NEVAL #Efficacy #Nematicides,2018-02-05T15:30:21.000Z,start new trial nematode meloidogyne tomatoes neval efficacy nematicide,"pest,effectiveness","neutral,neutral"
1321,nematodes,NEMDETECT,https://twitter.com/nemdetect,A public defense of a doctoral thesis The use of advanced technologies for integrated management of root-knot nematodes (Meloidogyne spp. Nematoda: Heteroderidae) by candidate Nik Susič http://M.Sc. will take place on Oct 26. More info: https://kis.si/Obvestila/Javni_zagovor_doktorske_disertacije/…,2020-10-20T12:52:30.000Z,public defense doctoral thesis use advanced technology integrated management rootknot nematodes meloidogyne spp nematoda heteroderidae candidate nik susi   take place oct 26 info,control methods,neutral
1322,nematodes,Sophia Agrobiotech,https://twitter.com/SAgrobiotech,New phytologist. Resistance to root-knot nematodes Meloidogyne spp. in woody plants. http://www6.paca.inra.fr/institut-sophia-agrobiotech/Productions-Animations/Publications/New-phytologist2…,2016-05-02T08:18:43.000Z,new phytologist resistance rootknot nematode meloidogyne spp woody plant,pest,neutral
1324,nematodes,David Pires,https://twitter.com/David1822,This brings back great memories from my Masters thesis.  Common bean roots with 𝘔𝘦𝘭𝘰𝘪𝘥𝘰𝘨𝘺𝘯𝘦 𝘫𝘢𝘷𝘢𝘯𝘪𝘤𝘢 egg masses in red. My supervisor at the time Prof. Teresa Almeida is the one who taught me how to love #nematodes. #ThrowbackThursday #Meloidogyne #RKN,2020-12-10T09:14:42.000Z,bring back great memory master thesis   common bean root    egg masse red supervisor time prof teresa almeida one teach I love nematode throwbackthursday meloidogyne rkn,pest,positive
1325,nematodes,Agricultural Biotech,https://twitter.com/Agbio_GE,The epigenetic machinery of the plant-parasitic nematodes Meloidogyne spp. https://hubs.ly/H0cgGVK0,2018-05-30T09:06:14.000Z,epigenetic machinery plantparasitic nematode meloidogyne spp,pest,neutral
1326,nematodes,Pallavi Shakya (पल्लवी शाक्य),https://twitter.com/Pallav15hakya,I decided doodling was a better way to stress when waiting for the little ones to hatch. #nematodes #meloidogyne #gradschool,2022-06-10T01:22:55.000Z,I decide doodle well way stress wait little one hatch nematodes meloidogyne gradschool,overall,neutral
1327,nematodes,Dr. Galal Eliwa,https://twitter.com/GalalEliwa,Approach to New peach rootstocks resistant to root-knot nematodes (Meloidogyne species) selected from local Mit-Ghamer peach cultivar https://semanticscholar.org/paper/Approach-to-New-peach-rootstocks-resistant-to-from-Eliwa-Hagag/445189bacfda9b8bed8c733e88b7a43ea4c169d4?utm_source=twitter…,2021-09-29T11:47:53.000Z,approach new peach rootstock resistant rootknot nematode meloidogyne specie select local mitghamer peach cultivar,pest,neutral
1328,nematodes,Sophia Agrobiotech,https://twitter.com/SAgrobiotech,Phytopathology. New data completing the spectrum of the Ma RMia and RMja genes for resistance to root-knot nematodes Meloidogyne spp. in Prunus. https://www6.paca.inra.fr/institut-sophia-agrobiotech/Productions-Animations/Publications/Phytopathology…,2018-09-28T07:30:01.000Z,phytopathology new datum complete spectrum rmia rmja gene resistance rootknot nematode meloidogyne spp prunus,pest,neutral
1329,nematodes,Best4Soil,https://twitter.com/Best4Soil,Growing nonhost crops can reduce #nematode populations but there are several species of root knot nematodes (#Meloidogyne spp.) and each has a very wide host range. #Best4Soil database will help you to choose the right crop https://best4soil.eu/database,2021-10-05T06:16:11.000Z,grow nonhost crop reduce nematode population several specie root knot nematode meloidogyne spp wide host range best4soil database help choose right crop,control methods,positive
1330,nematodes,Active Plant Nematologists,https://twitter.com/activeplantnema,Severe galling on carrots  caused by root-knot nematodes (Meloidogyne sp.) Pictures courtesy of @fitolabcavellaneda in Honduras #Nematodes #Meloidogyne #Nematology #ActivePlantNematologists,2023-10-26T16:45:49.000Z,severe galling carrot   cause rootknot nematodes meloidogyne sp picture courtesy fitolabcavellaneda honduras nematodes meloidogyne nematology activeplantnematologist,overall,negative
1331,nematodes,Multilines International Rwanda ltd,https://twitter.com/Multilines_rw,1/2 The major pests and diseases Tree tomato (Cyphomandra betacea)-----------------------------------------The tomato tree is in Solanaceae family. It is attacked by many insects pests and diseases which include:i) aphidsii) nematodes (Meloidogyne spp.) iii) thripds,2022-11-21T05:48:47.000Z,12 major pest disease tree tomato cyphomandra betaceathe tomato tree solanaceae family attack many insect pest disease includei aphidsii nematodes meloidogyne spp iii thripds,pest,negative
1332,nematodes,Brill Biology,https://twitter.com/Brill_Biology,“The differential impact of four tropical species of root-knot nematodes (Meloidogyne spp.) on biofortified cassava” by Aminat K. Oyetunde et al. in #OpenAccess in Nematology Volume 24 No. 6. Find the complete issue here:  https://brill.com/view/journals/nemy/24/6/nemy.24.issue-6.xml…,2022-07-06T13:57:00.000Z,differential impact four tropical specie rootknot nematodes meloidogyne spp biofortified cassava aminat k oyetunde et al openaccess nematology volume 24 6 find complete issue  ,overall,neutral
1333,nematodes,Jason Pepe,https://twitter.com/Pepesplants,#Organic #NEMATODE SUPPRESSIONSuppression of plant-parasitic nematodes by Crotalaria spp. has been known for decades. Godfrey (1928) noted that sunn hemp had few galls from root-knot nematodes (Meloidogyne spp.). Most of the plant-parasitic nematodes suppressed by Crotalaria are…,2023-04-30T20:16:36.000Z,organic nematode suppressionsuppression plantparasitic nematode crotalaria spp know decade godfrey 1928 note sunn hemp gall rootknot nematodes meloidogyne spp plantparasitic nematode suppress crotalaria,control methods,positive
1334,nematodes,Ben Morgan,https://twitter.com/benmorgan1985,Cool paper where Salicylic acid was used against root knot nematodes (Meloidogyne nematodes) in hort. Results seemed to suggest induced systemic response and reduction of damage. Positive stuff!! https://researchgate.net/publication/233728150_Salicylic_Acid_as_an_Elicitor_of_Resistance_to_Root-Knot_Nematodes_in_Tomato…,2019-03-01T06:40:40.000Z,cool paper salicylic acid use root knot nematode meloidogyne nematode hort result seem suggest induce systemic response reduction damage positive stuff,"usage,pest,effectiveness,toxicity","positive,positive,positive,neutral"
1335,nematodes,Plant Pathology,https://twitter.com/BSPPjournals,Solanum torvum is a valuable rootstock for managing the root knot nematodes Meloidogyne incognito and M. javanica:,2019-05-20T11:32:19.000Z,solanum torvum valuable rootstock manage root knot nematode meloidogyne incognito javanica,control methods,positive
1336,nematodes,EurekaMag,https://twitter.com/EurekaMag,Attraction of Root Knot Nematodes Meloidogyne incognita to Living Mycelium of Nematophagous Fungi http://dlvr.it/SH05fj,2022-01-12T15:01:03.000Z,attraction root knot nematode meloidogyne incognita live mycelium nematophagous fungus,pest,neutral
1337,nematodes,EurekaMag,https://twitter.com/EurekaMag,Identification of root-knot nematodes (Meloidogyne spp.) from greenhouses in the Middle Black Sea Region of Turkey http://dlvr.it/SHc9Hx,2022-01-22T15:26:02.000Z,identification rootknot nematodes meloidogyne spp greenhouse middle black sea region turkey,overall,neutral
1338,nematodes,Genetic Variation,https://twitter.com/gen_var_papes,Molecular characterization of root-knot nematodes (Meloidogyne spp.) from Arkansas USA. http://dlvr.it/Rkf3Vn,2020-10-30T11:38:02.000Z,molecular characterization rootknot nematodes meloidogyne spp arkansas usa,overall,neutral
1339,nematodes,International Viticulture and Enology Society,https://twitter.com/IVES_publisher,NEW: A #muscadine locus confers resistance to predominant species of #grapevine root-knot #nematodes (#Meloidogyne spp.) including virulent populations by Daniel Esmenjaud et al. Full article available on OENO One: http://bit.ly/3RaPmrn#viticulture #pests #rootstocks,2023-09-07T08:47:29.000Z,new muscadine locus confer resistance predominant specie grapevine rootknot nematodes meloidogyne spp include virulent population daniel esmenjaud et al full article available oeno one   pest rootstock,pest,negative
1340,nematodes,Kokole Patrick,https://twitter.com/kokole_pat91505,Pineapple (Ananas comosus).Other names: swahili-Nanasi(fruit) Mnanasi(Plant).Most common pests.Mealybugs( Dysmicoccus brevipes): this transmit the mealybug wilt virus.Nematodes( meloidogyne sp): this can be controlled by fumigating the soil with nemagon or E.D.B,2024-02-15T15:52:43.000Z,pineapple ananas comosusother name swahilinanasifruit mnanasiplantmost common pestsmealybug dysmicoccus brevipe transmit mealybug wilt virusnematode meloidogyne sp control fumigate soil nemagon edb,control methods,positive
1341,nematodes,Kimitec,https://twitter.com/KimitecGroup,Gall forming #nematodes (Meloidogyne spp.) are a major agricultural pest that causes numerous losses all over the world. Traditionally synthetic #nematicides have played an important role in its control.,2022-06-26T07:35:47.000Z,gall form nematodes meloidogyne spp major agricultural pest cause numerous loss world traditionally synthetic nematicide play important role control,control methods,positive
1342,nematodes,Codi,https://twitter.com/codida,To every Tuberose farmer Water provision and Nematodes (Meloidogyne spp) are the biggest headache! #FarmTalk,2024-02-15T15:52:43.000Z,every tuberose farmer water provision nematode meloidogyne spp big headache farmtalk,pest,negative
1343,nematodes,Root Papers,https://twitter.com/RootPapers,Pubmed Molecular Characterisation and Diagnosis of Root-Knot Nematodes (Meloidogyne spp.) from Turfgrasses in North… http://dlvr.it/LgVwxd,2016-06-28T13:34:55.000Z,pubme molecular characterisation diagnosis rootknot nematodes meloidogyne spp turfgrasse north,overall,neutral
1344,nematodes,BacPath Papers,https://twitter.com/Badbugsbot,Counter-attack of biocontrol agents: Environmentally benign Approaches against Root-knot nematodes (Meloidogyne spp.) on Agricultural crops,2023-11-13T12:16:38.000Z,counterattack biocontrol agent environmentally benign approach rootknot nematodes meloidogyne spp agricultural crop,control methods,positive
1345,nematodes,Fruit Worms,https://twitter.com/fruitWormPapers,Genome-wide expert annotation of the epigenetic machinery of the plant-parasitic nematodes Meloidogyne spp. with a focus on the asexually reproducing species. http://dlvr.it/QS5Tfk,2018-05-07T23:38:57.000Z,genomewide expert annotation epigenetic machinery plantparasitic nematode meloidogyne spp focus asexuallyreproduce specie,pest,neutral
1346,nematodes,Encyclopedia MDPI,https://twitter.com/EncyclopediaMD1,Biocontrol Agents against Root-Knot Nematodes Root-knot nematodes (Meloidogyne spp.) are sedentary endoparasites that cause severe economic losses to agricultural crops globally.  Adil Ameen Bhat Adnan Shakeel Sonia Waqar et al. https://encyclopedia.pub/entry/40982,2023-02-15T17:00:10.000Z,biocontrol agent rootknot nematode rootknot nematodes meloidogyne spp sedentary endoparasite cause severe economic loss agricultural crop globally   adil ameen bhat adnan shakeel sonia waqar et al,pest,negative
1347,nematodes,mcmullanlab_papers,https://twitter.com/mcmullan_papers,Exploring the mechanisms of host-specificity of a hyperparasitic bacterium (Pasteuria spp.) with potential to control tropical root-knot nematodes (Meloidogyne spp.): insights from Caenorhabditis elegans,2024-01-06T13:47:06.000Z,explore mechanism hostspecificity hyperparasitic bacterium pasteuria spp potential control tropical rootknot nematodes meloidogyne spp insight caenorhabditis elegan,control methods,positive
1348,nematodes,Root Papers,https://twitter.com/RootPapers,Pubmed Mitochondrial coding genome analysis of tropical root-knot nematodes (Meloidogyne) supports haplotype based… http://dlvr.it/N4YTWL,2017-01-10T13:43:39.000Z,pubme mitochondrial code genome analysis tropical rootknot nematodes meloidogyne support haplotype base,overall,neutral
1349,nematodes,Adeniyi Bukola Joshua,https://twitter.com/mrbouqui,Theyre root galls which is caused by root-knot  nematodes  (Meloidogyne spp),2021-02-10T23:24:50.000Z,root gall cause rootknot   nematode   meloidogyne spp,pest,neutral
1350,nematodes,Farmer on the ground,https://twitter.com/Ninah4,The plant also repels nematodes.. meloidogyne species.  For sure its a very important  covercrop,2020-07-26T19:02:18.000Z,plant also repel nematode meloidogyne specie   sure important   covercrop,control methods,positive
1351,nematodes,Plant Pathogens (APPS),https://twitter.com/Plant_Pathogens,A novel approach to determine generalist nematophagous microbes reveals Mortierella globalpina as a new biocontrol agent against Meloidogyne spp. nematodes #nematodes #rootlesionnematode #Meloidogyne  #tomato,2019-05-27T07:17:37.000Z,novel approach determine generalist nematophagous microbe reveal mortierella globalpina new biocontrol agent meloidogyne spp nematode nematode rootlesionnematode meloidogyne   tomato,pest,positive
1352,nematodes,Frontiers - Plant Science,https://twitter.com/FrontPlantSci,New Research: From Raffinose Family Oligosaccharides to Sucrose and Hexoses: Gene Expression Profiles Underlying Host-to-Nematode Carbon Delivery in Cucumis sativus Roots: Root-knot nematodes (Meloidogyne incognita) induce… https://frontiersin.org/articles/10.3389/fpls.2022.823382?utm_source=S-TWT&utm_medium=SNET&utm_campaign=ECO_FPLS_XXXXXXXX_auto-dlvrit… #PlantScience #PlantSci,2022-02-17T09:21:01.000Z,new research raffinose family oligosaccharide sucrose hexose gene expression profile underlie hosttonematode carbon delivery cucumis sativus root rootknot nematodes meloidogyne incognita induce   plantscience plantsci,overall,neutral
1353,nematodes,Abdul-Ganew Asumaila,https://twitter.com/abdulganew17,Crotalaria juncea I guess. Also good for suppressing nematodes (meloidogyne) population,2020-06-03T15:48:56.000Z,crotalaria juncea I guess also good suppress nematode meloidogyne population,control methods,positive
1354,nematodes,Mr. Climate,https://twitter.com/OlumideIDOWU,PROTOCOL for Nematode Resistance Screening Root-Knot Nematodes Meloidogyne spp.: This document provides a clea... http://bit.ly/1FPjnxU,2014-12-04T10:27:29.000Z,protocol nematode resistance screen rootknot nematodes meloidogyne spp document provide clea,pest,neutral
1355,nematodes,Frontiers - Plant Science,https://twitter.com/FrontPlantSci,New Research: Assessment of nematicidal and plant growth-promoting effects of Burkholderia sp. JB-2 in root-knot nematode-infested soil: Root-knot nematodes (RKN) Meloidogyne spp. are plant-parasitic nematodes that are… #PlantScience #PlantSci,2023-07-19T14:50:35.000Z,new research assessment nematicidal plant growthpromoting effect burkholderia sp jb2 rootknot nematodeinfested soil rootknot nematode rkn meloidogyne spp plantparasitic nematode plantscience plantsci,"effectiveness,pest","positive,positive"
1356,nematodes,Symbiosis papers,https://twitter.com/Symbiosispapers,Efficacy of fluopyram applied by chemigation on controlling eggplant root-knot nematodes (Meloidogyne spp.) and its effects on soil properties. https://ncbi.nlm.nih.gov/pubmed/32628699?dopt=Abstract…,2020-09-12T10:00:17.000Z,efficacy fluopyram apply chemigation control eggplant rootknot nematodes meloidogyne spp effect soil property,effectiveness,neutral
1357,nematodes,Nematode_papers,https://twitter.com/Nematode_papers,Grapevine (Vitis spp.) rootstock stilbenoid associations with host resistance to and induction by root knot nematodes Meloidogyne incognita.,2020-07-31T18:48:05.000Z,grapevine vitis spp rootstock stilbenoid association host resistance induction root knot nematode meloidogyne incognita,pest,neutral
1358,nematodes,Frontiers - Infectious Disease,https://twitter.com/FrontInfectDis,New Research: Exploring the mechanisms of host-specificity of a hyperparasitic bacterium (Pasteuria spp.) with potential to control tropical root-knot nematodes (Meloidogyne spp.): insights from Caenorhabditis elegans https://frontiersin.org/articles/10.3389/fcimb.2023.1296293?utm_source=dlvr.it&utm_medium=twitter… #cellinfect,2023-12-20T08:54:33.000Z,new research explore mechanism hostspecificity hyperparasitic bacterium pasteuria spp potential control tropical rootknot nematodes meloidogyne spp insight caenorhabditis elegans   cellinfect,control methods,positive
1359,nematodes,CGIAR,https://twitter.com/CGIAR,Publication:  PROTOCOL for Nematode Resistance Screening Root-Knot Nematodes Meloidogyne spp. http://dlvr.it/7k3gtW #Ag4Dev,2014-12-04T10:45:29.000Z,publication   protocol nematode resistance screen rootknot nematodes meloidogyne spp   ag4dev,pest,neutral
1360,nematodes,Nichola Hawkins,https://twitter.com/nichola_hawkins,And from @CropSciCentre Victor Moura looks at the paradox of how root knot nematodes (Meloidogyne incognita) can form highly specialised feeding structures over an exceptionally broad host range.,2023-06-30T09:28:31.000Z,cropscicentre victor moura look paradox root knot nematode meloidogyne incognita form highly specialised feeding structure exceptionally broad host range,pest,negative
1361,nematodes,Brill Publishing,https://twitter.com/BrillPublishing,RT @Brill_Biology: Journal article for free download until 15 April 2014!Root-knot nematodes (Meloidogyne spp.) http://fb.me/3EXex7e5G,2014-03-03T10:35:06.000Z,rt brill_biology journal article free download 15 april 2014rootknot nematode meloidogyne spp,pest,neutral
1362,herbs,Peter Sikkema,https://twitter.com/psikkema1,In 3 experiments completed in 2018 in Ontario herbicides which contained tribenuron (Barricade M Refine Refine M Luxxur and Luxxuf M) controlled chickweed in winter wheat 97-100%.,2019-04-23T11:14:54.000Z,3 experiment complete 2018 ontario herbicide contain tribenuron barricade refine refine luxxur luxxuf control chickweed winter wheat 97100,pest,neutral
1363,herbs,Turf Masters,https://twitter.com/TurfMastersLC,Chickweed likes moisture & often grows in gardens mulch beds under trees or shady parts of lawn. Good tolerance to cold & can survive in temperatures below freezing. Chickweed grows in clusters & bloom February and March. Best controlled in the fall with pre-emergent herbicides.,2020-01-04T14:01:41.000Z,chickweed like moisture   often grow gardens mulch bed tree shady part lawn good tolerance cold   survive temperature freeze chickweed grow cluster   bloom february march well control fall preemergent herbicide,pest,positive
1364,herbs,Oli Hill,https://twitter.com/oliverjhill_,Broad-leaved weeds such as poppies chickweed and mayweed show some resistance to sulfonylureas (SUs) herbicides http://fwi.co.uk/arable/growers-advised-to-switch-herbicides-to-tackle-broad-leaved-weed-resistance.htm…,2016-10-28T17:23:30.000Z,broadleave weed poppy chickweed mayweed show resistance sulfonylureas sus herbicide,pest,neutral
1365,herbs,Turf Masters,https://twitter.com/TurfMastersLC,The answer to yesterdays Name That Weed is Common Chickweed.  It has good tolerance to cold &  can survive in temps below freezing.  Because of its shallow root system it can easily be pulled by hand and is best controlled in the fall with pre-emergent herbicides.,2020-10-15T16:02:34.000Z,answer yesterdays name weed common chickweed   good tolerance cold    survive temp freeze   shallow root system easily pull hand well control fall preemergent herbicide,pest,positive
1366,herbs,TurfPride Inc.,https://twitter.com/turfpride,Dec is the month to review your turfgrass and clean up any broadleaf weeds that are start chickweed henbit etc.  Selective herbicides.,2011-12-23T12:57:43.000Z,dec month review turfgrass clean broadleaf weed start chickweed henbit etc   selective herbicide,pest,positive
1367,herbs,A Plus Lawn Care,https://twitter.com/Apluslawncarenc,Lawn Care Tip Of The Day! [Weed Control]• Apply broadleaf herbicides to control broadleafweeds like chickweed... http://fb.me/LXeT486T,2013-04-01T11:00:01.000Z,lawn care tip day weed control apply broadleaf herbicide control broadleafweed like chickweed,pest,positive
1368,herbs,Turf Masters,https://twitter.com/TurfMastersLC,Treat now to have the lawn you want in the spring and summer. Pre-emergent herbicides applied now can help prevent Dandelions Ozalis Chickweed White Clover  and Poa Annua. #TheNiceGuys #TurfMastersLawnCare #TurfMasters,2022-11-02T18:16:00.000Z,treat lawn want spring summer preemergent herbicide apply help prevent dandelion ozalis chickweed white clover   poa annua theniceguy turfmasterslawncare turfmaster,pest,positive
1369,herbs,Kelly Jackson,https://twitter.com/JacksonUKCES,Control henbit and chickweed in lawns now while the plants are young.  Herbicides with 24 D MCPP and dicamba are effective. Read label.,2010-01-29T16:19:03.000Z,control henbit chickweed lawn plant young   herbicide 24 mcpp dicamba effective read label,"pest,effectiveness","positive,positive"
1370,herbs,Peter Sikkema,https://twitter.com/psikkema1,Herbicides with tribenuron (Refine Refine M and Barricade) provide good control of chickweed in winter wheat. Pictures from a study conducted in 2018 in Ontario.,2018-05-14T16:35:54.000Z,herbicide tribenuron refine refine barricade provide good control chickweed winter wheat picture study conduct 2018 ontario,pest,positive
1371,herbs,"Turf Care Supply, LLC",https://twitter.com/turfcaresupply,#TurfTrivia time! Did you guess right? When is comes to preventing weeds like chickweed applying preemergents is key. STOP those weeds BEFORE they start and avoid them stealing your turfs healthy thick appearance. #greenindustry #herbicides #turfmanagment #trivia,2020-11-03T15:46:51.000Z,turftrivia time guess right come prevent weed like chickweed apply preemergent key stop weed start avoid steal turf healthy thick appearance greenindustry herbicide turfmanagment trivium,"pest,safety","neutral,positive"
1372,herbs,Hum Catherine,https://twitter.com/Peachmatcha1,Finger weeding: to weed crabgrass lambs quarters chickweed ect around produce in order to increase their yield without using chemicals in carcinogenic herbicides. Also being on our hands and knees weeding in the summers!!!,2023-12-08T11:27:30.000Z,finger weed weed crabgrass lamb quarter chickweed ect around produce order increase yield without use chemical carcinogenic herbicide also hand knee weed summer,"pest,usage,toxicity","negative,positive,positive"
1373,herbs,Peter Sikkema,https://twitter.com/psikkema1,Notice the excellent control of common chickweed in winter wheat with Refine M applied postemergence in the spring (other herbicides with tribenuron provide similar control).,2023-05-10T12:55:00.000Z,notice excellent control common chickweed winter wheat refine apply postemergence spring herbicide tribenuron provide similar control,pest,positive
1374,herbs,WeedWiseUK,https://twitter.com/weedwiseuk,In addition to grass weeds we can also offer resistance testing for #mayweed #poppy and #chickweed to ALS herbicides. Chickweed seed starts shedding in June/July so it is the time to think about collection. To find out how to collect samples https://adas.co.uk/services/herbicide-resistance-testing/…,2023-07-04T10:00:02.000Z,addition grass weed also offer resistance testing mayweed poppy chickweed al herbicide chickweed seed start shed junejuly time think collection find collect sample,pest,neutral
1375,herbs,Martyn Cox (Elaternerd),https://twitter.com/Blackthorncox,One of the problems is that one of the best ways to deal with herbicide resistance is to use residual herbicides in cereals. These all tend to control chickweed. My question is. How do we leave the crop & the chickweed but remove the other  more troublesome weeds e.g blackgrass,2018-02-07T23:00:02.000Z,one problem one good way deal herbicide resistance use residual herbicide cereal tend control chickweed question leave crop   chickweed remove   troublesome weed eg blackgrass,"usage,pest","negative,neutral"
1376,herbs,UD Extension,https://twitter.com/UDExtension,DYK? Relying too much on a few herbicides has led to an increase in weed species that are not effectively controlled..but integrated weed management can help! Learn more at http://ow.ly/4Avu50xglTeby David Owens #UDel (Common chickweed seedlings),2019-11-23T15:10:13.000Z,dyk rely much herbicide lead increase weed specie effectively controlledbut integrate weed management help learn   david owens udel common chickweed seedling,pest,positive
1377,herbs,Peter Sikkema,https://twitter.com/psikkema1,Herbicides that contain tribenuron (Refine Refine M Barricade M Luxxur and Luxxur M) applied postemergence in the spring provide excellent control of common chickweed in wheat.,2023-05-10T12:50:54.000Z,herbicide contain tribenuron refine refine barricade luxxur luxxur apply postemergence spring provide excellent control common chickweed wheat,pest,positive
1378,herbs,,https://twitter.com/micro_lm,Theres a bunch of chickweed in a corner at my place and I want to try picking it and eating it but idk if the people living here before me sprayed herbicides or not  if there this much growing it should be safe right????,2023-01-28T21:55:16.000Z,bunch chickweed corner place I want try pick eat idk people live I spray herbicide   much grow safe right,"pest,usage,safety","neutral,neutral,neutral"
1379,herbs,Corteva UK,https://twitter.com/CortevaUK,Florasulam in #SPITFIRE has different resistance profile to SU #herbicides & will control highly ALS-resistant #poppy #mayweed #chickweed,2015-03-30T08:35:13.000Z,florasulam spitfire different resistance profile su herbicide   control highly alsresistant poppy mayweed chickweed,pest,neutral
1380,herbs,Michael Bennet,https://twitter.com/NZAUAgronomy,Especially difficult when most of the herbicides work as well as the day they were launched. SU resistant chickweed is one exception.,2018-08-02T19:49:23.000Z,especially difficult herbicide work well day launch su resistant chickweed one exception,"effectiveness,pest","positive,neutral"
1381,herbs,AHDB,https://twitter.com/TheAHDB,In reseeds the 3 most common weeds are chickweed docks and thistle. Learn more about herbicides today @grasslandmuck,2017-05-24T14:17:15.000Z,reseed 3 common weed chickwee dock thistle learn herbicide today grasslandmuck,overall,neutral
1382,herbs,janet gilles,https://twitter.com/GillesJanet,@Food_Tank @Closed404  easy the wild foods that grow everywhere.  For a list  check what herbicides are aimed at.  Dandelions chickweed.,2016-03-30T23:48:19.000Z,food_tank closed404   easy wild food grow everywhere   list   check herbicide aim   dandelion chickweed,pest,positive
1383,herbs,Lin Kirby,https://twitter.com/Kirby6kirby,I came across a site that not only sold dandelions it also sold chickweed thistles and pigs weed.  Clearly I missed a golden business opportunity. Since they stopped using herbicides in public spaces every park for miles around is a crop waiting to be harvested,2018-04-05T00:48:30.000Z,I come across site sell dandelion also sell chickweed thistle pig weed   clearly I miss golden business opportunity since stop use herbicide public space every park mile around crop wait harvest,"pest,usage","neutral,positive"
1384,herbs,24DResearchTaskForce,https://twitter.com/24DResearch,March maintenance in your landscape: The annual broadleaf weeds in greatest numbers are henbit common chickweed shepherd purse sow thistle bur clover and horseweed. These weeds can be controlled with herbicides like 24-D. Read more from @swoknews,2022-03-31T19:18:01.000Z,march maintenance landscape annual broadleaf weed great number henbit common chickweed shepherd purse sow thistle bur clover horseweed weed control herbicide like 24d read swoknew,pest,positive
1385,herbs,Pride in Turf,https://twitter.com/Pride_in_Turf,4/  Chickweed: This annual weed can be managed with pre-emergent herbicides and by maintaining a thick healthy lawn. Hand-pulling can also be effective if you catch it early. #ChickweedControl #LawnMaintenance,2023-05-02T13:49:03.000Z,4   chickweed annual weed manage preemergent herbicide maintain thick healthy lawn handpulling also effective catch early chickweedcontrol lawnmaintenance,"pest,safety,effectiveness","neutral,positive,positive"
1386,herbs,Farmers Weekly,https://twitter.com/FarmersWeekly,Broad-leaved weeds like poppies chickweed and mayweed show some resistance to sulfonylureas herbicides #clubhectare http://bit.ly/2f8DS2B,2016-10-31T09:34:14.000Z,broadleave weed like poppy chickweed mayweed show resistance sulfonylureas herbicide clubhectare,pest,positive
1387,herbs,Conn McQuinn,https://twitter.com/ConnMc,I actually did something like that when I was a kid. I methodically collected thousands of chickweed seeds and spread them in a neighbor’s insanely perfect grass. (My evil scheme was thwarted - keepers of insanely perfect grass apparently use herbicides.),2021-03-03T17:06:00.000Z,I actually something like I kid I methodically collect thousand chickweed seed spread neighbor insanely perfect grass evil scheme thwart   keeper insanely perfect grass apparently use herbicide,"pest,usage","negative,positive "
1388,herbs,Sara,https://twitter.com/SaraWhit_14,perfect lawns are gross! :) I like mine weedy lol & a lot of those weeds are edible! Dandelion broadleaf plantain chickweed list goes on & on. Not that I eat my lawn regularly but my chickens & other animals do! Plus pesticides and herbicides=no good. I’m not a boomer tho,2020-12-12T15:42:20.000Z,perfect lawn gross   I like mine weedy lol   lot weed edible dandelion broadleaf plantain chickweed list go   I eat lawn regularly chicken   animal plus pesticide herbicidesno good I boomer tho,pest,positive
1389,herbs,SafeGrowMontgomery,https://twitter.com/SafeGrowMC,Dont take the risk 4 a dandelion-skip the #pesticides & #herbicides. #StopToxicLawns #WednesdayWisdom #HealthyLawns,2016-04-27T13:38:31.000Z,take risk 4 dandelionskip pesticide   herbicide stoptoxiclawn wednesdaywisdom healthylawn,safety,positive
1390,herbs,Albaugh Specialty Products,https://twitter.com/AlbaughTurf,Our Triad line of products are great for post-emergent control of hard-to-kill grassy and broadleaf weeds such as clover dandelion and plantain.Learn more: https://prime-sourcellc.com/professional-non-crop/golf/…#Triad #Herbicides,2019-11-26T01:00:00.000Z,triad line product great postemergent control hardtokill grassy broadleaf weed clover dandelion plantainlearn   herbicide,pest,positive
1391,herbs,Nutrien Ag Solutions - Central Saskatchewan,https://twitter.com/NutrienAg_CSK,Weve all seen this Wednesdays #weedID.  In the spring a flowering means the soil is warming up.  It also means the Dandelion is harder to control with herbicides. Despite harvesting for Dandelion salads and wine Dandelion populations continue to flourish.,2021-05-19T14:02:20.000Z,see wednesday weedid   spring flowering mean soil warm   also mean dandelion hard control herbicide despite harvesting dandelion salad wine dandelion population continue flourish,pest,positive
1392,herbs,Willapa_Photo,https://twitter.com/WillapaP,Sparrows and other wild birds eat wild dandelion seeds another reason not to spray herbicides or use weed killers on dandelions.#birdphotography #photography #NaturePhotography #nature #bird,2022-05-20T05:03:39.000Z,sparrow wild bird eat wild dandelion seed another reason spray herbicide use weed killer dandelionsbirdphotography photography naturephotography nature bird,"pest,usage","positive,negative"
1393,herbs,Albaugh Specialty Products,https://twitter.com/AlbaughTurf,Triad SFZ Select™ is a unique combination of 4 selective herbicides to quickly control a wide variety of hard-to-kill broadleaf weeds such as clover dandelion and plantain.Learn more: https://prime-sourcellc.com/products/triad-sfz-select/…#Herbicide,2020-01-21T00:00:00.000Z,triad sfz select unique combination 4 selective herbicide quickly control wide variety hardtokill broadleaf weed clover dandelion plantainlearn,pest,neutral
1394,herbs,Bruce Woehrle,https://twitter.com/MrPesticide,1st dandelion of the year at the @Reindersinc #BuffaloGrove store. Its broadleaf weed season. Got #herbicides?,2016-04-14T02:08:51.000Z,1st dandelion year reindersinc buffalogrove store broadleaf weed season get herbicide,pest,neutral
1395,herbs,BETHYLOVELIGHT,https://twitter.com/BethyLoveLight,A short clip from ‘Dandelion [The Official Music Video]’  Full version available on my FB page [link in bio] or on YouTube. Save the Dandelion from deadly herbicides &… https://instagram.com/bethylovelight/p/Bv5E5OiHgU-/?utm_source=ig_twitter_share&igshid=ue1eb0i7lu5…,2019-04-05T23:12:59.000Z,short clip dandelion official music video   full version available fb page link bio youtube save dandelion deadly herbicide  ,pest,positive
1396,herbs,Specialty Crop Weed Science,https://twitter.com/vegfruitweedsci,Selection pressure isn’t just for herbicides. Repeated mowing can result in the selection of prostrate plants short ecotypes and some perennial rosettes like this dandelion flowering almost at the soil surface,2018-03-09T14:18:44.000Z,selection pressure herbicide repeat mow result selection prostrate plant short ecotype perennial rosette like dandelion flower almost soil surface,"effectiveness,pest","neutral,neutral"
1397,herbs,,https://twitter.com/bloomfilters,wild foraging is generally fine in certain places to access certain kinds of food or goods -- chanterelles sumac clovers sorrel dandelion. the concern imo is if you try to forage e.g dandelion near suburbs you need to be careful for herbicides or soil leeching https://x.com/cynthiathefarm/cynthiathefarm1/status/1537903094872219651…,2022-06-18T13:12:10.000Z,wild foraging generally fine certain place access certain kind food good   chanterelle sumac clover sorrel dandelion concern imo try forage eg dandelion near suburb need careful herbicide soil leech,pest,positive
1398,herbs,Chris J. BeaL Patriot  JOY,https://twitter.com/NJSnowPatriot,I layed down a second app of fertilizer just before I mixed up a High microbe mix with some synthetic fert and Iron No @Milorganite this time but will next time. Can you believe I only hand picked 2 dandelion so far.I have Not used any post emergent herbicides at all.,2018-05-24T22:47:56.000Z,I lay second app fertilizer I mix high microbe mix synthetic fert iron milorganite time next time believe I hand pick 2 dandelion fari use post emergent herbicide,"usage,pest","negative,positive "
1399,herbs,String,https://twitter.com/StringAll,Constellations of dandelion seeds...No herbicides here! #noroundup #noherbicides #nature #Health #grateful,2019-05-23T17:34:46.000Z,constellation dandelion seedsno herbicide noroundup noherbicide nature health grateful,pest,positive
1400,herbs,Cara,https://twitter.com/CaraCatherineA,I dont understand why people put herbicides on their lawns to kill the dandelions. Dandelion lawns are so pretty.,2014-05-04T19:07:55.000Z,I understand people put herbicide lawn kill dandelion dandelion lawn pretty,pest,negative
1401,herbs,Dr. B.I.G.,https://twitter.com/BIGTurfKnowHow,Look who I found on a South facing area here in West LaLa and is showing up for the Spring-time time party-it’s this showy tap-rooted plant the dandelion - if you find them objectionable then herbicides containing 24-D can be effective for suppression,2022-04-11T16:55:12.000Z,look I find south face area west lala show springtime time partyit showy taproote plant dandelion   find objectionable herbicide contain 24d effective suppression,"pest,effectiveness","neutral,positive"
1402,herbs,Monique Martin,https://twitter.com/moniquesart,The glass dome over this paper dandelion represents our need to protect the environment even the dandelions. It is shielding the paper dandelion from herbicides. Dandelions are the first food and one of the best… https://instagram.com/p/B89ZQkLnqdr/?igshid=l30f8llbs0db…,2020-02-24T18:14:21.000Z,glass dome paper dandelion represent need protect environment even dandelion shield paper dandelion herbicide dandelion first food one good,pest,positive
1403,herbs,Corteva Europe,https://twitter.com/CortevaEUR,#DYK how to identify #Dandelion? The sooner you identify them the quicker you start protecting your crops. #herbicides,2019-05-11T15:00:01.000Z,dyk identify dandelion soon identify quick start protect crop herbicide,pest,neutral
1404,herbs,Bruce Woehrle,https://twitter.com/MrPesticide,Here it is. 2019’s first dandelion. Actually five days earlier than last year’s first dandelion. Got herbicides?,2019-04-20T17:26:08.000Z,2019s first dandelion actually five day early last year first dandelion get herbicide,pest,neutral
1405,herbs,Philip Willink,https://twitter.com/PhilipWillink,Dandelion Root Coffee. A classic foraging recipe. We do not use herbicides so I dig the Dandelions up by hand. End up with lots of roots. Might as well use them! A bit of a bitter bite so I added cream and sugar. Not bad but I am going to play around with the recipe.,2022-10-04T21:47:17.000Z,dandelion root coffee classic foraging recipe use herbicide I dig dandelion hand end lot root might well use bit bitter bite I add cream sugar bad I go play around recipe,"pest,usage","positive,positive"
1406,herbs,Cornell Turfgrass,https://twitter.com/Cornell_Turf,Thermal treatment at 1400 degrees F got most of the fescue but dandelion stood tough! We are hoping thermal treatment will offer alternatives to herbicides for thinning thicker/unplayable native areas but we may have just made weed problem worse! #science,2019-04-23T20:25:04.000Z,thermal treatment 1400 degree f get fescue dandelion stand tough hope thermal treatment offer alternative herbicide thin thickerunplayable native area may make weed problem bad science,pest,negative
1407,herbs,ginadibee,https://twitter.com/ginadibee,Dandelion Facts  Please dont spray them with horrible #herbicides. The #honeybees and #bumblebees and #butterflies and #songbirds need them too.Besides that they are stunning and happy. Yrs of marketing by chemical companies fooled us into hating them. Make up your own mind!,2019-04-18T02:37:36.000Z,dandelion fact   please spray horrible herbicide honeybee bumblebee butterfly songbird need toobeside stunning happy yrs marketing chemical company fool hate make mind,"pest,usage,toxicity","positive,negative,negative"
1408,herbs,GMO Free USA,https://twitter.com/GMOFreeUSA,Don’t pull that dandelion! And stop using Roundup and other synthetic herbicides.,2022-04-27T19:52:10.000Z,pull dandelion stop use roundup synthetic herbicide,"pest,usage","neutral,negative,negative"
1409,herbs,KushtiBot,https://twitter.com/Kusum312,6 Reasons Dandelions Shouldnt be Called a WeedDon’t pull that dandelion! And stop using Roundup and other synthetic herbicides!1. After winter dandelion flowers are in many cases the first source of food for bees and other pollinators providing pollen and nectar.,2022-08-30T02:20:39.000Z,6 reason dandelion call weeddont pull dandelion stop use roundup synthetic herbicides1 winter dandelion flower many case first source food bee pollinator provide pollen nectar,"pest,usage","positive,negative"
1410,herbs,AgriClue,https://twitter.com/agriclue,http://Producer.com - Best registered herbicides for dandelion suppression We are starting to see the r... http://ift.tt/1nO4FQg,2014-04-25T20:17:48.000Z,   good register herbicide dandelion suppression start see r,pest,positive
1411,herbs,GMWatch,https://twitter.com/GMWatch,Kill Weeds With Electricity – new methods are taking the place of dangerous herbicides https://redferret.net/?p=60289 Though maybe not every delightful dandelion needs killing?,2020-01-29T08:40:49.000Z,kill weed electricity   new method take place dangerous herbicide   though maybe every delightful dandelion need kill,pest,negative
1412,herbs,iGardenPlanting,https://twitter.com/igardenplanting,New Post: Dandelion Killer: Herbicides And Organic Alternatives For Your Weed Free Garden https://buff.ly/2Cf9dxI,2019-01-13T09:01:01.000Z,new post dandelion killer herbicide organic alternative weed free garden,"pest,safety","neutral,neutral"
1413,herbs,Ol' Grumps' Honey,https://twitter.com/OlGrumpsHoney,Seems a bit regressive for a university to be spraying herbicides for dandelion and clover but we are clearly biased. #savethedandelions #savetheclover #savethebees #yyc,2021-05-27T15:11:12.000Z,seem bit regressive university spray herbicide dandelion clover clearly biased savethedandelion savetheclover savethebee yyc,"usage,pest","negative,neutral"
1414,herbs,Jamie S. Walters,https://twitter.com/jamieswalters,Eat them dont spray them. Dandelion Facts: http://herbalremediesadvice.org/dandelion-facts.html… #dandelions #herbicides #edibleplants,2015-04-30T16:11:21.000Z,eat spray dandelion fact   dandelion herbicide edibleplant,"usage,pest","negative,positive"
1415,herbs,Phil,https://twitter.com/Phil1863,Looks like Ontario.... Ever since the Liberals banned herbicides the dandelion has been the provincial flower.,2018-04-25T02:58:23.000Z,look like ontario ever since liberal ban herbicide dandelion provincial flower,pest,negative
1416,herbs,Pat Bruce,https://twitter.com/PatBruce3,Dandelion - half the loves it uses as medicine and food. The other half wages war with pesticides herbicides.... Who is winning? DANDELION,2012-08-16T23:24:54.000Z,dandelion   half love use medicine food half wage war pesticide herbicide win dandelion,"pest,usage","negative,positive"
1417,herbs,"Crop, Forage & Turfgrass Management",https://twitter.com/cropforageturf,#Turfgrass mowing timing does not affect the efficacy of broadleaf #herbicides applied to control #dandelion in the Central Plains:  https://bit.ly/2GiLtMY @unlagrohort @PurdueHortLA,2018-03-28T13:00:04.000Z,turfgrass mow timing affect efficacy broadleaf herbicide apply control dandelion central plain    unlagrohort purduehortla,"effectiveness,pest","positive,negative"
1418,herbs,Tim Graham,https://twitter.com/veggiegarden1,A general rule is to wait for one week after mowing before applying weed killers or herbicides to the dandelion in your lawn.Read more  https://lttr.ai/c2Mw#gardening #diy #landscaping,2021-02-11T00:25:19.000Z,general rule wait one week mow apply weed killer herbicide dandelion lawnread    diy landscaping,pest,negative
1419,herbs,iGardenPlanting,https://twitter.com/igardenplanting,Dandelion Killer: Herbicides And Organic Alternatives For Your Weed Free Garden https://igardenplanting.com/dandelion-killer/…,2019-01-12T15:17:32.000Z,dandelion killer herbicide organic alternative weed freegarden,"pest,safety","negative,positive"
1420,herbs,amy,https://twitter.com/amymarie410,This guy is talking about how to apply our faith and religion to herbicides and dandelion growth. #religionlecture,2014-03-07T02:06:56.000Z,guy talk apply faith religion herbicide dandelion growth religionlecture,pest,positive
1421,herbs,Co-op Agro,https://twitter.com/Coop_Ag,Fall applied herbicides can provide improved weed control of winter annual weeds like dandelion and stinkweed and help save valuable time in the spring! Take a look at the difference in your treated vs. untreated fields…well if the snow is gone...,2019-05-10T16:38:01.000Z,fall apply herbicide provide improve weed control winter annual weed like dandelion stinkweed help save valuable time spring take look difference treat vs untreated fieldswell snow go,pest,positive
1422,herbs,UBuffalo Sustainability,https://twitter.com/UBGreen,UB History: In late 1999/early 2000 the Dandelion Liberation Brigade was formed from the Student Env. Network to protest the spray of harmful herbicides on green spaces around campus. The official protest was held on April 18 2000 and was ultimately successful,2022-07-19T16:15:29.000Z,ub history late 1999early 2000 dandelion liberation brigade form student env network protest spray harmful herbicide green space around campus official protest hold april 18 2000 ultimately successful,"pest,usage,toxicity","positive,negative,negative"
1423,herbs,Jeff VanderMeer,https://twitter.com/jeffvandermeer,Im dead o pesticides and herbicides but I sure did nuke that damn dandelion good.,2019-05-14T12:48:10.000Z,I dead pesticide herbicide I sure nuke damn dandelion good,pest,positive
1424,herbs,"Julie Daniluk, Nutritionist",https://twitter.com/JulieDaniluk,Recipe: #Dandelion season is coming! Dont spray w/ #herbicides ! Eat them w/ Tahini Dressing http://ow.ly/anMJe,2012-04-19T17:10:06.000Z,recipe dandelion season come spray w herbicide   eat w tahini dressing,"pest,usage","neutral,negative "
1425,herbs,Laura Notor Health,https://twitter.com/LNotorHealth,Dandelions arent weeds. Theyre medicine.Just make sure they havent grown in ground sprayed with pesticides or herbicides.Dandelion greens and flowers are an incredibly useful gift from nature.,2021-04-08T16:19:33.000Z,dandelion weed medicinejust make sure grow ground spray pesticide herbicidesdandelion green flower incredibly useful gift nature,"pest,usage","positive,positive"
1426,herbs,Chef Asata,https://twitter.com/ChefAsata,Some folks have food growing in their yard. They just now it down every other week or spray it with herbicides.  Exhibit A: Dandelion Greens. https://instagram.com/p/B92DHwVBbcK/?igshid=1qludheobp3ag…,2020-03-17T18:17:36.000Z,folk food grow yard every week spray herbicide   exhibit dandelion green,"usage,pest","neutral,negative "
1427,herbs,The ARMY Flower Shop⁷,https://twitter.com/armyflowershop,sure they haven’t been treated with herbicides. Drink a tea made from dried dandelion leaves or root. Its been used in the treatment of muscle aches loss of appetite upset stomach intestinal gas gallstones joint pain eczema and bruises. Its also a diuretic & mild laxative,2022-10-02T13:00:06.000Z,sure theyhavent treat herbicide drink tea make dry dandelion leave root use treatment muscle ache loss appetite upset stomach intestinal gas gallstone joint pain eczema bruise also diuretic   mild laxative,"pest,usage","neutral,negative "
1428,herbs,"Lynn Sosnoskie, Ph.D.",https://twitter.com/LynnSosnoskie,According to http://weedscience.org dandelion is not reported res to herbicides but it is problematic,2016-06-27T19:30:25.000Z,accord   dandelion report herbicide problematic,pest,negative
1429,herbs,Metis Fire Sharon,https://twitter.com/metisfire,Dont use Herbicides save the Butterflies and Bees @YEGMayorOffice @doniveson we can live with the yellow dandelion,2017-06-14T14:39:28.000Z,use herbicide save butterfly bee yegmayoroffice doniveson live yellow dandelion,"usage,pest","negative,positive"
1430,herbs,PLM,https://twitter.com/PierreLabMN,Look to Fall-Applied Herbicides to Manage Winter Annuals and Dandelion Fall herbicide treatments have come and gone in popularity but the fact is that fall-applied herbicides can go a long way toward preventing i... http://twib.in/l/kX4K44pxxxeL via @PierreLabMN #farmers #agriculture,2020-09-22T17:08:20.000Z,look fallapplie herbicide manage winter annual dandelion fall herbicide treatment come go popularity fact fallapplie herbicide go long way toward prevent I   via pierrelabmn farmer agriculture,pest,positive
1431,herbs,Maria Grazia,https://twitter.com/MariaGrazia_mtl,AwwThanks Pam  I’m trying to love them... the herbicides to kill dandelion and weeds are illegal here. I prefer tulips in my neighbor’s garden gonna start planting flowers this week#gardeningtherapy,2020-05-19T15:45:11.000Z,awwthank pam   I try love herbicide kill dandelion weed illegal I prefer tulip neighbor garden go start plant flower weekgardeningtherapy,pest,negative
1432,herbs,Epic Gardening,https://twitter.com/epicgardening,Which dandelion killer actually works? Learn all about herbicides and which ones to get in our buyers guide! #epicgardening http://bit.ly/2Ijgheq,2018-05-14T21:32:06.000Z,dandelion killer actually work learn herbicide one get buyer guide epicgardene,"pest,effectiveness","negative,positive"
1433,herbs,David R. Dowdy,https://twitter.com/MistoryWriter,The #dandelion has a very long rootCut its top it won’t give a hootIt makes pretty yellow flowersThat sadden gardenersPlease dig it out and don’t spatterHerbicides contain unsafe matter Come too late and its ball of seedsWill blow in the wind and sow more weeds#vss365,2021-10-06T10:40:10.000Z,dandelion long rootcut top give hootit make pretty yellow flowersthat sadden gardenersplease dig spatterherbicide contain unsafe matter come late ball seedswill blow wind sow weedsvss365,pest,positive
1434,herbs,Happy Happy,https://twitter.com/makeitsonum1,#DadQuotes Hes on the front lawn with a vacuum cleaner - look no herbicides ! As he vacuums dandelion fuzz off the front lawn.,2015-06-18T04:13:14.000Z,dadquote front lawn vacuum clean   look herbicide   vacuum dandelion fuzz front lawn,pest,negative
1435,herbs,Deeda Seed,https://twitter.com/DeedaSeed,Don’t use roundup. And while we’re on the subject there’s no need whatsoever for anyone to use herbicides. Dandelion’s are fine. Toxic chemicals are not.,2019-03-20T14:39:46.000Z,use roundup subject need whatsoever anyone use herbicide dandelion fine toxic chemical,"usage,pest,toxicity","negative,positive,negative"
1436,herbs,ʙᴄ ᴏʀɢᴀɴɪᴄ ғᴀʀᴍᴇʀs,https://twitter.com/BCOrganicFarms,Dandelion festival brings awareness of the benefits of the dandelion leaf flower and root and the herbicides that both kill dandelions and enter the soil aquifers estuaries and bays. Dandelion is early food for bees and other pollinators.http://eastendbeacon.com/photos-dandelion-festival-at-kks-farm/…,2023-05-17T17:07:09.000Z,dandelion festival bring awareness benefit dandelion leaf flower root herbicide kill dandelion enter soil aquifer estuary bay dandelion early food bee pollinator,pest,neutral
1437,herbs,MI Green Guy,https://twitter.com/MIGreenGuy,Not to mention the fertilizers herbicides and insecticides.  A dandelion with a honey bee on it isnt the worst thing in the world.,2022-01-17T23:30:42.000Z,mention fertilizer herbicide insecticide   dandelion honey bee bad thing world,pest,positive
1438,herbs,City of Camrose,https://twitter.com/CityofCamrose,Do you know the reason why we dont spray dandelions? Herbicides may temporarily reduce dandelion numbers but they can also poison people and other creatures and pollute water - a risk were not willing to take. Find out more about dandelion control at http://camrose.ca/dandelions,2023-05-17T17:07:09.000Z,know reason spray dandelion herbicide may temporarily reduce dandelion number also poison people creature pollute water   risk willing take find dandelion control,"usage,pest,toxicity,safety","positive,positive,negative,negative"
1439,herbs,Occupy Sonoma County,https://twitter.com/OcSoCo,6 Reasons Dandelions Shouldn’t Be Called a WeedDon’t pull that dandelion! And stop using Roundup and other synthetic herbicides.https://toxinfreeusa.org/6-reasons-dandelions-shouldnt-be-called-a-weed//…,2023-04-13T11:05:49.000Z,6 reason dandelion call weeddont pull dandelion stop use roundup synthetic herbicide,"pest,usage","positive,negative"
1440,herbs,Cursty,https://twitter.com/curse_t_70,#madeupfacts Leftover pancake batter can be poured over dandelion weeds as an alternative to using herbicides.,2012-08-17T17:38:13.000Z,madeupfact leftover pancake batter pour dandelion weed alternative use herbicide,"pest,usage","negative,neutral"
1441,herbs,Hail Sagan,https://twitter.com/FeedbackNFuzz,Seeking a large dandelion filled field away from traffic and hopefully not sprayed with herbicides or pesticides so I can collect 5 lbs of dandelion heads for a beer Im making soon.,2020-05-10T14:57:40.000Z,seek large dandelion fill field away traffic hopefully spray herbicide pesticide I collect 5 lbs dandelion head beer I make soon,"pest,usage","neutral,negative "
1442,herbs,Wheelpower,https://twitter.com/shecyclesnbi,They also face threats from herbicides as they are considered weeds. gallant soldierblack jackamaranthspider plantstinging nettledandelion,2020-01-24T04:45:31.000Z,also face threat herbicide consider weed gallant soldierblack jackamaranthspider plantstinge nettledandelion,overall,neutral
1443,herbs,Corteva Canada,https://twitter.com/CortevaCA,Mix Paradigm with glyphosate as a pre-seed option for your wheat and barley to harness the benefits of Group 2 and 4 herbicides. Flixweed wild buckwheat dandelion and cleavers are just a few controlled with this multi-mode of action. #WestCdnAg #Plant19,2019-05-11T20:06:00.000Z,mix paradigm glyphosate preseed option wheat barley harness benefit group 2 4 herbicide flixweed wild buckwheat dandelion cleaver control multimode action westcdnag plant19,"usage,pest","positive,positive"
1444,herbs,Guelph Turfgrass Institute,https://twitter.com/GuelphTurf,Fertilizer products were purchased at local retail stores or donated by industry partners. Heres the update from Aug 30-Sept 12. This Kentucky Bluegrass stand has not been treated with herbicides so some weeds popped up - mostly dandelion and plantain. #GuelphTurf #research,2023-11-07T18:17:21.000Z,fertilizer product purchase local retail store donate industry partner update aug 30sept 12 kentucky bluegrass stand treat herbicide weed pop   mostly dandelion plantain guelphturf research,pest,neutral
1445,herbs,Lynn Greiner,https://twitter.com/lynngr,Now that most herbicides are illegal dandelion extermination is manual. Found a gadget that actually does the job from Fiskars.,2009-05-24T20:42:01.000Z,herbicide illegal dandelion extermination manual find gadget actually job fiskar,pest,negative
1446,herbs,Corteva U.S. Turf & Ornamental,https://twitter.com/CortevaUSTurf,Dimension™ 2EW + Defendor™ specialty herbicides has been proven effective at eliminating unsightly dandelion blooms early in the season. It also provides greater flexibility in timing of a typical postemergence application. Learn more here  https://bit.ly/2WKDwoA,2019-04-30T20:01:30.000Z,dimension 2ew   defendor specialty herbicide prove effective eliminate unsightly dandelion bloom early season also provide great flexibility timing typical postemergence application learn  ,"effectiveness,pest,usage","positive,negative,positive"
1447,herbs,PeriodDramaMen,https://twitter.com/DramaMen,I fought for years to Save the Dandelions because they feed our pollinators their greens makes wonderful salads frittatas & yes dandelion wine is worth your time. So dont spray them with  toxic herbicides! #NationalDandelionDay https://t.co/ypeV5zz3zS,2016-04-20T15:52:10.000Z,I fight year save dandelion feed pollinator green make wonderful salad frittatas   yes dandelion wine worth time spray   toxic herbicide nationaldandelionday,"pest,usage,toxicity","positive,negative,negative"
1448,herbs,SafeGrowMontgomery,https://twitter.com/SafeGrowMC,If all we do is resort to pesticides to kill weeds then all the beneficial insects and plants gets harmed in the process. Plus we need clover & dandelion so stop with the broadleaf herbicides @MontgomeryParks,2019-06-11T22:17:53.000Z,resort pesticide kill weed beneficial insect plant get harm process plus need clover   dandelion stop broadleaf herbicide montgomerypark,pest,negative
1449,herbs,Penn State Turfgrass,https://twitter.com/PSUTurf,Next up in Dr. Kaminskis timelapse series is dandelion control with commercial herbicides. Stay tuned. http://fb.me/4NOE6ZHCI,2016-04-20T15:52:10.000Z,next dr kaminskis timelapse series dandelion control commercial herbicide stay tune,pest,neutral
1450,herbs,AsianSocialNetwork 亚洲社交网络,https://twitter.com/AsianSocialNet,.@ToxicFreeMW Do you offer discussions or presentations to villages that are anti-dandelion? The fertilizers and herbicides are horrible for the bees and the detention ponds are an nitrogen fed/algae monster mess.,2018-05-22T20:37:53.000Z,toxicfreemw offer discussion presentation village antidandelion fertilizer herbicide horrible bee detention pond nitrogen fedalgae monster mess,overall,negative
1451,herbs,Jim Davidson,https://twitter.com/planetaryjim,I make a tea from cooked dandelion root which is a massively diuretic and laxative drink. Raw cleaned dandelion leaves are much milder than the root tea. Do not eat dandelions from anywhere herbicides are sprayed.,2020-04-24T02:11:29.000Z,I make tea cook dandelion root massively diuretic laxative drink raw clean dandelion leave much milder root tea eat dandelion anywhere herbicide spray,"pest,usage","neutral,positive"
1452,herbs,Leah D,https://twitter.com/4OurPlanetEarth,I dont think kids care about dandelion seed heads. Herbicides are far more disgusting. Dandelions provide nectar for bees too.,2017-06-01T18:54:46.000Z,I think kid care dandelion seed head herbicide far disgusting dandelion provide nectar bee,pest,negative
1453,herbs,Samantha X Thomas,https://twitter.com/futuredirected,@Chloebeetle I seldom see them in stores here. Weve got a vacant lot across the street Natures dandelion bounty. No pesticides/herbicides,2009-05-19T01:01:11.000Z,chloebeetle I seldom see store get vacant lot across street nature dandelion bounty pesticidesherbicide,pest,negative
1454,herbs,Micron,https://twitter.com/pkile,At home in town we use Reverse Osmosis water for cooking and drinking. There are PFAS chemicals jut about everywhere from previous farming practices. The neighbors above our well spray roundup dandelion herbicides and grub poisons on their lawns.,2023-06-06T12:02:57.000Z,home town use reverse osmosis water cooking drink pfas chemical jut everywhere previous farming practice neighbor well spray roundup dandelion herbicide grub poison lawn,"usage,toxicity,pest","negative,negative,negative"
1455,herbs,Kelly,https://twitter.com/CheerfulReader,We have lots! and we dont use pesticides/herbicides.My brother made dandelion wine once but it was a flop,2020-03-26T14:58:44.000Z,lot use pesticidesherbicidesmy brother make dandelion wine flop,"usage,pest","positive,positive"
1456,herbs,Lubor Ptacek,https://twitter.com/LuborP,Ever since banning the use of herbicides Ontario government named the dandelion the official flower of the province. #fb,2013-05-11T23:16:38.000Z,ever since ban use herbicide ontario government name dandelion official flower province fb,"usage,pest","negative,neutral"
1457,herbs,Cynthia Sax,https://twitter.com/CynthiaSax,I actually harvested wild dandelion seeds last year because Ive been concerned about the decrease of them (in Toronto which bans herbicides/pesticides).,2024-02-18T14:49:04.000Z,I actually harvest wild dandelion seed last year I concern decrease toronto ban herbicidespesticide,pest,neutral
1458,herbs,SHOWstudio,https://twitter.com/SHOWstudio,Loewe S/S 23 menswear took us on a trip through Jonathan Andersons overgrown garden with mossy motifs and a dandelion jumper that has us reconsidering herbicides. Check out the entire collection and let us know your thoughts. https://showstudio.com/collections/spring-summer-2023/Loewe-SS-23-Menswear…,2022-06-25T12:11:20.000Z,loewe ss 23 menswear take trip jonathan anderson overgrown garden mossy motif dandelion jumper reconsider herbicide check entire collection let know thought,pest,neutral
1459,herbs,Kuri,https://twitter.com/therealkuri,I have had dandelion salad before. Its OK. Some vitamins but not a lot of nutritional value. People need to be careful they dont harvest dandelion leaves with pesticides or herbicides in them these days. Certainly not a prerequisite to having an opinion.,2022-06-25T12:11:20.000Z,I dandelion salad ok vitamin lot nutritional value people need careful harvest dandelion leave pesticide herbicide day certainly prerequisite opinion,pest,positive
1460,herbs,Anna H   #FBPA #FBPPR #Environment #Umwelt,https://twitter.com/Resourceful1942,So true: if more people would realise how beneficial some of these plants are not just to the pollinators but to human health as well. I find nettle tea invaluable not to mention all the uses of the humble dandelion. We must reject herbicides so all these plants are safe to use.,2020-06-29T19:09:34.000Z,true people would realise beneficial plant pollinator human health well I find nettle tea invaluable mention use humble dandelion must reject herbicide plant safe use,"usage,pest,safety","positive,positive,positive"
1461,herbs,Quick Silver Susan,https://twitter.com/qwk_slvr,Ive never used herbicides but I used to hand-pick the dandelion flowers off so they wouldnt produce the seedheads. Then a few years ago I learned the flowers are great for bees & have left them alone. Now Ive noticed bees in the yard that I never had before.,2020-05-06T17:39:57.000Z,I never use herbicide I use handpick dandelion flower would produce seedhead year ago I learn flower great bee   leave alone I notice bee yard I never,"usage,pest","positive,positive"
1462,herbs,Brian Torri,https://twitter.com/BrianTorri,Some old ladies who knew my great-grandma Amelia Torri said that they used to make dandelion wine. For which there is an actual recipe: https://allrecipes.com/recipe/162202/dandelion-wine/…Must be organic no herbicides or pesticides can be present on the blossoms.,2019-09-06T08:06:13.000Z,old lady know greatgrandma amelia torri say use make dandelion wine actual recipe   organic herbicide pesticide present blossom,"usage,pest,safety","positive,neutral,positive"
1463,herbs,WrenchMonkey,https://twitter.com/DuffusMonkey,If you are not eating spaghetti or noodles 3 days a weeks you are just THROWING MONEY AWAY.  I always tell my kids that chicken necks taste the best because you have to work so hard to get the meat!  Dandelion leaves spice up any salad & you save on herbicides!,2018-04-02T02:04:04.000Z,eat spaghetti noodle 3 day week throw money away   I always tell kid chicken neck taste good work hard get meat   dandelion leave spice salad   save herbicide,"effectiveness,pest","positive,positive"
1464,herbs,Fred... that’s it...,https://twitter.com/FSure4,There are less extreme options... dandelion specific herbicides... admittedly this is kind of the nuke it from orbit option!  Works...,2020-06-21T05:10:33.000Z,less extreme option dandelion specific herbicide admittedly kind nuke orbit option   work,"pest,effectiveness","neutral,positive"
1465,herbs,Jessica S.,https://twitter.com/onemorejess3,Gotta be careful of herbicides though. Cultivated dandelion is great but random dandelions in the yard if you use weed killers might not be.,2021-07-14T16:04:35.000Z,get careful herbicide though cultivate dandelion great random dandelion yard use weed killer might,"pest,usage",
1466,herbs,Snow White and the 7 Mutants,https://twitter.com/christarpher72,... connected to pristine dandelion-free lawns other icky dirty weeds pesticides herbicides Frosted Flakes & multivitamins.,2022-12-25T04:17:04.000Z,  connect pristine dandelionfree lawn icky dirty weed pesticide herbicide frosted flake   multivitamin,overall,negative
1467,herbs,Gingerspark,https://twitter.com/SuzanneGabriel,My lawnmower is broken. I dont believe in herbicides.  My lawn is one massive dandelion puff-fest. More than one neighbour has stopped shaken their head in disgust.,2022-05-15T22:56:36.000Z,lawnmower break I believe herbicide   lawn one massive dandelion pufffest one neighbour stop shake head disgust,pest,negative
1468,herbs,migo,https://twitter.com/migo64587452,Leave the dandelions alone!. They are one of the best early spring foods for the bees. And they aren’t hurting you. In some circles we use dandelion for food and medicine. Ban herbicides!,2019-04-17T15:50:06.000Z,leave dandelion alone one good early spring food bee hurt circle use dandelion food medicine ban herbicide,"pest,usage","positive,negative"
1469,herbs,Scott McElroy,https://twitter.com/malherbologist,Ground ivy and dandelion.  Really?  Too many northern respondents.  More effective herbicides to control those two than any other weeds out there.,2018-02-02T13:36:27.000Z,ground ivy dandelion   really   many northern respondent   effective herbicide control two weed,"pest,effectiveness","neutral,positive"
1470,herbs,tinybaby,https://twitter.com/tinybaby,clover used to be part of what was considered a healthy yard - it was even included in lawn seed mixtures. it only got branded as a weed about 60 years ago when they developed herbicides that wouldnt kill grass but killed clover along with other actual weeds like dandelion.,2020-05-29T23:17:17.000Z,clover use part consider healthy yard   even include lawn seed mixture get brand weed 60 year ago develop herbicide would kill grass kill clover along actual weed like dandelion,"usage,safety,pest","negative,neutral"
1471,herbs,ann g,https://twitter.com/agibson62,In the US you can still buy the herbicides needed to kill it. They are banned in Canada. My lawn is a beautiful mix of crabgrass and dandelion with the rare blade of real grass,2020-04-11T17:20:39.000Z,us still buy herbicide need kill ban canada lawn beautiful mix crabgrass dandelion rare blade real grass,"usage,pest","negative,neutral"
1472,herbs,Karen Shragg,https://twitter.com/Ecoyenta,I love to add the flowers minus the green sepals to pancake batter put the leaves in my smoothies. Vitamin C and kidney support.. brought from Europe to curry scurvy imagine the colonies with intentional dandelion gardens. Now imagine our world with no herbicides,2021-05-23T12:22:35.000Z,I love add flower minus green sepal pancake batter put leave smoothie vitamin c kidney support bring europe curry scurvy imagine colony intentional dandelion garden imagine world herbicide,pest,positive
1473,herbs,@Giliell@mastodon.social,https://twitter.com/Giliell,When heard that people spray herbicides against dandelion I was like WTF is wrong with you?,2021-05-11T18:11:28.000Z,hear people spray herbicide dandelion I like wtf wrong,"usage,pest","negative,neutral"
1474,herbs,C.Beanowitz,https://twitter.com/CBeanowitz,ooooo flowers are always so tempting to eat. when i finally have a yard and go a year of no pesticides/herbicides i cant WAIT to make dandelion fritters,2022-04-20T18:04:00.000Z,ooooo flower always tempting eat I finally yard go year pesticidesherbicide I wait make dandelion fritter,pest,negative
1475,herbs,𝓛𝓸𝓬𝓴𝓪𝓻𝓴,https://twitter.com/Lockark,Yeah inwas about to say. Dandelion greens are fine I ha e even seen them sold is healthy grocery stores.The main problem is just were you forage them from due to pesticide and herbicides commonly used in lawn care.,2022-06-19T21:54:27.000Z,yeah inwa say dandelion green fine I ha e even see sell healthy grocery storesthe main problem forage due pesticide herbicide commonly use lawn care,"pest,safety,usage","neutral,negative,negative"
1476,herbs,gigachoad.eth  2693.eth,https://twitter.com/CluelessMaven,In the spring if you still free. I need a part time dandelion puller. I dont like using herbicides. Doesnt pay much but its honest work.,2022-02-03T14:38:34.000Z,spring still free I need part time dandelion puller I like use herbicide pay much honest work,"pest,usage,effectiveness","neutral,positive,positive"
1477,herbs,Elise Stolte,https://twitter.com/estolte,.@waltersyeg moves to go with the higher dandelion budget - $3 million. Uses non-conventional herbicides in sports fields. (Points out @councillorBryan is now his constituent. That was a key issue for him.) #yegcc,2017-12-06T22:34:05.000Z,waltersyeg move go high dandelion budget   3 million use nonconventional herbicide sport field point councillorbryan constituent key issue yegcc,"pest,usage","neutral,positive"
1478,herbs,Peter Johnson,https://twitter.com/WheatPete,Glyphosate works well to -4C. The hormone herbicides need above 5C. Dandelion control is excellent with 1 L/ac of 540 gly in the fall. Will be e extremely slow but you will be happy next spring.,2022-10-08T13:51:01.000Z,glyphosate work well 4c hormone herbicide need 5c dandelion control excellent 1 lac 540 gly fall e extremely slow happy next spring,"effectiveness,pest","positive,negative"
1479,herbs,"Shawn Askew, Ph.D.",https://twitter.com/VTTurfweeds,3-way broadleaf herbicides antagonize crabgrass control by ACC-ase inhibitors like Acclaim Segment Fusilade/Ornamec and Manuscript but dont reduce control by Drive (quinclorac).,2019-08-28T17:29:19.000Z,3way broadleaf herbicide antagonize crabgrass control accase inhibitor like acclaim segment fusiladeornamec manuscript reduce control drive quinclorac,pest,negative
1480,herbs,Matt Elmore,https://twitter.com/RUturfweeds,White clover (foreground) working as well as pre-emergence herbicides (background) for crabgrass control. See this every year at the research farm.,2020-07-28T01:44:27.000Z,white clover foreground work well preemergence herbicide background crabgrass control see every year research farm,"effectiveness,pest","positive,neutral"
1481,herbs,"Shawn Askew, Ph.D.",https://twitter.com/VTTurfweeds,3-way broadleaf herbicides antagonize crabgrass control by ACC-ase inhibitors like Acclaim Segment Fusilade/Ornamec and Manuscript but dont reduce control by Drive (quinclorac).,2019-08-28T17:29:19.000Z,3way broadleaf herbicide antagonize crabgrass control accase inhibitor like acclaim segment fusiladeornamec manuscript reduce control drive quinclorac,pest,negative
1482,herbs,Kevin W. Frank,https://twitter.com/MSUTurf,Is it time to apply crabgrass preemergence herbicides? Consider GDDs soil temps & maybe envtal indicators http://tinyurl.com/z7w9vp3,2017-03-24T12:36:53.000Z,time apply crabgrass preemergence herbicide consider gdds soil temp   maybe envtal indicator,pest,neutral
1483,herbs,Envu Golf US,https://twitter.com/EnvuGolfUS,Why goosegrass is such a problem: 1) It germinates later than crabgrass and 2) Preemergence herbicides are less active on goosegrass than on crabgrass. Heres the fix. http://ow.ly/YSYH30nl6KG #TalkingTurf,2019-01-17T21:15:14.000Z,goosegrass problem 1 germinate later crabgrass 2 preemergence herbicide less active goosegrass crabgrass fix   talkingturf,pest,negative
1484,herbs,Genesis Turfgrass,https://twitter.com/genesisturf,Using Preemergence Crabgrass Herbicides: What You Need to Know Before Tax Day #preemergence #herbicide #crabgrass #goosegrass #askagenesisrep #genesisgreensupply https://mailchi.mp/genesisturfgrassinc/using-preemergence-crabgrass-herbicides-what-you-need-to-know-before-tax-day…,2020-02-22T12:14:19.000Z,use preemergence crabgrass herbicide need know tax day preemergence herbicide crabgrass goosegrass askagenesisrep genesisgreensupply,"usage,pest","neutral,neutral"
1485,herbs,Kevin W. Frank,https://twitter.com/MSUTurf,Cold temperatures extend application timing for crabgrass preemergence herbicides - Turf,2020-04-16T18:13:00.000Z,cold temperature extend application timing crabgrass preemergence herbicide   turf,"usage,pest","neutral,neutral"
1486,herbs,Organic Solutions,https://twitter.com/OrgncSolution,Fun Fact Tuesday!Just getting rid of crabgrass? Pre-emergent herbicides must be used to prevent regrowth. Dont kn…,2016-08-23T14:20:38.000Z,fun fact tuesdayjust getting rid crabgrass preemergent herbicide must use prevent regrowth kn,"pest,usage","neutral,positive"
1487,herbs,Dr. Anastasia Bodnar,https://twitter.com/geneticmaize,Demonstrating natures devious ways - crabgrass produces herbicides to kill off competitors. http://pubs.acs.org/doi/abs/10.1021/jf401605g…,2013-06-27T16:48:40.000Z,demonstrate nature devious way   crabgrass produce herbicide kill competitor,pest,negative
1488,herbs,SiteOne Landscape Supply,https://twitter.com/SiteOneSupply,Timing is everything when controlling crabgrass with pre-emergent herbicides. Here are some considerations to help get the timing right: https://bit.ly/3i2mnCH,2021-02-28T16:39:02.000Z,timing everything control crabgrass preemergent herbicide consideration help get timing right,pest,positive
1489,herbs,Bart Fox,https://twitter.com/turf_fox,Don’t misdiagnosis this weed. Your #crabgrass preemergent is still working. Seeing lots of #IndiaCrabgrass around collars and driving range tees. Post emergent herbicides work better than Pre for this tough weed. @SyngentaTurf,2018-05-24T14:06:09.000Z,misdiagnosis weed crabgrass preemergent still work see lot indiacrabgrass around collar drive range tee post emergent herbicide work well pre tough weed syngentaturf,"pest,effectiveness","neutral,positive"
1490,herbs,Landscape Management,https://twitter.com/LandscapeMgmt,Many herbicides cant stop mid-tiller crabgrass. With fenoxaprop @NufarmUSTurf Last Call gets it done: http://buff.ly/2qzVQjY #sponsored,2017-05-02T19:00:13.000Z,many herbicide stop midtiller crabgrass fenoxaprop nufarmusturf last call get   sponsor,pest,positive
1491,herbs,GCM_Magazine,https://twitter.com/GCM_Magazine,Allelopathy — one plant producing chemicals that influence another plant — is helpful in developing herbicides and has broader implications in plant breeding.@UMNTurf scientists detail their work evaluating fine fescues’ ability to suppress crabgrass: http://bit.ly/2H3q6Al.,2019-03-11T15:35:27.000Z,allelopathy   one plant produce chemical influence another plant   helpful develop herbicide broad implication plant breedingumnturf scientist detail work evaluate fine fescue ability suppress crabgrass,"toxicity,effectiveness,pest","positive,negative"
1492,herbs,Jeffrey D Price,https://twitter.com/Jeffprice5906,#mowed cut off about 3” of grass #it’sMarch #dead #crabgrass herbicides work,2018-03-09T22:50:13.000Z,mow cut 3 grass itsmarch dead crabgrass herbicide work,"pest,effectiveness","negative,positive"
1493,herbs,PBI-Gordon Turf Experts,https://twitter.com/askturfexperts,Pre-emergent herbicides for crabgrass should be applied when soil temps consistently reach 50°F or by using growing degree day models to optimize timing. Bensumec™ 4LF Pre-Emergent Grass & Weed Herbicide is an excellent option for golf course greens. #FieldReport #PBIGordonTurf,2023-03-31T17:32:17.000Z,preemergent herbicide crabgrass apply soil temp consistently reach 50f use grow degree day model optimize timing bensumec 4lf preemergent grass   weed herbicide excellent option golf course green fieldreport pbigordonturf,"pest,usage","negative,positive"
1494,herbs,Envu Golf US,https://twitter.com/EnvuGolfUS,Crabgrass germination may be two or more weeks ahead this year with the warm winter. Preemergence herbicides like #Specticle should be applied at least two weeks prior to expected emergence if possible. Learn more here: http://ow.ly/ExEL50yctRr  #TalkingTurf,2020-02-03T23:45:05.000Z,crabgrass germination may two week ahead year warm winter preemergence herbicide like specticle apply least two week prior expect emergence possible learn    talkingturf,pest,positive
1495,herbs,Golfdom,https://twitter.com/Golfdom,Check out simulated rainfalls influence on large crabgrass control with herbicides. http://golfdom.com/simulated-rainfalls-influence-on-large-crabgrass-control-with-herbicides/…,2016-02-02T16:00:12.000Z,check simulate rainfall influence large crabgrass control herbicide,pest,neutral
1496,herbs,Custom Weed & Pest,https://twitter.com/customspray,Crabgrass preventing herbicides must be rained into the soil before germination occurs!  http://lancastereaglegazette.com/story/news/local/2015/04/02/column-time-prevent-crabgrass/70838844/…,2015-05-10T20:25:02.000Z,crabgrass preventing herbicide must rain soil germination occur  ,pest,negative
1497,herbs,Divya P.,https://twitter.com/PointResults,Best crabgrass herbicides Reviews Specification Features & Online Buying Guide https://resultspoint.in/best-crabgrass-herbicides-reviews-specification-features-online-buying-guide/…,2019-10-23T23:55:29.000Z,good crabgrass herbicide review specification feature   online buyingguide,pest,positive
1498,herbs,Envu Golf US,https://twitter.com/EnvuGolfUS,Preemergence herbicides are the most effective way to control crabgrass and #goosegrass in warm- and cool-season grasses. The #BayerGST talks technical consideration here: http://bit.ly/2Cujfdg #TalkingTurf,2018-01-14T04:00:21.000Z,preemergence herbicide effective way control crabgrass goosegrass warm coolseason grass bayergst talk technical consideration   talkingturf,"effectiveness,pest","positive,negative"
1499,herbs,Peter Sikkema,https://twitter.com/psikkema1,Dr. Martin Laforest AAFC has found increased gene copy number in crabgrass from Huron county which confers resistance to some Group 1 herbicides. The crabgrass in the picture was sprayed with Poast at 130 mL/acre - Waterloo county on the left and Huron county on the right.,2019-03-22T19:19:03.000Z,dr martin lafor aafc find increase gene copy number crabgrass huron county confer resistance group 1 herbicide crabgrass picture spray poast 130 mlacre   waterloo county left huron county right,"pest,usage","negative,negative"
1500,herbs,Tyler Turf Fertilizer,https://twitter.com/TylerTurf,Nows the time for crabgrass prevention! Its been said “One year’s seeding makes seven years weeding”. Tyler carries a full line of granular & liquid crabgrass herbicides. Consult our experts to choose the best solution and timing for application. #turfmaintenance #TylerTurf,2019-04-02T13:31:12.000Z,time crabgrass prevention say one year seeding make seven year weed tyler carry full line granular   liquid crabgrass herbicide consult expert choose good solution timing application turfmaintenance tylerturf,"pest,usage","neutral,positive"
1501,herbs,Mike Goatley,https://twitter.com/VAturf,Japanese Stiltgrass (Microstegium) described by Dr Jeff Derr as crabgrass of the shade in @VaTurfCouncil pesticide applic recert program. Common mistake w/ PRE herbicides is treating @ same time as crabgrass - thats too late! Germinates 2-3 wks earlier than crabgrass. #vaturf,2020-04-30T12:37:30.000Z,japanese stiltgrass microstegium describe dr jeff derr crabgrass shade vaturfcouncil pesticide applic recert program common mistake w pre herbicide treat   time crabgrass   late germinate 23 wks early crabgrass vaturf,pest,negative
1502,herbs,Simply Green,https://twitter.com/SimplyGreenCHS,How to Kill Crabgrass: Getting Rid of the Weed With Preemergent Herbicides http://ow.ly/Oj8N4 #Crabgrass #ByeByeCrabgrass,2015-06-18T15:05:48.000Z,kill crabgrass getting rid weed preemergent herbicide   crabgrass byebyecrabgrass,pest,negative
1503,herbs,Fred Yelverton,https://twitter.com/FredYelverton,24-hour mean soil temp at Turfgrass Field Lab in Raleigh NC is 45.6 degrees.  That is about 6-9 degrees below threshold for crabgrass germination.  Still time to put out PRE herbicides but do it fast.  These temps will rise quickly.  #turfweeds #turfmanagement,2018-03-26T14:43:03.000Z,24hour mean soil temp turfgrass field lab raleigh nc 456 degree   69 degree threshold crabgrass germination   still time put pre herbicide fast   temp rise quickly   turfweed turfmanagement,pest,neutral
1504,herbs,Calvin Dumisani,https://twitter.com/calvindumisant,http://bit.ly/GA3ZHx Types of Preemergent Herbicides That Kill Crabgrass Video - Aboutcom - pre emergent herbicides,2012-03-20T07:51:45.000Z,  type preemergent herbicide kill crabgrass video   aboutcom   pre emergent herbicide,pest,negative
1505,herbs,UNL Holt-Boyd County,https://twitter.com/holtboyd,Time to Put Down Crabgrass Prevention Herbicides - Learn more at http://go.unl.edu/gxm,2013-05-06T16:45:02.000Z,time put crabgrass prevention herbicide   learn,pest,neutral
1506,herbs,Peter Sikkema,https://twitter.com/psikkema1,Group 1 resistant large crabgrass (some Group 1 herbicides). Excellent control with Select applied POST no control with Assure. Left - Control Top/right - Select,2017-03-30T18:30:04.000Z,group 1 resistant large crabgrass group 1 herbicide excellent control select apply post control assure leave   control topright   select,pest,positive
1507,herbs,MTF,https://twitter.com/miturfgrass,Timing crabgrass pre-emergence applicationsWhen is the correct time to apply crabgrass pre-emergence herbicides?  …https://michiganturfgrassfoundation.wildapricot.org/news/4687390,2017-03-24T13:57:30.000Z,time crabgrass preemergence applicationswhen correct time apply crabgrass preemergence herbicide  ,pest,neutral
1508,herbs,TurfEx,https://twitter.com/TurfEx,What are your signals that its time to apply #crabgrass pre-emergence #herbicides?http://msue.anr.msu.edu/news/timing_crabgrass_pre_emergence_applications…,2017-03-30T18:30:04.000Z,signal time apply crabgrass preemergence herbicide,pest,neutral
1509,herbs,DoMyOwn,https://twitter.com/mypestcontrol,How to Get Rid of Crabgrass With Pre-Emergent Herbicides: http://ow.ly/ItMwh #crabgrass,2015-02-05T14:01:06.000Z,get rid crabgrass preemergent herbicide   crabgras,pest,neutral
1510,herbs,"Crop, Forage & Turfgrass Management",https://twitter.com/cropforageturf,In NJ preemergence #herbicides applied in February are less effective than herbicides applied in April for smooth crabgrass control: https://doi.org/10.1002/cft2.20005… #Openaccess @RutgersSEBS,2020-03-17T13:30:00.000Z,nj preemergence herbicide apply february less effective herbicide apply april smooth crabgrass control   openaccess rutgerssebs,"effectiveness,pest","negative,negative"
1511,herbs,Ohio Turfgrass Foundation,https://twitter.com/OhioTurfgrass,Today’s ODA approved afternoon sessions highlight our local Ohio State experts Dr. Gardner and Dr. Shetlar. Join them as they explore Herbicides Managing Crabgrass and Nutsedge Control Products as well as Crane Flies! It’s not too late to join us https://ohioturfgrass.org/event/21GroundsGreens…,2021-04-01T11:25:00.000Z,todays oda approve afternoon session highlight local ohio state expert dr gardner dr shetlar join explore herbicide manage crabgrass nutsedge control product well crane fly late join,pest,positive
1512,herbs,Elizabeth Exstrom,https://twitter.com/HuskerHort,Controlling crabgrass? Apply preemergence herbicides earlier this year. Find out more at #NebExt #hortupdate http://hortupdate.unl.edu,2016-04-27T14:01:48.000Z,control crabgrass apply preemergence herbicide early year find nebext hortupdate,pest,neutral
1513,herbs,"Jim Brosnan, Ph.D.",https://twitter.com/UTTurfWeeds,A worst case scenario is the best way to study PRE herbicides vs. crabgrass. Can you find the turf here? #TNturf,2014-08-20T18:00:42.000Z,bad case scenario good way study pre herbicide vs crabgrass find turf tnturf,pest,neutral
1514,herbs,"Crop, Forage & Turfgrass Management",https://twitter.com/cropforageturf,In IN and TN mixing trinexapac‐ethyl with postemergence #herbicides did not affect smooth #crabgrass control: https://doi.org/10.1002/cft2.20082… @PurdueTurfDoc @PurdueHortLA @UTPlantSciences #turfgrass,2021-01-28T14:30:00.000Z,tn mix trinexapacethyl postemergence herbicide affect smooth crabgrass control   purdueturfdoc purduehortla utplantsciences turfgrass,"usage,pest","neutral,neutral"
1515,herbs,Syngenta Turf,https://twitter.com/SyngentaTurf,The effectiveness of many preemergent herbicides for crabgrass control depends on timing: http://ow.ly/wdMty @GlobalTurf #turf,2014-04-29T18:35:20.000Z,effectiveness many preemergent herbicide crabgrass control depend time   globalturf turf,"effectiveness,pest","positive,neutral"
1516,herbs,Bob Hartzler,https://twitter.com/IowaWeeds,I would add that its time to get ready to apply preemergence herbicides.  The forsythia typically blooms a few weeks before crabgrass germinates.  Apply too early and herbicide degrades before much of it germinates apply too late and you miss the first flushes of crabgrass,2019-04-03T15:37:02.000Z,I would add time get ready apply preemergence herbicide   forsythia typically bloom week crabgrass germinate   apply early herbicide degrade much germinate apply late miss first flush crabgrass,pest,negative
1517,herbs,Nicole Stoner,https://twitter.com/Nikki_Stoner,Since everyone has been asking...we have now hit soil temperatures of 55 degrees as an average for the week. We have entered the time to apply crabgrass pre-emergence herbicides. You can use products containing dithiopyr prodiamine or pendimethalin. #NEBEXT,2021-04-29T16:23:29.000Z,since everyone askingwe hit soil temperature 55 degree average week enter time apply crabgrass preemergence herbicide use product contain dithiopyr prodiamine pendimethalin nebext,"pest,usage","neutral,positive"
1518,herbs,Steven Eilers,https://twitter.com/iowaguy1970,Spring is clearly in no hurry to arrive so here are some tips from @ISUExtension.  Its safe to plant peas onion lettuce hardy greens carrots & beets when the forsythia are blooming. Thats also the time to apply pre-emergent herbicides for crabgrass control and grass seed.,2022-04-19T19:58:41.000Z,spring clearly hurry arrive tip isuextension   safe plant pea onion lettuce hardy green carrot   beet forsythia bloom also time apply preemergent herbicide crabgrass control grass seed,"safety,pest","positive,neutral"
1519,herbs,Bethany Tsuda,https://twitter.com/bethatsudamax,http://bit.ly/HpGUcO Types of Preemergent Herbicides That Kill Crabgrass Video - Aboutcom - pre emergent herbicides,2012-03-30T01:11:45.000Z,  type preemergent herbicide kill crabgrass video   aboutcom   pre emergent herbicide,pest,negative
1520,herbs,Advanced Sports Turf,https://twitter.com/ATSSportsTurf,How do crabgrass pre-emergent herbicides work and which ones are the best? What about post-emergent control? Can cultural practices reduce crabgrass pressure? We have the answers: https://buff.ly/3asxUZB.,2022-02-17T11:20:02.000Z,crabgrass preemergent herbicide work one good postemergent control cultural practice reduce crabgrass pressure answer,"pest,effectiveness","neutral,positive"
1521,herbs,Robert Kallenbach,https://twitter.com/RobKallenbach,“Be mellow until the forsythia turns yellow.” A quote from @MUExtension plant pathologist Lee Miller for applying crabgrass pre-emergent herbicides to lawns. Learn more from Lee so you can have the best lawn on the block this spring: http://bit.ly/2NsnTTD #ExtendMU,2021-03-26T15:16:03.000Z,mellow forsythia turn yellow quote muextension plant pathologist lee miller apply crabgrass preemergent herbicide lawn learn lee good lawn block spring   extendmu,pest,positive
1522,herbs,SFMA,https://twitter.com/FieldExperts,#STMA member Zac Reicher recommends to hold off on herbicides for crabgrass until after green-up. http://bit.ly/1g0baOC #SportsTurf,2014-03-21T13:00:05.000Z,stma member zac reicher recommend hold herbicide crabgrass greenup   sportsturf,pest,positive
1523,herbs,Deere MachineFinder,https://twitter.com/machinefinder,Timing is key for spring #lawn care especially when it come to crabgrass pre-emergent herbicides: http://ow.ly/xygr50E9kp8 @MUExtension #Gardening #Landscaping #LawnCare,2021-03-26T14:15:05.000Z,timing key spring lawn care especially come crabgrass preemergent herbicide   muextension gardening landscaping lawncare,pest,positive
1524,herbs,Primera,https://twitter.com/PrimeraCoop,Supply Partner Spotlight: @AlbaughTurf Combination crabgrass and broadleaf herbicides aren’t used at turf seeding – because they’re tough on the seed. But SublimeTM herbicide from @AlbaughTurf  provides broad-spectrum control with minimal impact on turf emergence #primerastrong,2023-09-08T17:25:04.000Z,supply partner spotlight albaughturf combination crabgrass broadleaf herbicide use turf seeding   tough seed sublimetm herbicide albaughturf   provide broadspectrum control minimal impact turf emergence primerastrong,"pest,usage","negative,positive"
1525,herbs,backyardgardener,https://twitter.com/GardenWow,Gardening Tip:   Control Crabgrass   To control crabgrass apply pre-emergent herbicides before seeds begin to... http://fb.me/8rmk83Cqn,2017-04-12T17:03:15.000Z,gardening tip    control crabgrass    control crabgrass apply preemergent herbicide seed begin,pest,neutral
1526,herbs,Ever So Green,https://twitter.com/EverSoGreenMI,Pre-emergent herbicides are most effective when the soil reaches weed-germination temperature — 58 degrees Fahrenheit in the case of #crabgrass. Make sure you’re prepared for spring #weedcontrol: https://eversogreen.net/learnmore/2024-spring-cleaning-professional-lawn-care-howell…,2024-02-17T17:00:37.000Z,preemergent herbicide effective soil reach weedgermination temperature   58 degree fahrenheit case crabgrass make sure prepared spring weedcontrol,"effectiveness,pest","positive,neutral"
1527,herbs,Advanced Sports Turf,https://twitter.com/ATSSportsTurf,How do crabgrass pre-emergent herbicides work? What are the best product options? We address these pre-emergent questions and a few others in this blog: https://buff.ly/3GZhCHX.,2023-02-15T01:00:23.000Z,crabgrass preemergent herbicide work good product option address preemergent question blog,"pest,effectiveness","neutral,positive"
1528,herbs,LincolnHillsFrau,https://twitter.com/bayareahausfrau,@YerboutiSheik Like everything in front of my house it was overtaken by the resist to all known herbicides crabgrass! @Prindigo @mattcoe36,2013-11-09T16:06:42.000Z,yerboutisheik like everything front house overtake resist know herbicide crabgrass prindigo mattcoe36,pest,positive
1529,herbs,"MCPO, USN,63-85Taino-Afro-",https://twitter.com/gepehill1,For one generation carried forward to the next racism and white supremacy like crabgrass survives and thrives against all herbicides and pesticides.,2019-09-29T18:27:40.000Z,one generation carry forward next racism white supremacy like crabgrass survive thrive herbicide pesticide,pest,negative
1530,herbs,Ohio Turfgrass Foundation,https://twitter.com/OhioTurfgrass,@osuturf @OSU_ATI_Turf The OSU team continues to watch the Spring 2023 season developments discussing crabgrass treatment with herbicides winter annuals No Mow May promotions annual bluegrass weevil & more.,2023-04-24T16:47:52.000Z,osuturf osu_ati_turf osu team continue watch spring 2023 season development discuss crabgrass treatment herbicide winter annual mow may promotions annual bluegrass weevil  ,pest,negative
1531,viruses,Ed Rybicki,https://twitter.com/edrybicki,Heres your annual reminder that all you human and animal virus people have no idea about plant viruses. Heres about 300 mg of hyperpure brome mosaic virus dating from 1984 - probably isolated from just 300 gm of plants  Still infectious after 35 years at 4C!,2022-06-02T14:09:41.000Z,annual reminder human animal virus people idea plant virus 300 mg hyperpure brome mosaic virus date 1984   probably isolate 300 gm plant   still infectious 35 year 4c,pest,negative
1532,viruses,James Legg,https://twitter.com/jamesplegg,Whitefly Style Have a careful look at this picLower leaves mainly healthyUpper leaves yellow/twistedThis is how it looks when a whitefly infects an initially healthy plant with cassava mosaic virusesMost CMD-infected plants look like this in Thailand,2019-11-07T05:55:14.000Z,whitefly style careful look piclower leave mainly healthyupper leave yellowtwistedthis look whitefly infect initially healthy plant cassava mosaic virusesmost cmdinfecte plant look like thailand,"pest,safety","negative,negative"
1533,viruses,Francisco,https://twitter.com/ochoa_corona,Taking about Dasheen mosaic virus and the aesthetics pattern it cause in Colocasia... Valverde et al published which follows in 2012. Viruses that Enhance the Aesthetics of Some Ornamental Plants: Beauty or Beast? | Plant Disease https://apsjournals.apsnet.org/doi/10.1094/PDIS-11-11-0928-FE…,2019-07-20T12:51:06.000Z,take dasheen mosaic virus aesthetic pattern cause colocasia valverde et al publish follow 2012 virus enhance aesthetic ornamental plant beauty beast   plant disease,pest,neutral
1534,viruses,lilmisssmartyplants,https://twitter.com/ms_smartyplant,Quite the coincidence that students in Intro to Plant Path are learning about viruses this week. Tobacco mosaic virus was the first identified virus in 1982 by a plant pathologist. Like COVID19 this virus is spread easily. Except instead of coughing it’s by mechanical wounding.,2020-03-30T18:02:34.000Z,quite coincidence student intro plant path learn virus week tobacco mosaic virus first identify virus 1982 plant pathologist like covid19 virus spread easily except instead cough mechanical wounding,pest,negative
1535,viruses,Richard Kormelink,https://twitter.com/korme001,Interested in why/how #plant #viruses persistently infect plants?  Not all the answers but read about it in an interesting study on #Cucumber #Mosaic #virus infection in #Arbidopsis by Hideki Takahashi et al. in #Frontiers,2022-08-03T14:48:02.000Z,interested whyhow plant virus persistently infect plant   answer read interesting study cucumber mosaic virus infection arbidopsis hideki takahashi et al frontier,pest,neutral
1536,viruses,@AphidLady@arthropod.social,https://twitter.com/KerryMauck,Plant viruses can also change the shape and color of #fruits. These summer squash are a bit rattled by a mosaic virus but still perfectly safe to eat.,2019-07-20T21:18:16.000Z,plant virus also change shape color fruit summer squash bit rattle mosaic virus still perfectly safe eat,"pest,safety","neutral,positive"
1537,viruses,Nigerian Society for Plant Virology,https://twitter.com/NVirology,Cucumber mosaic virus was first discovered in 1934 on cucumber showing mosaic symptoms.It has the widest host range among plant viruses and has been found to infect cowpea curcubits vegetables cowpea ornamentals weeds etc. Aphids are the major vector of the virus,2019-11-15T15:19:31.000Z,cucumber mosaic virus first discover 1934 cucumber show mosaic symptomsit wide host range among plant virus find infect cowpea curcubit vegetable cowpea ornamental weed etc aphid major vector virus,pest,neutral
1538,viruses,Scien.net,https://twitter.com/Scien_net,#Scien Relationships between strains of tobacco mosaic virus and other selected plant viruses http://migre.me/ua3TG,2016-06-21T09:14:38.000Z,scien relationship strain tobacco mosaic virus select plant virus,pest,neutral
1539,viruses,James Legg,https://twitter.com/jamesplegg,Double Trouble Images from a farm near to Lake Tanganyika Western #Tanzania taken by Rudolph Shirima show symptoms of a mixed infection of cassava mosaic & cassava brown streak viruses. Double trouble since mosaic stunts the plant & brown streak attacks the roots,2019-12-14T05:50:42.000Z,double trouble image farm near lake tanganyika western tanzania take rudolph shirima show symptom mixed infection cassava mosaic   cassava brown streak virus double trouble since mosaic stunt plant   brown streak attack root,"usage,pest","negative,negative"
1541,viruses,Dr. Laura Boykin Okalebo,https://twitter.com/laura_boykin,Plant  viruses. Birth of virology - 1879- Tobacco Mosaic virus  #gab2019,2019-11-19T22:51:52.000Z,plant   viruse birth virology   1879 tobacco mosaic virus   gab2019,pest,neutral
1542,viruses,José Alberto Aguilar Briseño,https://twitter.com/Tollgrinder2,John Carrs talk about plant viruses in specific how cucumber mosaic virus induces sucesceptibility to aphids simply amazing @ECV2019 #ECV2019Rotterdam #plantviruses #virology,2019-04-30T07:17:59.000Z,john carrs talk plant virus specific cucumber mosaic virus induce sucesceptibility aphid simply amazing ecv2019 ecv2019rotterdam plantviruse virology,pest,negative
1543,viruses,Jesse Pyle,https://twitter.com/jesse_pyle,Tobacco mosaic virus and the history of #virology. Really nice article @theresakmach @SmithsonianMag brings me back to my time in Dr. Scholthof’s lab working on plant viruseshttps://smithsonianmag.com/science-nature/what-are-viruses-history-tobacco-mosaic-disease-180974480/…,2020-03-25T04:58:27.000Z,tobacco mosaic virus history virology really nice article theresakmach smithsonianmag bring I back time dr scholthofs lab work plant virus,"pest,effectiveness","neutral,positive"
1544,viruses,Sead Sabanadzovic,https://twitter.com/sejovirus,Panicum mosaic virus one of viruses @NinaAbouGhanem and I use for Plant Virology lab experiments because of:-beautiful symptoms-easily purified and stable virions-abundant dsRNAs-satellite virus-satellite RNAs etc etcThanks @MSUextPlantLab for this valuable sample!,2019-04-30T19:09:42.000Z,panicum mosaic virus one virus ninaaboughanem I use plant virology lab experiment ofbeautiful symptomseasily purified stable virionsabundant dsrnassatellite virussatellite rna etc etcthank msuextplantlab valuable sample,"pest,usage","neutral,positive"
1545,viruses,James Legg,https://twitter.com/jamesplegg,Cassava BegomovirusesCassava mosaic viruses impact 100s of millions of farmers & businesses in Africa & Asia & are causing one of the worlds biggest plant disease pandemics in SE Asia. Check out http://t.ly/yAm4 for a new summary on these viruses@IITA_CGIAR,2020-06-05T07:47:36.000Z,cassava begomovirusescassava mosaic virus impact 100s million farmer   business africa   asia   cause one world big plant disease pandemic se asia check   new summary virusesiita_cgiar,pest,negative
1546,viruses,Ed Sikora,https://twitter.com/alabamaED,Some classic virus symptoms on squash. We have 4-5 aphid transmitted mosaic-type plant viruses common in Alabama,2021-06-18T17:19:11.000Z,classic virus symptom squash 45 aphid transmit mosaictype plant virus common alabama,pest,neutral
1547,viruses,Nick Leone,https://twitter.com/Nick_Leone,Zika And Zucchini Yellow Mosaic:  Analogies Between Human- And Plant-Infecting Viruses http://ift.tt/2fa6I2o,2016-10-31T17:34:14.000Z,zika zucchini yellow mosaic   analogy human plantinfecte virus,pest,neutral
1548,viruses,Seminis Seeds-US/CA,https://twitter.com/SeminisSeeds,As a squash grower you deserve a vigorous bush plant with resistance to  and  mosaic viruses. Get yours here! http://bit.ly/2qqR48U,2017-05-27T21:39:07.000Z,squash grower deserve vigorous bush plant resistance     mosaic virus get,control methods,positive
1549,viruses,Allied Companies,https://twitter.com/AlliedAgND_,Happy #FarmFactFriday! Did you know that crops are affected by about 1000 different viruses? Some common plant viruses that affect our region are Wheat Streak Mosaic Virus Barley Yellow Dwarf Virus Soybean mosaic virus Maize Dwarf Mosaic Virus in corn!,2020-04-03T15:25:58.000Z,happy farmfactfriday know crop affect 1000 different virus common plant virus affect region wheat streak mosaic virus barley yellow dwarf virus soybean mosaic virus maize dwarf mosaic virus corn,pest,negative
1550,viruses,Black Microbiologists Association (BlackInMicro),https://twitter.com/BlackInMicro,VirusFact#4 Did you know that the first virus that was discovered was a tobacco plant virus called the Tobacco Mosaic Virus? Farmers discovered something plaguing their tobacco plants and behold! The discovery of viruses! #Virusfacts#BlackInMicro Week,2020-09-29T18:40:00.000Z,virusfact4 know first virus discover tobacco plant virus call tobacco mosaic virus farmer discover something plague tobacco plant behold discovery virus virusfactsblackinmicro week,pest,neutral
1551,viruses,Natasha Haveman,https://twitter.com/nat_sng,Success! This pepper plant have been inoculated with the Tomato Mosaic Virus! The brown spots are from the abrasion of the epidermis but the yellowing along the veins are the viruses. Now we’ll test methods to help an astronaut diagnose the pathogen. @UF_Space_Plants @Rachel_UF,2022-03-01T03:22:01.000Z,success pepper plant inoculate tomato mosaic virus brown spot abrasion epidermis yellowing along vein virus well test method help astronaut diagnose pathogen uf_space_plants rachel_uf,pest,positive
1553,viruses,"Roberto Alers-Velazquez, PhD",https://twitter.com/rmaviridae,Hi everyone!!! I am studying Plant viruses like Cauliflower mosaic virus . I have a beautiful puppers named Luna Tuna,2020-08-21T20:32:01.000Z,hi everyone I study plant virus like cauliflower mosaic virus   I beautiful pupper name luna tuna,pest,negative
1554,viruses,Karamand'r,https://twitter.com/archfyr,The doctor said I have the tobacco mosaic virus infection. Stupid Earth plant viruses. That explains the splotches on my skin chloroplasts,2016-12-30T01:20:24.000Z,doctor say I tobacco mosaic virus infection stupid earth plant virus explain splotch skin chloroplast,pest,negative
1555,viruses,Breathe California Sacramento Region,https://twitter.com/BreatheSac,Any form of tobacco smoke vaping or nicotine can impact plants and transmit viruses such as the Tobacco Mosaic Virus. These viruses are deadly for plants. All outdoor worksites including plant nurseries should be smoke-free environments! https://bit.ly/3kbp4mu,2021-02-25T17:37:02.000Z,form tobacco smoke vaping nicotine impact plant transmit virus tobacco mosaic virus virus deadly plant outdoor worksite include plant nursery smokefree environment,pest,negative
1556,viruses,NC State Plant Breeding Consortium,https://twitter.com/NCPlantBreeding,International Plant Breeding Series hosts @LeibnizWGL Dr. Samar Sheats (@SamarSheat) Zoom presentation of Identifying resistance in cassava against the viruses causing cassava mosaic and brown streak diseases on Thurs (11/10) at 11:00 am EST.Register: http://go.ncsu.edu/pbc-register,2022-11-08T17:56:18.000Z,international plant breeding series host leibnizwgl dr samar sheat samarsheat zoom presentation identify resistance cassava virus cause cassava mosaic brown streak disease thur 1110 1100 estregister,pest,neutral
1557,viruses,Wiley Plant Science,https://twitter.com/wileyplantsci,Plant viruses like Foxtail mosaic virus are transforming crop research! Learn how it offers diverse capabilities for gene silencing protein overexpression and even gene editing in this #OA @MPPjournal review  http://ow.ly/hGAh50OpoQH@BS_PP,2023-05-17T18:02:47.000Z,plant virus like foxtail mosaic virus transform crop research learn offer diverse capability gene silence protein overexpression even gene edit oa mppjournal review  ,pest,positive
1558,viruses,Anna Whitfield,https://twitter.com/aewtospo,Plant and invertebrate viruses all rolled into 1 really cool system! Maize mosaic virus and tomato spotted wilt virus. @MarlonniM and Hao Wei Teh representing NCSU @NCSU_DEPP at #ASV2022!,2022-07-19T02:50:38.000Z,plant invertebrate virus roll 1 really cool system maize mosaic virus tomato spot wilt virus marlonnim hao wei teh represent ncsu ncsu_depp asv2022,pest,positive
1559,viruses,MetaWeb3Writer,https://twitter.com/StudentsCloud,Plant Viruses: Tobacco Mosaic Virus Image Credit: USDA Plant viruses cause various types of… http://goo.gl/fb/TDBkp,2012-08-15T19:12:52.000Z,plant virus tobacco mosaic virus image credit usda plant virus cause various type,pest,neutral
1560,viruses,British Society for Plant Pathology,https://twitter.com/BS_PP,Two viruses in one plant. How do they interact with each other and the host?Pepino Mosaic Virus PEPMV strains and RNA silencing with @Mregule and @CEBAS_CSIC@MPPjournal @wileyplantsci #highlight #blog #Pepino #PlantVirus #PlantPathology #PlantDisease https://bspp.org.uk/pepino-mosaic-virus-strains-gain-the-upper-hand-via-key-genes-in-the-rna-silencing-pathway-molecular-plant-pathology-highlight/…,2022-10-07T09:21:20.000Z,two virus one plant interact hostpepino mosaic virus pepmv strain rna silence mregule cebas_csicmppjournal wileyplantsci highlight blog pepino plantvirus plantpathology plantdisease,pest,neutral
1561,viruses,"Samar Sheat, Ph.D.",https://twitter.com/SamarSheat,Here we go ....Propagation of the dual #resistant cassava lines is successfully in the go...cassava lines are moving fast forward...plant virology at its best#cassava brown streak viruses #cassava mosaic viruses @DrStephanWinte1 @Leibniz_DSMZ_en @NextGenCassava @XiaofeiZhangcn,2021-04-28T16:40:01.000Z,go propagation dual resistant cassava line successfully gocassava line move fast forwardplant virology bestcassava brown streak virus cassava mosaic viruse drstephanwinte1 leibniz_dsmz_en nextgencassava xiaofeizhangcn,pest,positive
1562,viruses,MicrobesInfect,https://twitter.com/MicrobesInfect,#Zika And Zucchini Yellow Mosaic: Analogies Between Human- And Plant-Infecting Viruses http://growingproduce.com/vegetables/zika-and-zucchini-yellow-mosaic-analogies-between-human-and-plant-infecting-viruses/…,2016-11-02T05:02:18.000Z,zika zucchini yellow mosaic analogy human plantinfecte virus,pest,neutral
1563,viruses,LIVEEDGES,https://twitter.com/LiveEdges,#Zika And Zucchini Yellow Mosaic: Analogies Between Human- And Plant-Infecting Viruses http://bit.ly/2eypT5W VIA…,2016-11-02T05:02:42.000Z,zika zucchini yellow mosaic analogy human plantinfecte virus   via,pest,neutral
1564,viruses,Sustainable Gardening and Living,https://twitter.com/SustGardLiving,Zika And Zucchini Yellow Mosaic: Analogies Between Human- And Plant-Infecting Viruses http://dlvr.it/MYzMMD,2016-10-31T18:53:05.000Z,zika zucchini yellow mosaic analogy human plantinfecte virus,pest,neutral
1565,viruses,Chih-Horng Kuo (郭志鴻),https://twitter.com/ChihHorngKuo,The grand finale of 2023 @IPMBSinica Spotlight Seminars on Plant Viruses by our Distinguished Research Fellow Dr. Na-Sheng Lin.It is amazing how she dedicated >30 yrs to study bamboo mosaic virus and accomplished so much also for being a role model for several other aspects.,2023-11-22T14:30:21.000Z,grand finale 2023 ipmbsinica spotlight seminar plant virus distinguished research fellow dr nasheng linit amazing dedicate 30 yrs study bamboo mosaic virus accomplish much also role model several aspect,pest,positive
1566,viruses,Ryan Markus Whittick,https://twitter.com/RyanWhittick,The tobacco mosaic viruses  only infect the tobacco plant,2021-04-03T14:11:06.000Z,tobacco mosaic virus   infect tobacco plant,pest,neutral
1568,viruses,ARC South Africa,https://twitter.com/ARCSouthAfrica,ARC launches locally produced ELISA kits for the detection of Tomato Spotted Wilt Virus (TSWV) and Cucumber Mosaic Virus (CMV) plant viruses! Read more - http://bit.ly/AgriMedia61 and email Virology@arc.agric.za to place your order.,2019-09-12T12:34:48.000Z,arc launch locally produce elisa kit detection tomato spot wilt virus tswv cucumber mosaic virus cmv plant virus read    email virologyarcagricza place order,control methods,positive
1570,viruses,Biosciences for Africa (B4A) Hub,https://twitter.com/BecAHub,Gaby Chavez of @AuburnU on Plant-Microbe-Insect interactions in cassava mosaic viruses @BecAHub with @NCState @JohnInnesCentre,2017-07-05T08:07:18.000Z,gaby chavez auburnu plantmicrobeinsect interaction cassava mosaic viruse becahub ncstate johninnescentre,overall,neutral
1571,viruses,Lomonossoff Lab,https://twitter.com/Lomonossoff_Lab,Hot off the press! Turning plant viruses into metallic nanowires: Production of Metallic Alloy Nanowires and Particles Templated Using Tomato Mosaic Virus (ToMV) in @Nano_MDPI Congratulations to all involved especially Sachin for all his hard work!,2023-10-05T09:00:06.000Z,hot press turn plant virus metallic nanowire production metallic alloy nanowire particle template use tomato mosaic virus tomv nano_mdpi congratulation involve especially sachin hard work,"pest,usage,effectiveness","neutral,positive,positive"
1573,viruses,"Harshvardhan Gaikwad, PhD",https://twitter.com/harshvardhangai,Hello! I am PhD student in plant pathology. Interested about Plant viruses esp. Mungbean Yellow Mosaic India Virus (MYMIV).,2020-07-25T19:27:07.000Z,hello I phd student plant pathology interested plant virus esp mungbean yellow mosaic india virus mymiv,pest,neutral
1574,viruses,Paul Holloway,https://twitter.com/pjholloway,No tobacco mosaic? How do you explain the early work with tobacco mosaic and related plant viruses? I cant see any other explanation for their findings can you?,2023-08-31T11:25:07.000Z,tobacco mosaic explain early work tobacco mosaic related plant virus I see explanation finding,"effectiveness,pest","positive,neutral"
1575,viruses,Ricardo A. Azevedo,https://twitter.com/RicardoAAzeved2,Annals of Applied Biology - NEW exciting  articles on the section: Descriptions of Plant Viruses. Free Access for 2 months. Turnip mosaic virus a virus for all seasons. Nellist et al. 2022,2022-02-14T11:15:40.000Z,annal apply biology   new exciting   article section description plant virus free access 2 month turnip mosaic virus virus season nellist et al 2022,pest,positive
1576,viruses,Masayoshi Hashimoto,https://twitter.com/masayoshihs,A comprehensive review by Ken Komatsu @TUAT_all and John Hammond @USDA on a plant virus termed plantago asiatica mosaic virus which is one of my favorite plant pathogens and I had been working on. Must read if interested in plant viruses!!,2022-07-21T01:18:12.000Z,comprehensive review ken komatsu tuat_all john hammond usda plant virus term plantago asiatica mosaic virus one favorite plant pathogen I work must read interested plant virus,"pest,effectiveness","neutral,positive"
1577,viruses,GaryFoster,https://twitter.com/Prof_GD_Foster,Plant Viruses DO NOT infect humans !!! Tobacco Mosaic Virus in the Lungs of Mice following Intra-Tracheal Inoculation http://dx.plos.org/10.1371/journal.pone.0054993…,2013-02-12T08:30:33.000Z,plant virus infect human   tobacco mosaic virus lung mouse follow intratracheal inoculation,pest,negative
1578,viruses,Leibniz-Institut DSMZ,https://twitter.com/Leibniz_DSMZ_en,Picture of the week: Food crops infected with plant viruses - zucchini yellow mosaic virus in squash - do not... http://fb.me/20xenkojF,2012-08-30T13:19:37.000Z,picture week food crop infect plant virus   zucchini yellow mosaic virus squash  ,pest,negative
1579,viruses,potatoes.news,https://twitter.com/potatosystem1,UnderstandingMosaicViruses: The Implications of the Cauliflower Mosaic Virus#planthealth #cropproduction #mosaicvirus #cauliflowermosaicvirus #foodsecurity #managementpractices #geneticresistance Mosaic viruses are plant diseases that can severely affe...https://vegetables.news/understandingmosaicviruses-the-implications-of-the-cauliflower-mosaic-virus/agrotechnology/…,2023-04-28T05:14:13.000Z,understandingmosaicviruse implication cauliflower mosaic virusplanthealth cropproduction mosaicvirus cauliflowermosaicvirus foodsecurity managementpractice geneticresistance mosaic virus plant disease severely affe,pest,neutral
1580,viruses,Dr Joe Roberts,https://twitter.com/Dr_Joe_Roberts,In the UK the pea aphid is considered a moderate pest of peas that only occasionally causes major damage.When it does occur economic damage arises from direct feeding damage to the plants growing point or through transmission of > 30 viruses including pea enation mosaic.,2020-03-06T18:02:56.000Z,uk pea aphid consider moderate pest pea occasionally cause major damagewhen occur economic damage arise direct feeding damage plant grow point transmission   30 virus include pea enation mosaic,"pest,toxicity","neutral,negative"
1581,viruses,Fabrice Leclerc,https://twitter.com/rnomics,Viruses Vol. 10 Pages 472: Identification of the Potential Virulence Factors and #RNA Silencing Suppressors of Mulberry Mosaic Dwarf-Associated Geminivirus: Plant viruses encode virulence factors or #RNA silencing suppressors to reprogram plant… http://bit.ly/2NdDEf5,2018-09-03T13:58:05.000Z,virus vol 10 page 472 identification potential virulence factor rna silence suppressor mulberry mosaic dwarfassociate geminivirus plant virus encode virulence factor rna silence suppressor reprogram plant,pest,neutral
1582,viruses,Paul Holloway,https://twitter.com/pjholloway,If you inoculate a tobacco plant with tobacco mosaic viruses it gets the disease. If you inject it with the viral genetic material and viral proteins not combined into a viral particle it doesnt get the disease.,2023-08-08T20:45:56.000Z,inoculate tobacco plant tobacco mosaic virus get disease inject viral genetic material viral protein combine viral particle get disease,control methods,neutral
1583,viruses,Out For Delivery,https://twitter.com/JimBoston2014,Has anyone looked at Cassava Mosaic Disease or other plant viruses as being the initial virus morphed into #Ebola,2019-09-14T14:01:06.000Z,anyone look cassava mosaic disease plant virus initial virus morph ebola,pest,neutral
1584,viruses,Clovis Sangrail,https://twitter.com/ClovisSangrail4,Viruses are cool (the ones that dont kill us anyway which is most of them).There are plant viruses like this:  Tobacco mosaic virus ...infects a wide range of plants especially tobacco and other members of family Solanaceae.Phages infect bacteria.  Possible medicine.,2020-12-24T19:42:00.000Z,virus cool one kill anyway themthere plant virus like   tobacco mosaic virus infect wide range plant especially tobacco member family solanaceaephage infect bacteria   possible medicine,pest,positive
1585,viruses,Candice Stone,https://twitter.com/CandiceStone,Scientists are using genomic data to identify traits for breeding cassava by screening for markers that predict a plant’s resistance to mosaic viruses & traits such as leaf color & amount of edible starch. #agrigenomics https://lnkd.in/g-AfnHs,2019-01-11T18:40:47.000Z,scientist use genomic datum identify trait breed cassava screen marker predict plant resistance mosaic virus   trait leaf color   amount edible starch agrigenomic,control methods,positive
1586,viruses,Paul Rivarez,https://twitter.com/ViromeHunter,Olsthoorn R.C.L. Owen C.A. & Livieratos I.C. Role of an RNA pseudoknot involving the polyA tail in replication of Pepino mosaic potexvirus and related plant viruses. Sci Rep 12 11532 (2022). https://doi.org/10.1038/s41598-022-15598-5…,2022-07-12T20:35:38.000Z,olsthoorn rcl owen   livieratos ic role rna pseudoknot involve polya tail replication pepino mosaic potexvirus related plant virus sci rep 12 11532 2022,pest,neutral
1587,viruses,Kremser Mariana,https://twitter.com/KremserMariana1,chickenpox and zoster (herpes viruses).Plant viruses often manifest themselves through changes in color and shape necrosis and fertility disordersSome V. caused by plant viruses and their pathogens are leaf roll disease of potatoes (luteovirus) cucumber mosaic (curcumovirus),2021-11-25T19:22:53.000Z,chickenpox zoster herpe virusesplant virus often manifest change color shape necrosis fertility disorderssome v cause plant virus pathogen leaf roll disease potato luteovirus cucumber mosaic curcumovirus,pest,neutral
1588,viruses,GSAJournals,https://twitter.com/GsaJournals,A comparative study of red clover vein mosaic virus and some other plant viruses http://dlvr.it/SZsbZM,2022-10-11T06:36:03.000Z,comparative study red clover vein mosaic virus plant virus,pest,neutral
1589,viruses,Will,https://twitter.com/Will95656164,Systemic symptoms of plant viruses:- Stunting of growth dwarfism in plants- Mosaic patterns- Yellow veins- Necrotic death of the plant- Growth abnormalities,2021-07-17T05:55:18.000Z,systemic symptom plant virus stunting growth dwarfism plant mosaic pattern yellow vein necrotic death plant growth abnormality,pest,neutral
1590,viruses,Paul Holloway,https://twitter.com/pjholloway,What are you talking about? Viruses exist and have been observed in nature. You can filter and centrifuge  tobacco mosaic viruses from an infected plant crystallize them see them with the naked eye or light microscopy and analyze them using x-ray diffraction.,2023-08-10T16:07:01.000Z,talk virus exist observe nature filter centrifuge   tobacco mosaic virus infected plant crystallize see naked eye light microscopy analyze use xray diffraction,"pest,usage","neutral,positive"
1591,viruses,attilacsordas,https://twitter.com/attilacsordas,some unexpected accelerants of bone growth: plant viruses Turnip yellow mosaic virus and Tobacco mosaic virus http://sciencedaily.com/releases/2012/06/120625100915.htm…,2012-06-27T14:40:42.000Z,unexpected accelerant bone growth plant virus turnip yellow mosaic virus tobacco mosaic virus,pest,neutral
1592,viruses,Frontiers - Plant Science,https://twitter.com/FrontPlantSci,New Research: Sugarcane mosaic virus orchestrates the lactate fermentation pathway to support its successful infection: Viruses often establish their own infection by altering host metabolism. How viruses co-opt plant metabolism… https://frontiersin.org/articles/10.3389/fpls.2022.1099362?utm_source=S-TWT&utm_medium=SNET&utm_campaign=ECO_FPLS_XXXXXXXX_auto-dlvrit… #PlantScience #PlantSci,2023-01-09T06:03:03.000Z,new research sugarcane mosaic virus orchestrate lactate fermentation pathway support successful infection virus often establish infection alter host metabolism virus coopt plant metabolism   plantscience plantsci,pest,neutral
1593,viruses,MyJournals,https://twitter.com/myjournals,Development of expression vectors based on pepino mosaic virus: Background:Plant viruses are useful expression ... http://bit.ly/iivcRS,2011-03-11T10:54:19.000Z,development expression vector base pepino mosaic virus backgroundplant virus useful expression  ,pest,neutral
1594,viruses,GaryFoster,https://twitter.com/Prof_GD_Foster,That’s the whole point. I work with bacteria and fungi as well and I’ve watched the ongoing taxonomic carnage whilst also watching the calm and sense of plant viruses. Tobacco mosaic virus has been such since 1892 and will continue to be until 3892 if I can.,2020-01-25T16:43:06.000Z,whole point I work bacteria fungus well I watch ongoing taxonomic carnage whilst also watch calm sense plant virus tobacco mosaic virus since 1892 continue 3892 I,"effectiveness,pest","positive,neutral"
1595,viruses,Burki,https://twitter.com/Burki677,We only saw the mosaic happens on plants.“Unlike animal viruses plant viruses cannot replicate in humans or other animals largely due to the lack of specific receptors for recognition and entry into host cells” they reference other studies here.,2023-03-28T19:18:40.000Z,see mosaic happen plantsunlike animal virus plant virus replicate human animal largely due lack specific receptor recognition entry host cell reference study,pest,positive
1596,viruses,Jizzy Mcguire,https://twitter.com/MigilsRPG,Plant virusesClerodendrum golden mosaic China virus a virus that causes mosaic disease in plantsTomato leaf curl China virus a virus from Guangxi ChinaTomato yellow leaf curl China virus a Chinese Begomovirus,2020-06-22T16:58:12.000Z,plant virusesclerodendrum golden mosaic china virus virus cause mosaic disease plantstomato leaf curl china virus virus guangxi chinatomato yellow leaf curl china virus chinese begomovirus,pest,neutral
1597,viruses,Insect Microbiome,https://twitter.com/insect_microbes,Pharmacological analysis of transmission activation of two aphid-vectored plant viruses turnip mosaic virus and cauliflower mosaic virus. http://dlvr.it/RkH43y,2020-10-25T01:28:02.000Z,pharmacological analysis transmission activation two aphidvectored plant virus turnip mosaic virus cauliflower mosaic virus,pest,neutral
1598,viruses,Frontiers - Plant Science,https://twitter.com/FrontPlantSci,New Research: Chitosan oligosaccharide as a plant immune inducer on the Passiflora spp. (passion fruit) CMV disease: Cucumber mosaic virus (CMV) one of the main viruses is responsible for Passiflora spp. (passion fruit) virus… https://frontiersin.org/articles/10.3389/fpls.2023.1131766?utm_source=S-TWT&utm_medium=SNET&utm_campaign=ECO_FPLS_XXXXXXXX_auto-dlvrit… #PlantScience #PlantSci,2023-02-06T06:02:33.000Z,new research chitosan oligosaccharide plant immune inducer passiflora spp passion fruit cmv disease cucumber mosaic virus cmv one main virus responsible passiflora spp passion fruit virus   plantscience plantsci,control methods,positive
1599,viruses,Pawan,https://twitter.com/PawanDulal,Interesting both of them are plant & mosaic viruses. R there unstable Plant viruses? animal viruses r heat labile arent they?,2016-08-01T10:29:54.000Z,interesting plant   mosaic virus r unstable plant virus animal virus r heat labile,pest,neutral
1600,viruses,Christopher Johnson,https://twitter.com/ChrisJohnsonMD,Worse than that. He probably thinks all viruses are alike (after all -- its right in the name!) and behave in a similar fashion. Rabies herpes smallpox etc plant viruses like tobacco mosaic virus bacteriophages . . . His proud ignorance is quite remarkable.,2021-11-10T23:28:39.000Z,bad probably think virus alike   right name behave similar fashion rabie herpe smallpox etc plant virus like tobacco mosaic virus bacteriophage     proud ignorance quite remarkable,pest,negative
1601,viruses,Karamand'r,https://twitter.com/archfyr,I have the infection of tobacco mosaic virus. Your stupid Earth plant viruses are affecting me. *cough*,2016-12-30T03:06:08.000Z,I infection tobacco mosaic virus stupid earth plant virus affect I cough,pest,negative
1602,viruses,Prathamesh Sonawane,https://twitter.com/Prathameshh_s,Cucumber Mosaic Virus (CMV):Bromoviridae family most widespread plant viruses.Affecting crops cucumber melon eggplant tomato carrot lettuce celery cucurbits and some ornamental plants.The virus was first identified in cucumber plants in 1934.(4/5),2023-07-10T10:54:29.000Z,cucumber mosaic virus cmvbromoviridae family widespread plant virusesaffecte crop cucumber melon eggplant tomato carrot lettuce celery cucurbit ornamental plantsthe virus first identify cucumber plant 193445,pest,neutral
1603,viruses,Dr Joe Roberts,https://twitter.com/Dr_Joe_Roberts,Mealy cabbage aphid is a major pest on broccoli cabbage cauliflower kohl rabi radish and swede. Crop damage primarily arises through feeding damage that causes weakened or stunted plants. They are also known to vector ~ 20 plant viruses including Turnip mosaic virus.,2020-03-09T18:11:55.000Z,mealy cabbage aphid major pest broccoli cabbage cauliflower kohl rabi radish swede crop damage primarily arise feed damage cause weaken stunt plant also know vector   20 plant virus include turnip mosaic virus,"pest,toxicity","negative,negative"
1604,viruses,Mike Shintaku,https://twitter.com/mhshintaku,Theres a tin of Copenhagen chewing tobacco in our lab freezer >25 years old.  Crush some in water rub it on a tobacco leaf and that plant will get tobacco mosaic disease.  Some viruses are sturdy!  While they can kill you  coronaviruses are comparatively fragile,2020-03-25T07:00:45.000Z,tin copenhagen chew tobacco lab freezer 25 year old   crush water rub tobacco leaf plant get tobacco mosaic disease   virus sturdy   kill   coronaviruse comparatively fragile,pest,neutral
1605,viruses,NSW DPI Agronomy,https://twitter.com/NSWDPI_AGRONOMY,Seen lupins like this in your crop?=Cucumber mosaic virus (CMV)=is seed borne (aka not good for planting)Worried? Send us your plant samples & seed @ harvest.More infoManaging viruses in pulse cropshttps://dpi.nsw.gov.au/__data/assets/pdf_file/0005/1299965/Managing-viruses-in-pulse-crops-in-2021.pdf…@nswdpi @GRDCNorth @theGRDC @vanleurj,2023-09-17T21:45:00.000Z,see lupin like cropcucumber mosaic virus cmvis seed bear aka good plantingworrie send plant sample   seed   harvestmore infomanage virus pulse crop grdcnorth thegrdc vanleurj,pest,negative
1606,viruses,Craig Morton,https://twitter.com/_DrCJM_,And all the tests and experiments and controlled studies were done. Bacteriophage were identified. Plant viruses like tobacco mosaic virus were identified. These were easier because the disease they caused was simple to show. Then animal viruses were identified.2/2,2021-03-20T04:06:51.000Z,test experiment control study bacteriophage identify plant virus like tobacco mosaic virus identify easy disease cause simple show animal virus identified22,pest,neutral
1607,viruses,Mark B.,https://twitter.com/Maro2Bear,Looks like some kind of mosaic virus.  My fig trees often had.A mosaic virus is any virus that causes infected plant foliage to have a mottled appearance. Such viruses come from a variety of unrelated lineages and consequently there is no taxon that unites all mosaic viruses.,2022-06-06T21:03:19.000Z,look like kind mosaic virus   fig tree often hada mosaic virus virus cause infected plant foliage mottled appearance virus come variety unrelated lineage consequently taxon unite mosaic virus,pest,negative
1608,viruses,No Such Thing as Too Many Cycles,https://twitter.com/TakethatCt,Wait what?Do you think bacteriophage exist?How about plant viruses (Tobacco mosaic for example)?,2021-10-10T13:46:50.000Z,wait whatdo think bacteriophage existhow plant virus tobacco mosaic example,pest,neutral
1609,viruses,Cab (https://toot.bike/@cabd) #FBPE #NAFO,https://twitter.com/gnomeicide,A plant is what TMV was isolated from from a wild plant. It is found alongside other mosaic viruses very frequently in nature. Its passage from one plant to another has been shown in the field and in the lab. If not a virus what is that particle?,2021-09-30T13:13:29.000Z,plant tmv isolate wild plant find alongside mosaic virus frequently nature passage one plant another show field lab virus particle,pest,neutral
1610,viruses,"Really_Bad_At_Names, Good at Science",https://twitter.com/25_cycle,So youre saying the viruses that we discovered before we had computer sequencing were real but everything after that arent?The first plant viruses were identified before 1900 what computer modelled the Tobacco Mosaic virus?,2023-04-19T20:51:03.000Z,say virus discover computer sequence real everything arentthe first plant virus identify 1900 computer model tobacco mosaic virus,pest,neutral
1611,viruses,eugyppius,https://twitter.com/eugyppius1,because bacteria were insufficient to explain all observed transmissible pathogens and we also see that in vivo transmissibility was absolutely central to the discovery of submicroscopic viruses. Only by causing mosaic disease in healthy plants ...,2020-05-06T17:39:57.000Z,bacteria insufficient explain observed transmissible pathogen also see vivo transmissibility absolutely central discovery submicroscopic virus cause mosaic disease healthy plant,"pest,safety","neutral,positive"
1612,viruses,Daily Trust,https://twitter.com/daily_trust,A Plant Virologist Prof. Lava Kumar said on Tuesday that some viruses such as cassava mosaic maize streak and cassava brown streak have been established to constitute major threats to food security in Sub-Saharan Africa.Read more: https://dailytrust.com.ng/new-plant-viruses-constitute-major-threats-to-food-security-virologist.html…,2019-10-31T05:10:41.000Z,plant virologist prof lava kumar say tuesday virus cassava mosaic maize streak cassava brown streak establish constitute major threat food security subsaharan africaread,pest,negative
1613,viruses,BRULab UCT,https://twitter.com/BruLabUCT,Cauliflower mosaic! One of only two groups of dsDNA plant viruses only two major groups of pararetroviruses and supplier of the most widely used promoter in plant biotechnology.,2022-04-05T09:02:21.000Z,cauliflower mosaic one two group dsdna plant viruse two major group pararetroviruse supplier widely use promoter plant biotechnology,usage,positive
1616,viruses,Thomas Zinnen,https://twitter.com/tmzinnen,Robert Koch called.  Didn’t leaf a message.Nice description of mechanical inoculation of plant viruses.  Tobacco mosaic virus on to primary leaves of Pinto bean was my fave.  After rubbing plants washing hands w/ Ivory soap suffices to keep TMV from spreading unintentionally,2023-07-21T19:35:48.000Z,robert koch call   leaf messagenice description mechanical inoculation plant virus   tobacco mosaic virus primary leave pinto bean fave   rub plant wash hand w ivory soap suffice keep tmv spread unintentionally,control methods,positive
